model_name,sample_idx,method,tree_idx,tree,num_contexts,likelihood,opt
model1, 0, seqROCTM, 0, 000000 100000 10000 001000 101000 000100 100100 10100 000010 100010 10010 001010 101010 1 , 14, -6710.4346, 0
model1, 0, seqROCTM, 1, 000000 100000 10000 001000 101000 000100 100100 10100 000010 100010 10010 1010 1 , 13, -6710.4369, 0
model1, 0, seqROCTM, 2, 000000 100000 10000 001000 101000 000100 100100 10100 10 1 , 10, -6711.1678, 0
model1, 0, seqROCTM, 3, 000000 100000 10000 001000 101000 100 10 1 , 8, -6711.7781, 0
model1, 0, seqROCTM, 4, 000000 100000 10000 1000 100 10 1 , 7, -6712.1064, 0
model1, 0, seqROCTM, 5, 000 100 10 1 , 4, -6713.8727, 1
model1, 0, seqROCTM, 6, 00 10 1 , 3, -6725.2392, 0
model1, 0, seqROCTM, 7, 0 1 , 2, -6787.1139, 0
model1, 0, seqROCTM, 8, , 0, -13612.2544, 0
model1, 1, seqROCTM, 0, 000000 100000 10000 001000 101000 000100 100100 10100 000010 100010 10010 001010 101010 1 , 14, -6846.2011, 0
model1, 1, seqROCTM, 1, 000000 100000 10000 001000 101000 00100 10100 000010 100010 10010 001010 101010 1 , 13, -6846.255, 0
model1, 1, seqROCTM, 2, 00000 10000 001000 101000 00100 10100 000010 100010 10010 001010 101010 1 , 12, -6846.3268, 0
model1, 1, seqROCTM, 3, 00000 10000 1000 00100 10100 000010 100010 10010 001010 101010 1 , 11, -6846.4091, 0
model1, 1, seqROCTM, 4, 00000 10000 1000 00100 10100 0010 001010 101010 1 , 9, -6847.5862, 0
model1, 1, seqROCTM, 5, 000 00100 10100 0010 001010 101010 1 , 7, -6848.7608, 0
model1, 1, seqROCTM, 6, 00 0010 001010 101010 1 , 5, -6852.2765, 0
model1, 1, seqROCTM, 7, 00 10 1 , 3, -6854.7125, 1
model1, 1, seqROCTM, 8, 0 1 , 2, -6899.4444, 0
model1, 1, seqROCTM, 9, , 0, -13596.0644, 0
model1, 2, seqROCTM, 0, 000000 100000 10000 001000 101000 000100 100100 10100 000010 100010 10010 001010 101010 1 , 14, -6800.9637, 0
model1, 2, seqROCTM, 1, 000000 100000 10000 001000 101000 000100 100100 10100 00010 10010 001010 101010 1 , 13, -6800.9732, 0
model1, 2, seqROCTM, 2, 00000 10000 001000 101000 000100 100100 10100 00010 10010 001010 101010 1 , 12, -6801.0475, 0
model1, 2, seqROCTM, 3, 00000 10000 001000 101000 00100 10100 00010 10010 001010 101010 1 , 11, -6801.1285, 0
model1, 2, seqROCTM, 4, 00000 10000 001000 101000 100 00010 10010 001010 101010 1 , 10, -6801.2436, 0
model1, 2, seqROCTM, 5, 00000 10000 001000 101000 100 0010 001010 101010 1 , 9, -6801.4009, 0
model1, 2, seqROCTM, 6, 00000 10000 001000 101000 100 10 1 , 7, -6802.5676, 0
model1, 2, seqROCTM, 7, 000 100 10 1 , 4, -6806.6906, 1
model1, 2, seqROCTM, 8, 00 10 1 , 3, -6815.5268, 0
model1, 2, seqROCTM, 9, 0 1 , 2, -6866.0804, 0
model1, 2, seqROCTM, 10, , 0, -13600.9753, 0
model1, 3, seqROCTM, 0, 000000 100000 10000 001000 101000 000100 100100 10100 000010 100010 10010 001010 101010 1 , 14, -6841.4615, 0
model1, 3, seqROCTM, 1, 00000 10000 001000 101000 000100 100100 10100 000010 100010 10010 001010 101010 1 , 13, -6841.4626, 0
model1, 3, seqROCTM, 2, 00000 10000 001000 101000 000100 100100 10100 0010 001010 101010 1 , 11, -6841.4924, 0
model1, 3, seqROCTM, 3, 00000 10000 1000 000100 100100 10100 0010 001010 101010 1 , 10, -6841.7936, 0
model1, 3, seqROCTM, 4, 0000 1000 000100 100100 10100 0010 001010 101010 1 , 9, -6841.8285, 0
model1, 3, seqROCTM, 5, 0000 1000 100 0010 001010 101010 1 , 7, -6843.7457, 0
model1, 3, seqROCTM, 6, 0000 1000 100 10 1 , 5, -6845.6123, 1
model1, 3, seqROCTM, 7, 000 100 10 1 , 4, -6848.0061, 0
model1, 3, seqROCTM, 8, 00 10 1 , 3, -6853.0379, 0
model1, 3, seqROCTM, 9, 0 1 , 2, -6895.9565, 0
model1, 3, seqROCTM, 10, , 0, -13596.7219, 0
model1, 4, seqROCTM, 0, 000000 100000 10000 001000 101000 000100 100100 10100 000010 100010 10010 001010 101010 1 , 14, -6756.1462, 0
model1, 4, seqROCTM, 1, 00000 10000 001000 101000 000100 100100 10100 000010 100010 10010 001010 101010 1 , 13, -6756.1474, 0
model1, 4, seqROCTM, 2, 0000 001000 101000 000100 100100 10100 000010 100010 10010 001010 101010 1 , 12, -6756.1763, 0
model1, 4, seqROCTM, 3, 0000 001000 101000 100 000010 100010 10010 001010 101010 1 , 10, -6756.4793, 0
model1, 4, seqROCTM, 4, 0000 001000 101000 100 00010 10010 001010 101010 1 , 9, -6757.8515, 0
model1, 4, seqROCTM, 5, 000 100 00010 10010 001010 101010 1 , 7, -6758.5956, 0
model1, 4, seqROCTM, 6, 000 100 0010 001010 101010 1 , 6, -6758.8674, 0
model1, 4, seqROCTM, 7, 000 100 10 1 , 4, -6759.8945, 1
model1, 4, seqROCTM, 8, 00 10 1 , 3, -6764.5144, 0
model1, 4, seqROCTM, 9, 0 1 , 2, -6800.7631, 0
model1, 4, seqROCTM, 10, , 0, -13610.3387, 0
model1, 5, seqROCTM, 0, 000000 100000 10000 001000 101000 000100 100100 10100 000010 100010 10010 001010 101010 1 , 14, -6707.4686, 0
model1, 5, seqROCTM, 1, 00000 10000 001000 101000 000100 100100 10100 000010 100010 10010 001010 101010 1 , 13, -6707.4756, 0
model1, 5, seqROCTM, 2, 0000 001000 101000 000100 100100 10100 000010 100010 10010 001010 101010 1 , 12, -6707.5609, 0
model1, 5, seqROCTM, 3, 0000 001000 101000 00100 10100 000010 100010 10010 001010 101010 1 , 11, -6707.6799, 0
model1, 5, seqROCTM, 4, 0000 001000 101000 00100 10100 000010 100010 10010 1010 1 , 10, -6707.799, 0
model1, 5, seqROCTM, 5, 0000 001000 101000 00100 10100 10 1 , 7, -6710.0958, 0
model1, 5, seqROCTM, 6, 0000 001000 101000 100 10 1 , 6, -6710.8026, 0
model1, 5, seqROCTM, 7, 000 100 10 1 , 4, -6713.3817, 1
model1, 5, seqROCTM, 8, 00 10 1 , 3, -6718.7641, 0
model1, 5, seqROCTM, 9, 0 1 , 2, -6755.0839, 0
model1, 5, seqROCTM, 10, , 0, -13616.6957, 0
model1, 6, seqROCTM, 0, 000000 100000 10000 001000 101000 000100 100100 10100 000010 100010 10010 001010 101010 1 , 14, -6837.5774, 0
model1, 6, seqROCTM, 1, 000000 100000 10000 001000 101000 000100 100100 10100 0010 001010 101010 1 , 12, -6837.8131, 0
model1, 6, seqROCTM, 2, 000000 100000 10000 1000 000100 100100 10100 0010 001010 101010 1 , 11, -6838.0519, 0
model1, 6, seqROCTM, 3, 000000 100000 10000 1000 000100 100100 10100 10 1 , 9, -6839.8609, 0
model1, 6, seqROCTM, 4, 00000 10000 1000 000100 100100 10100 10 1 , 8, -6840.2039, 0
model1, 6, seqROCTM, 5, 000 000100 100100 10100 10 1 , 6, -6840.9317, 0
model1, 6, seqROCTM, 6, 000 100 10 1 , 4, -6842.3288, 1
model1, 6, seqROCTM, 7, 00 10 1 , 3, -6850.2365, 0
model1, 6, seqROCTM, 8, 0 1 , 2, -6911.4416, 0
model1, 6, seqROCTM, 9, , 0, -13594.4172, 0
model1, 7, seqROCTM, 0, 000000 100000 10000 001000 101000 000100 100100 10100 000010 100010 10010 001010 101010 1 , 14, -6726.5212, 0
model1, 7, seqROCTM, 1, 000000 100000 10000 001000 101000 000100 100100 10100 000010 100010 10010 1010 1 , 13, -6726.5598, 0
model1, 7, seqROCTM, 2, 000000 100000 10000 1000 000100 100100 10100 000010 100010 10010 1010 1 , 12, -6726.8623, 0
model1, 7, seqROCTM, 3, 000000 100000 10000 1000 000100 100100 10100 0010 1010 1 , 10, -6728.0832, 0
model1, 7, seqROCTM, 4, 000 000100 100100 10100 0010 1010 1 , 7, -6729.7379, 0
model1, 7, seqROCTM, 5, 000 000100 100100 10100 10 1 , 6, -6730.6759, 0
model1, 7, seqROCTM, 6, 000 00100 10100 10 1 , 5, -6732.1452, 0
model1, 7, seqROCTM, 7, 000 100 10 1 , 4, -6734.0881, 1
model1, 7, seqROCTM, 8, 00 10 1 , 3, -6739.3152, 0
model1, 7, seqROCTM, 9, 0 1 , 2, -6782.5538, 0
model1, 7, seqROCTM, 10, , 0, -13612.8914, 0
model1, 8, seqROCTM, 0, 000000 100000 10000 001000 101000 000100 100100 10100 000010 100010 10010 001010 101010 1 , 14, -6596.9365, 0
model1, 8, seqROCTM, 1, 0000 001000 101000 000100 100100 10100 000010 100010 10010 001010 101010 1 , 12, -6597.3195, 0
model1, 8, seqROCTM, 2, 0000 001000 101000 000100 100100 10100 000010 100010 10010 1010 1 , 11, -6597.5137, 0
model1, 8, seqROCTM, 3, 0000 001000 101000 100 000010 100010 10010 1010 1 , 9, -6600.3237, 0
model1, 8, seqROCTM, 4, 0000 001000 101000 100 10 1 , 6, -6606.2231, 0
model1, 8, seqROCTM, 5, 000 100 10 1 , 4, -6610.0795, 1
model1, 8, seqROCTM, 6, 00 10 1 , 3, -6613.7849, 0
model1, 8, seqROCTM, 7, 0 1 , 2, -6660.8191, 0
model1, 8, seqROCTM, 8, , 0, -13629.4712, 0
model1, 9, seqROCTM, 0, 000000 100000 10000 001000 101000 000100 100100 10100 000010 100010 10010 001010 101010 1 , 14, -6727.1848, 0
model1, 9, seqROCTM, 1, 000000 100000 10000 001000 101000 00100 10100 000010 100010 10010 001010 101010 1 , 13, -6727.1898, 0
model1, 9, seqROCTM, 2, 000000 100000 10000 001000 101000 00100 10100 000010 100010 10010 1010 1 , 12, -6727.2206, 0
model1, 9, seqROCTM, 3, 00000 10000 001000 101000 00100 10100 000010 100010 10010 1010 1 , 11, -6727.3745, 0
model1, 9, seqROCTM, 4, 00000 10000 1000 00100 10100 000010 100010 10010 1010 1 , 10, -6727.536, 0
model1, 9, seqROCTM, 5, 000 00100 10100 000010 100010 10010 1010 1 , 8, -6729.9835, 0
model1, 9, seqROCTM, 6, 000 100 000010 100010 10010 1010 1 , 7, -6730.6453, 0
model1, 9, seqROCTM, 7, 000 100 10 1 , 4, -6733.2135, 1
model1, 9, seqROCTM, 8, 00 10 1 , 3, -6739.9737, 0
model1, 9, seqROCTM, 9, 0 1 , 2, -6797.1953, 0
model1, 9, seqROCTM, 10, , 0, -13610.6585, 0
model1, 10, seqROCTM, 0, 000000 100000 10000 001000 101000 000100 100100 10100 000010 100010 10010 001010 101010 1 , 14, -6742.8363, 0
model1, 10, seqROCTM, 1, 000000 100000 10000 001000 101000 00100 10100 000010 100010 10010 001010 101010 1 , 13, -6742.913, 0
model1, 10, seqROCTM, 2, 00000 10000 001000 101000 00100 10100 000010 100010 10010 001010 101010 1 , 12, -6743.5376, 0
model1, 10, seqROCTM, 3, 000 00100 10100 000010 100010 10010 001010 101010 1 , 9, -6746.1571, 0
model1, 10, seqROCTM, 4, 000 00100 10100 10 1 , 5, -6751.4872, 0
model1, 10, seqROCTM, 5, 000 100 10 1 , 4, -6752.5339, 1
model1, 10, seqROCTM, 6, 00 10 1 , 3, -6762.2212, 0
model1, 10, seqROCTM, 7, 0 1 , 2, -6798.4914, 0
model1, 10, seqROCTM, 8, , 0, -13610.6585, 0
model1, 11, seqROCTM, 0, 000000 100000 10000 001000 101000 000100 100100 10100 000010 100010 10010 001010 101010 1 , 14, -6783.5687, 0
model1, 11, seqROCTM, 1, 000000 100000 10000 001000 101000 000100 100100 10100 00010 10010 001010 101010 1 , 13, -6783.5885, 0
model1, 11, seqROCTM, 2, 000000 100000 10000 1000 000100 100100 10100 00010 10010 001010 101010 1 , 12, -6783.6758, 0
model1, 11, seqROCTM, 3, 000 000100 100100 10100 00010 10010 001010 101010 1 , 9, -6783.9934, 0
model1, 11, seqROCTM, 4, 000 00100 10100 00010 10010 001010 101010 1 , 8, -6784.1422, 0
model1, 11, seqROCTM, 5, 000 100 0010 001010 101010 1 , 6, -6785.0852, 0
model1, 11, seqROCTM, 6, 000 100 10 1 , 4, -6788.7279, 1
model1, 11, seqROCTM, 7, 00 10 1 , 3, -6792.4768, 0
model1, 11, seqROCTM, 8, 0 1 , 2, -6825.3435, 0
model1, 11, seqROCTM, 9, , 0, -13606.8074, 0
model1, 12, seqROCTM, 0, 000000 100000 10000 001000 101000 000100 100100 10100 000010 100010 10010 001010 101010 1 , 14, -6797.5585, 0
model1, 12, seqROCTM, 1, 0000 001000 101000 000100 100100 10100 000010 100010 10010 001010 101010 1 , 12, -6797.7497, 0
model1, 12, seqROCTM, 2, 0000 001000 101000 000100 100100 10100 00010 10010 001010 101010 1 , 11, -6797.8591, 0
model1, 12, seqROCTM, 3, 000 000100 100100 10100 00010 10010 001010 101010 1 , 9, -6798.2064, 0
model1, 12, seqROCTM, 4, 000 00100 10100 00010 10010 001010 101010 1 , 8, -6798.4327, 0
model1, 12, seqROCTM, 5, 000 00100 10100 00010 10010 1010 1 , 7, -6798.718, 0
model1, 12, seqROCTM, 6, 000 100 00010 10010 1010 1 , 6, -6799.4439, 0
model1, 12, seqROCTM, 7, 000 100 0010 1010 1 , 5, -6800.7733, 0
model1, 12, seqROCTM, 8, 000 100 10 1 , 4, -6803.7854, 1
model1, 12, seqROCTM, 9, 00 10 1 , 3, -6806.1733, 0
model1, 12, seqROCTM, 10, 0 1 , 2, -6859.048, 0
model1, 12, seqROCTM, 11, , 0, -13601.9519, 0
model1, 13, seqROCTM, 0, 00000 10000 001000 101000 000100 100100 10100 000010 100010 10010 001010 101010 1 , 13, -6771.679, 0
model1, 13, seqROCTM, 1, 00000 10000 001000 101000 000100 100100 10100 0010 001010 101010 1 , 11, -6771.7863, 0
model1, 13, seqROCTM, 2, 00000 10000 1000 000100 100100 10100 0010 001010 101010 1 , 10, -6772.1803, 0
model1, 13, seqROCTM, 3, 0000 1000 000100 100100 10100 0010 001010 101010 1 , 9, -6772.5771, 0
model1, 13, seqROCTM, 4, 0000 1000 000100 100100 10100 0010 1010 1 , 8, -6772.9846, 0
model1, 13, seqROCTM, 5, 0000 1000 100 0010 1010 1 , 6, -6774.8819, 0
model1, 13, seqROCTM, 6, 0000 1000 100 10 1 , 5, -6777.1892, 0
model1, 13, seqROCTM, 7, 000 100 10 1 , 4, -6778.8614, 1
model1, 13, seqROCTM, 8, 00 10 1 , 3, -6781.5447, 0
model1, 13, seqROCTM, 9, 0 1 , 2, -6827.5994, 0
model1, 13, seqROCTM, 10, , 0, -13606.4851, 0
model1, 14, seqROCTM, 0, 000000 100000 10000 001000 101000 000100 100100 10100 000010 100010 10010 001010 101010 1 , 14, -6695.8199, 0
model1, 14, seqROCTM, 1, 00000 10000 001000 101000 000100 100100 10100 000010 100010 10010 001010 101010 1 , 13, -6695.8202, 0
model1, 14, seqROCTM, 2, 00000 10000 001000 101000 00100 10100 000010 100010 10010 001010 101010 1 , 12, -6695.9351, 0
model1, 14, seqROCTM, 3, 00000 10000 001000 101000 100 000010 100010 10010 001010 101010 1 , 11, -6696.295, 0
model1, 14, seqROCTM, 4, 00000 10000 001000 101000 100 000010 100010 10010 1010 1 , 10, -6696.4649, 0
model1, 14, seqROCTM, 5, 00000 10000 001000 101000 100 10 1 , 7, -6698.503, 0
model1, 14, seqROCTM, 6, 00000 10000 1000 100 10 1 , 6, -6698.7951, 0
model1, 14, seqROCTM, 7, 0000 1000 100 10 1 , 5, -6699.1625, 0
model1, 14, seqROCTM, 8, 000 100 10 1 , 4, -6700.3118, 0
model1, 14, seqROCTM, 9, 00 10 1 , 3, -6701.9657, 1
model1, 14, seqROCTM, 10, 0 1 , 2, -6754.7681, 0
model1, 14, seqROCTM, 11, , 0, -13616.6957, 0
model1, 15, seqROCTM, 0, 000000 100000 10000 001000 101000 000100 100100 10100 000010 100010 10010 001010 101010 1 , 14, -6800.8577, 0
model1, 15, seqROCTM, 1, 000000 100000 10000 001000 101000 000100 100100 10100 00010 10010 001010 101010 1 , 13, -6800.8582, 0
model1, 15, seqROCTM, 2, 000000 100000 10000 1000 000100 100100 10100 00010 10010 001010 101010 1 , 12, -6800.9211, 0
model1, 15, seqROCTM, 3, 000000 100000 10000 1000 00100 10100 00010 10010 001010 101010 1 , 11, -6801.0007, 0
model1, 15, seqROCTM, 4, 000000 100000 10000 1000 100 00010 10010 001010 101010 1 , 10, -6801.1614, 0
model1, 15, seqROCTM, 5, 000000 100000 10000 1000 100 00010 10010 1010 1 , 9, -6801.4551, 0
model1, 15, seqROCTM, 6, 000 100 00010 10010 1010 1 , 6, -6806.029, 0
model1, 15, seqROCTM, 7, 000 100 10 1 , 4, -6807.4447, 1
model1, 15, seqROCTM, 8, 00 10 1 , 3, -6818.838, 0
model1, 15, seqROCTM, 9, 0 1 , 2, -6858.0918, 0
model1, 15, seqROCTM, 10, , 0, -13601.9519, 0
model1, 16, seqROCTM, 0, 000000 100000 10000 001000 101000 000100 100100 10100 000010 100010 10010 001010 101010 1 , 14, -6786.1066, 0
model1, 16, seqROCTM, 1, 00000 10000 001000 101000 000100 100100 10100 000010 100010 10010 001010 101010 1 , 13, -6786.1173, 0
model1, 16, seqROCTM, 2, 00000 10000 001000 101000 000100 100100 10100 00010 10010 001010 101010 1 , 12, -6786.13, 0
model1, 16, seqROCTM, 3, 00000 10000 001000 101000 100 00010 10010 001010 101010 1 , 10, -6786.3771, 0
model1, 16, seqROCTM, 4, 00000 10000 1000 100 00010 10010 001010 101010 1 , 9, -6786.4413, 0
model1, 16, seqROCTM, 5, 000 100 00010 10010 001010 101010 1 , 7, -6786.9716, 0
model1, 16, seqROCTM, 6, 000 100 0010 001010 101010 1 , 6, -6788.0527, 0
model1, 16, seqROCTM, 7, 000 100 10 1 , 4, -6793.1269, 1
model1, 16, seqROCTM, 8, 00 10 1 , 3, -6798.2406, 0
model1, 16, seqROCTM, 9, 0 1 , 2, -6854.5707, 0
model1, 16, seqROCTM, 10, , 0, -13602.602, 0
model1, 17, seqROCTM, 0, 000000 100000 10000 001000 101000 000100 100100 10100 000010 100010 10010 001010 101010 1 , 14, -6756.8767, 0
model1, 17, seqROCTM, 1, 00000 10000 001000 101000 000100 100100 10100 000010 100010 10010 001010 101010 1 , 13, -6756.9566, 0
model1, 17, seqROCTM, 2, 0000 001000 101000 000100 100100 10100 000010 100010 10010 001010 101010 1 , 12, -6757.4179, 0
model1, 17, seqROCTM, 3, 0000 001000 101000 000100 100100 10100 0010 001010 101010 1 , 10, -6757.9761, 0
model1, 17, seqROCTM, 4, 0000 001000 101000 100 0010 001010 101010 1 , 8, -6758.5753, 0
model1, 17, seqROCTM, 5, 0000 001000 101000 100 0010 1010 1 , 7, -6759.0661, 0
model1, 17, seqROCTM, 6, 0000 1000 100 0010 1010 1 , 6, -6759.6177, 0
model1, 17, seqROCTM, 7, 0000 1000 100 10 1 , 5, -6760.3093, 0
model1, 17, seqROCTM, 8, 000 100 10 1 , 4, -6762.6335, 1
model1, 17, seqROCTM, 9, 00 10 1 , 3, -6768.1756, 0
model1, 17, seqROCTM, 10, 0 1 , 2, -6815.3364, 0
model1, 17, seqROCTM, 11, , 0, -13608.0944, 0
model1, 18, seqROCTM, 0, 000000 100000 10000 001000 101000 000100 100100 10100 000010 100010 10010 001010 101010 1 , 14, -6810.9983, 0
model1, 18, seqROCTM, 1, 000000 100000 10000 001000 101000 000100 100100 10100 000010 100010 10010 1010 1 , 13, -6811.0008, 0
model1, 18, seqROCTM, 2, 000000 100000 10000 001000 101000 000100 100100 10100 00010 10010 1010 1 , 12, -6811.3962, 0
model1, 18, seqROCTM, 3, 000000 100000 10000 001000 101000 000100 100100 10100 0010 1010 1 , 11, -6811.4291, 0
model1, 18, seqROCTM, 4, 000000 100000 10000 1000 000100 100100 10100 0010 1010 1 , 10, -6811.5316, 0
model1, 18, seqROCTM, 5, 000000 100000 10000 1000 000100 100100 10100 10 1 , 9, -6811.6679, 0
model1, 18, seqROCTM, 6, 000 000100 100100 10100 10 1 , 6, -6812.7413, 0
model1, 18, seqROCTM, 7, 000 100 10 1 , 4, -6814.7509, 1
model1, 18, seqROCTM, 8, 00 10 1 , 3, -6824.4658, 0
model1, 18, seqROCTM, 9, 0 1 , 2, -6853.613, 0
model1, 18, seqROCTM, 10, , 0, -13602.602, 0
model1, 19, seqROCTM, 0, 000000 100000 10000 001000 101000 000100 100100 10100 000010 100010 10010 001010 101010 1 , 14, -6776.0832, 0
model1, 19, seqROCTM, 1, 00000 10000 001000 101000 000100 100100 10100 000010 100010 10010 001010 101010 1 , 13, -6776.0848, 0
model1, 19, seqROCTM, 2, 0000 001000 101000 000100 100100 10100 000010 100010 10010 001010 101010 1 , 12, -6776.4108, 0
model1, 19, seqROCTM, 3, 0000 001000 101000 000100 100100 10100 000010 100010 10010 1010 1 , 11, -6776.4723, 0
model1, 19, seqROCTM, 4, 000 000100 100100 10100 000010 100010 10010 1010 1 , 9, -6778.1112, 0
model1, 19, seqROCTM, 5, 000 000100 100100 10100 10 1 , 6, -6780.0795, 0
model1, 19, seqROCTM, 6, 000 100 10 1 , 4, -6781.6253, 1
model1, 19, seqROCTM, 7, 00 10 1 , 3, -6789.7575, 0
model1, 19, seqROCTM, 8, 0 1 , 2, -6832.4302, 0
model1, 19, seqROCTM, 9, , 0, -13605.84, 0
model1, 20, seqROCTM, 0, 000000 100000 10000 001000 101000 000100 100100 10100 000010 100010 10010 001010 101010 1 , 14, -6731.1997, 0
model1, 20, seqROCTM, 1, 000000 100000 10000 001000 101000 00100 10100 000010 100010 10010 001010 101010 1 , 13, -6731.2139, 0
model1, 20, seqROCTM, 2, 000000 100000 10000 001000 101000 00100 10100 000010 100010 10010 1010 1 , 12, -6731.306, 0
model1, 20, seqROCTM, 3, 00000 10000 001000 101000 00100 10100 000010 100010 10010 1010 1 , 11, -6731.5425, 0
model1, 20, seqROCTM, 4, 0000 001000 101000 00100 10100 000010 100010 10010 1010 1 , 10, -6731.8299, 0
model1, 20, seqROCTM, 5, 0000 001000 101000 00100 10100 10 1 , 7, -6733.5025, 0
model1, 20, seqROCTM, 6, 000 00100 10100 10 1 , 5, -6735.0967, 0
model1, 20, seqROCTM, 7, 000 100 10 1 , 4, -6736.3303, 1
model1, 20, seqROCTM, 8, 00 10 1 , 3, -6745.7749, 0
model1, 20, seqROCTM, 9, 0 1 , 2, -6792.6471, 0
model1, 20, seqROCTM, 10, , 0, -13611.2975, 0
model1, 21, seqROCTM, 0, 000000 100000 10000 001000 101000 000100 100100 10100 000010 100010 10010 001010 101010 1 , 14, -6829.3605, 0
model1, 21, seqROCTM, 1, 00000 10000 001000 101000 000100 100100 10100 000010 100010 10010 001010 101010 1 , 13, -6829.3669, 0
model1, 21, seqROCTM, 2, 00000 10000 001000 101000 100 000010 100010 10010 001010 101010 1 , 11, -6829.6771, 0
model1, 21, seqROCTM, 3, 0000 001000 101000 100 000010 100010 10010 001010 101010 1 , 10, -6829.7554, 0
model1, 21, seqROCTM, 4, 0000 1000 100 000010 100010 10010 001010 101010 1 , 9, -6829.8353, 0
model1, 21, seqROCTM, 5, 0000 1000 100 10 1 , 5, -6832.7515, 0
model1, 21, seqROCTM, 6, 000 100 10 1 , 4, -6833.7951, 1
model1, 21, seqROCTM, 7, 00 10 1 , 3, -6838.0867, 0
model1, 21, seqROCTM, 8, 0 1 , 2, -6883.5824, 0
model1, 21, seqROCTM, 9, , 0, -13598.3619, 0
model1, 22, seqROCTM, 0, 000000 100000 10000 001000 101000 000100 100100 10100 000010 100010 10010 001010 101010 1 , 14, -6747.0489, 0
model1, 22, seqROCTM, 1, 000000 100000 10000 001000 101000 000100 100100 10100 00010 10010 001010 101010 1 , 13, -6747.5178, 0
model1, 22, seqROCTM, 2, 00000 10000 001000 101000 000100 100100 10100 00010 10010 001010 101010 1 , 12, -6747.6847, 0
model1, 22, seqROCTM, 3, 00000 10000 1000 000100 100100 10100 00010 10010 001010 101010 1 , 11, -6747.8891, 0
model1, 22, seqROCTM, 4, 00 00010 10010 001010 101010 1 , 6, -6753.9501, 0
model1, 22, seqROCTM, 5, 00 0010 001010 101010 1 , 5, -6754.7757, 0
model1, 22, seqROCTM, 6, 00 10 1 , 3, -6757.9271, 1
model1, 22, seqROCTM, 7, 0 1 , 2, -6816.6282, 0
model1, 22, seqROCTM, 8, , 0, -13608.0944, 0
model1, 23, seqROCTM, 0, 000000 100000 10000 001000 101000 000100 100100 10100 000010 100010 10010 001010 101010 1 , 14, -6786.0998, 0
model1, 23, seqROCTM, 1, 000000 100000 10000 001000 101000 000100 100100 10100 000010 100010 10010 1010 1 , 13, -6786.17, 0
model1, 23, seqROCTM, 2, 000000 100000 10000 1000 000100 100100 10100 000010 100010 10010 1010 1 , 12, -6786.3327, 0
model1, 23, seqROCTM, 3, 000000 100000 10000 1000 100 000010 100010 10010 1010 1 , 10, -6786.9855, 0
model1, 23, seqROCTM, 4, 000000 100000 10000 1000 100 10 1 , 7, -6788.7446, 0
model1, 23, seqROCTM, 5, 0000 1000 100 10 1 , 5, -6791.296, 1
model1, 23, seqROCTM, 6, 000 100 10 1 , 4, -6792.8946, 0
model1, 23, seqROCTM, 7, 00 10 1 , 3, -6801.2147, 0
model1, 23, seqROCTM, 8, 0 1 , 2, -6853.613, 0
model1, 23, seqROCTM, 9, , 0, -13602.602, 0
model1, 24, seqROCTM, 0, 000000 100000 10000 001000 101000 000100 100100 10100 000010 100010 10010 001010 101010 1 , 14, -6744.6294, 0
model1, 24, seqROCTM, 1, 000000 100000 10000 001000 101000 000100 100100 10100 00010 10010 001010 101010 1 , 13, -6745.009, 0
model1, 24, seqROCTM, 2, 000000 100000 10000 001000 101000 00100 10100 00010 10010 001010 101010 1 , 12, -6745.1601, 0
model1, 24, seqROCTM, 3, 000000 100000 10000 1000 00100 10100 00010 10010 001010 101010 1 , 11, -6745.4687, 0
model1, 24, seqROCTM, 4, 000000 100000 10000 1000 00100 10100 0010 001010 101010 1 , 10, -6745.8188, 0
model1, 24, seqROCTM, 5, 000000 100000 10000 1000 00100 10100 0010 1010 1 , 9, -6746.4221, 0
model1, 24, seqROCTM, 6, 00000 10000 1000 00100 10100 0010 1010 1 , 8, -6747.16, 0
model1, 24, seqROCTM, 7, 000 00100 10100 0010 1010 1 , 6, -6749.5548, 0
model1, 24, seqROCTM, 8, 000 100 0010 1010 1 , 5, -6750.7959, 0
model1, 24, seqROCTM, 9, 000 100 10 1 , 4, -6752.4584, 1
model1, 24, seqROCTM, 10, 00 10 1 , 3, -6758.2433, 0
model1, 24, seqROCTM, 11, 0 1 , 2, -6817.5983, 0
model1, 24, seqROCTM, 12, , 0, -13607.7729, 0
model1, 25, seqROCTM, 0, 000000 100000 10000 001000 101000 000100 100100 10100 000010 100010 10010 001010 101010 1 , 14, -6783.2371, 0
model1, 25, seqROCTM, 1, 00000 10000 001000 101000 000100 100100 10100 000010 100010 10010 001010 101010 1 , 13, -6783.3027, 0
model1, 25, seqROCTM, 2, 00000 10000 001000 101000 000100 100100 10100 000010 100010 10010 1010 1 , 12, -6783.3869, 0
model1, 25, seqROCTM, 3, 0000 001000 101000 000100 100100 10100 000010 100010 10010 1010 1 , 11, -6783.5109, 0
model1, 25, seqROCTM, 4, 0000 001000 101000 000100 100100 10100 10 1 , 8, -6784.3833, 0
model1, 25, seqROCTM, 5, 000 000100 100100 10100 10 1 , 6, -6785.2855, 0
model1, 25, seqROCTM, 6, 000 00100 10100 10 1 , 5, -6786.0089, 0
model1, 25, seqROCTM, 7, 000 100 10 1 , 4, -6787.1326, 0
model1, 25, seqROCTM, 8, 00 10 1 , 3, -6791.3718, 1
model1, 25, seqROCTM, 9, 0 1 , 2, -6833.3951, 0
model1, 25, seqROCTM, 10, , 0, -13605.5171, 0
model1, 26, seqROCTM, 0, 000000 100000 10000 001000 101000 000100 100100 10100 000010 100010 10010 001010 101010 1 , 14, -6803.5936, 0
model1, 26, seqROCTM, 1, 000000 100000 10000 001000 101000 000100 100100 10100 0010 001010 101010 1 , 12, -6803.6107, 0
model1, 26, seqROCTM, 2, 0000 001000 101000 000100 100100 10100 0010 001010 101010 1 , 10, -6804.401, 0
model1, 26, seqROCTM, 3, 0000 001000 101000 000100 100100 10100 10 1 , 8, -6806.698, 0
model1, 26, seqROCTM, 4, 0000 001000 101000 100 10 1 , 6, -6809.9444, 0
model1, 26, seqROCTM, 5, 000 100 10 1 , 4, -6812.5384, 1
model1, 26, seqROCTM, 6, 00 10 1 , 3, -6818.6057, 0
model1, 26, seqROCTM, 7, 0 1 , 2, -6874.6786, 0
model1, 26, seqROCTM, 8, , 0, -13599.6703, 0
model1, 27, seqROCTM, 0, 000000 100000 10000 001000 101000 000100 100100 10100 000010 100010 10010 001010 101010 1 , 14, -6787.2191, 0
model1, 27, seqROCTM, 1, 000000 100000 10000 1000 000100 100100 10100 000010 100010 10010 001010 101010 1 , 13, -6787.2212, 0
model1, 27, seqROCTM, 2, 000000 100000 10000 1000 00100 10100 000010 100010 10010 001010 101010 1 , 12, -6787.2471, 0
model1, 27, seqROCTM, 3, 000000 100000 10000 1000 100 000010 100010 10010 001010 101010 1 , 11, -6787.3032, 0
model1, 27, seqROCTM, 4, 000000 100000 10000 1000 100 0010 001010 101010 1 , 9, -6787.8025, 0
model1, 27, seqROCTM, 5, 000000 100000 10000 1000 100 0010 1010 1 , 8, -6787.9048, 0
model1, 27, seqROCTM, 6, 000000 100000 10000 1000 100 10 1 , 7, -6788.2062, 0
model1, 27, seqROCTM, 7, 0000 1000 100 10 1 , 5, -6789.3055, 0
model1, 27, seqROCTM, 8, 000 100 10 1 , 4, -6790.7044, 1
model1, 27, seqROCTM, 9, 00 10 1 , 3, -6793.437, 0
model1, 27, seqROCTM, 10, 0 1 , 2, -6851.3716, 0
model1, 27, seqROCTM, 11, , 0, -13602.9267, 0
model1, 28, seqROCTM, 0, 000000 100000 10000 001000 101000 000100 100100 10100 000010 100010 10010 001010 101010 1 , 14, -6732.879, 0
model1, 28, seqROCTM, 1, 000000 100000 10000 001000 101000 000100 100100 10100 00010 10010 001010 101010 1 , 13, -6732.8791, 0
model1, 28, seqROCTM, 2, 00000 10000 001000 101000 000100 100100 10100 00010 10010 001010 101010 1 , 12, -6732.8803, 0
model1, 28, seqROCTM, 3, 00000 10000 001000 101000 000100 100100 10100 0010 001010 101010 1 , 11, -6732.9016, 0
model1, 28, seqROCTM, 4, 00000 10000 001000 101000 00100 10100 0010 001010 101010 1 , 10, -6732.9715, 0
model1, 28, seqROCTM, 5, 0000 001000 101000 00100 10100 0010 001010 101010 1 , 9, -6733.1269, 0
model1, 28, seqROCTM, 6, 0000 001000 101000 100 0010 001010 101010 1 , 8, -6734.974, 0
model1, 28, seqROCTM, 7, 0000 001000 101000 100 10 1 , 6, -6736.9563, 0
model1, 28, seqROCTM, 8, 000 100 10 1 , 4, -6740.1765, 1
model1, 28, seqROCTM, 9, 00 10 1 , 3, -6749.3964, 0
model1, 28, seqROCTM, 10, 0 1 , 2, -6788.0937, 0
model1, 28, seqROCTM, 11, , 0, -13612.2544, 0
model1, 29, seqROCTM, 0, 000000 100000 10000 001000 101000 000100 100100 10100 000010 100010 10010 001010 101010 1 , 14, -6795.7919, 0
model1, 29, seqROCTM, 1, 000000 100000 10000 001000 101000 000100 100100 10100 00010 10010 001010 101010 1 , 13, -6795.8386, 0
model1, 29, seqROCTM, 2, 000000 100000 10000 001000 101000 000100 100100 10100 00010 10010 1010 1 , 12, -6795.8924, 0
model1, 29, seqROCTM, 3, 00000 10000 001000 101000 000100 100100 10100 00010 10010 1010 1 , 11, -6795.971, 0
model1, 29, seqROCTM, 4, 00000 10000 001000 101000 000100 100100 10100 0010 1010 1 , 10, -6796.0669, 0
model1, 29, seqROCTM, 5, 00000 10000 1000 000100 100100 10100 0010 1010 1 , 9, -6796.2781, 0
model1, 29, seqROCTM, 6, 00000 10000 1000 00100 10100 0010 1010 1 , 8, -6796.5059, 0
model1, 29, seqROCTM, 7, 00000 10000 1000 00100 10100 10 1 , 7, -6798.2395, 0
model1, 29, seqROCTM, 8, 00000 10000 1000 100 10 1 , 6, -6799.5833, 0
model1, 29, seqROCTM, 9, 000 100 10 1 , 4, -6803.5641, 1
model1, 29, seqROCTM, 10, 00 10 1 , 3, -6807.3646, 0
model1, 29, seqROCTM, 11, 0 1 , 2, -6847.8452, 0
model1, 29, seqROCTM, 12, , 0, -13603.5756, 0
model1, 30, seqROCTM, 0, 000000 100000 10000 001000 101000 000100 100100 10100 000010 100010 10010 001010 101010 1 , 14, -6713.3512, 0
model1, 30, seqROCTM, 1, 000000 100000 10000 1000 000100 100100 10100 000010 100010 10010 001010 101010 1 , 13, -6713.357, 0
model1, 30, seqROCTM, 2, 00000 10000 1000 000100 100100 10100 000010 100010 10010 001010 101010 1 , 12, -6713.4109, 0
model1, 30, seqROCTM, 3, 0000 1000 000100 100100 10100 000010 100010 10010 001010 101010 1 , 11, -6713.4883, 0
model1, 30, seqROCTM, 4, 000 000100 100100 10100 000010 100010 10010 001010 101010 1 , 10, -6713.6521, 0
model1, 30, seqROCTM, 5, 000 000100 100100 10100 00010 10010 001010 101010 1 , 9, -6713.8222, 0
model1, 30, seqROCTM, 6, 000 100 00010 10010 001010 101010 1 , 7, -6715.1337, 0
model1, 30, seqROCTM, 7, 000 100 10 1 , 4, -6718.115, 1
model1, 30, seqROCTM, 8, 00 10 1 , 3, -6720.8949, 0
model1, 30, seqROCTM, 9, 0 1 , 2, -6762.9571, 0
model1, 30, seqROCTM, 10, , 0, -13615.7474, 0
model1, 31, seqROCTM, 0, 000000 100000 10000 001000 101000 000100 100100 10100 000010 100010 10010 001010 101010 1 , 14, -6695.319, 0
model1, 31, seqROCTM, 1, 000000 100000 10000 001000 101000 100 000010 100010 10010 001010 101010 1 , 12, -6697.092, 0
model1, 31, seqROCTM, 2, 000000 100000 10000 001000 101000 100 10 1 , 8, -6698.9656, 0
model1, 31, seqROCTM, 3, 000000 100000 10000 1000 100 10 1 , 7, -6699.5176, 0
model1, 31, seqROCTM, 4, 000 100 10 1 , 4, -6701.4487, 0
model1, 31, seqROCTM, 5, 00 10 1 , 3, -6703.474, 1
model1, 31, seqROCTM, 6, 0 1 , 2, -6760.6642, 0
model1, 31, seqROCTM, 7, , 0, -13616.0637, 0
model1, 32, seqROCTM, 0, 000000 100000 10000 001000 101000 000100 100100 10100 000010 100010 10010 001010 101010 1 , 14, -6717.7729, 0
model1, 32, seqROCTM, 1, 000000 100000 10000 001000 101000 000100 100100 10100 00010 10010 001010 101010 1 , 13, -6717.7782, 0
model1, 32, seqROCTM, 2, 000000 100000 10000 1000 000100 100100 10100 00010 10010 001010 101010 1 , 12, -6717.8915, 0
model1, 32, seqROCTM, 3, 000000 100000 10000 1000 000100 100100 10100 0010 001010 101010 1 , 11, -6718.1287, 0
model1, 32, seqROCTM, 4, 000000 100000 10000 1000 000100 100100 10100 0010 1010 1 , 10, -6718.4225, 0
model1, 32, seqROCTM, 5, 000000 100000 10000 1000 000100 100100 10100 10 1 , 9, -6720.0486, 0
model1, 32, seqROCTM, 6, 000 000100 100100 10100 10 1 , 6, -6721.5472, 0
model1, 32, seqROCTM, 7, 000 00100 10100 10 1 , 5, -6722.0869, 0
model1, 32, seqROCTM, 8, 00 10 1 , 3, -6725.1153, 1
model1, 32, seqROCTM, 9, 0 1 , 2, -6772.1159, 0
model1, 32, seqROCTM, 10, , 0, -13614.4801, 0
model1, 33, seqROCTM, 0, 000000 100000 10000 001000 101000 000100 100100 10100 000010 100010 10010 001010 101010 1 , 14, -6865.7204, 0
model1, 33, seqROCTM, 1, 000000 100000 10000 001000 101000 00100 10100 000010 100010 10010 001010 101010 1 , 13, -6865.7214, 0
model1, 33, seqROCTM, 2, 000000 100000 10000 001000 101000 00100 10100 00010 10010 001010 101010 1 , 12, -6865.7754, 0
model1, 33, seqROCTM, 3, 000000 100000 10000 001000 101000 00100 10100 0010 001010 101010 1 , 11, -6865.971, 0
model1, 33, seqROCTM, 4, 000000 100000 10000 001000 101000 00100 10100 0010 1010 1 , 10, -6866.2504, 0
model1, 33, seqROCTM, 5, 000000 100000 10000 001000 101000 100 0010 1010 1 , 9, -6866.7603, 0
model1, 33, seqROCTM, 6, 000000 100000 10000 001000 101000 100 10 1 , 8, -6868.3277, 0
model1, 33, seqROCTM, 7, 0000 001000 101000 100 10 1 , 6, -6869.1379, 0
model1, 33, seqROCTM, 8, 000 100 10 1 , 4, -6870.696, 1
model1, 33, seqROCTM, 9, 00 10 1 , 3, -6876.978, 0
model1, 33, seqROCTM, 10, 0 1 , 2, -6929.9964, 0
model1, 33, seqROCTM, 11, , 0, -13591.4392, 0
model1, 34, seqROCTM, 0, 000000 100000 10000 001000 101000 000100 100100 10100 000010 100010 10010 001010 101010 1 , 14, -6791.1744, 0
model1, 34, seqROCTM, 1, 000000 100000 10000 001000 101000 00100 10100 000010 100010 10010 001010 101010 1 , 13, -6791.1753, 0
model1, 34, seqROCTM, 2, 000000 100000 10000 1000 00100 10100 000010 100010 10010 001010 101010 1 , 12, -6791.3478, 0
model1, 34, seqROCTM, 3, 000000 100000 10000 1000 100 000010 100010 10010 001010 101010 1 , 11, -6791.8115, 0
model1, 34, seqROCTM, 4, 000 100 000010 100010 10010 001010 101010 1 , 8, -6793.225, 0
model1, 34, seqROCTM, 5, 000 100 10 1 , 4, -6797.7108, 1
model1, 34, seqROCTM, 6, 00 10 1 , 3, -6809.7992, 0
model1, 34, seqROCTM, 7, 0 1 , 2, -6856.81, 0
model1, 34, seqROCTM, 8, , 0, -13602.2771, 0
model1, 35, seqROCTM, 0, 000000 100000 10000 001000 101000 000100 100100 10100 000010 100010 10010 001010 101010 1 , 14, -6756.8253, 0
model1, 35, seqROCTM, 1, 000000 100000 10000 001000 101000 000100 100100 10100 0010 001010 101010 1 , 12, -6756.8459, 0
model1, 35, seqROCTM, 2, 000000 100000 10000 1000 000100 100100 10100 0010 001010 101010 1 , 11, -6757.0512, 0
model1, 35, seqROCTM, 3, 000 000100 100100 10100 0010 001010 101010 1 , 8, -6758.3492, 0
model1, 35, seqROCTM, 4, 000 000100 100100 10100 10 1 , 6, -6760.613, 0
model1, 35, seqROCTM, 5, 000 100 10 1 , 4, -6764.3401, 1
model1, 35, seqROCTM, 6, 00 10 1 , 3, -6767.45, 0
model1, 35, seqROCTM, 7, 0 1 , 2, -6820.8277, 0
model1, 35, seqROCTM, 8, , 0, -13607.4513, 0
model1, 36, seqROCTM, 0, 000000 100000 10000 001000 101000 000100 100100 10100 000010 100010 10010 001010 101010 1 , 14, -6834.3809, 0
model1, 36, seqROCTM, 1, 000000 100000 10000 001000 101000 00100 10100 000010 100010 10010 001010 101010 1 , 13, -6834.3837, 0
model1, 36, seqROCTM, 2, 00000 10000 001000 101000 00100 10100 000010 100010 10010 001010 101010 1 , 12, -6834.4167, 0
model1, 36, seqROCTM, 3, 00000 10000 001000 101000 00100 10100 000010 100010 10010 1010 1 , 11, -6834.4596, 0
model1, 36, seqROCTM, 4, 00000 10000 1000 00100 10100 000010 100010 10010 1010 1 , 10, -6834.5076, 0
model1, 36, seqROCTM, 5, 00000 10000 1000 00100 10100 00010 10010 1010 1 , 9, -6834.9255, 0
model1, 36, seqROCTM, 6, 00000 10000 1000 00100 10100 0010 1010 1 , 8, -6835.0412, 0
model1, 36, seqROCTM, 7, 00000 10000 1000 100 0010 1010 1 , 7, -6835.2527, 0
model1, 36, seqROCTM, 8, 000 100 0010 1010 1 , 5, -6836.5635, 0
model1, 36, seqROCTM, 9, 000 100 10 1 , 4, -6838.0857, 0
model1, 36, seqROCTM, 10, 00 10 1 , 3, -6842.0905, 1
model1, 36, seqROCTM, 11, 0 1 , 2, -6884.8578, 0
model1, 36, seqROCTM, 12, , 0, -13598.0343, 0
model1, 37, seqROCTM, 0, 000000 100000 10000 001000 101000 000100 100100 10100 000010 100010 10010 001010 101010 1 , 14, -6594.09, 0
model1, 37, seqROCTM, 1, 000000 100000 10000 1000 000100 100100 10100 000010 100010 10010 001010 101010 1 , 13, -6594.4266, 0
model1, 37, seqROCTM, 2, 000000 100000 10000 1000 000100 100100 10100 000010 100010 10010 1010 1 , 12, -6594.4531, 0
model1, 37, seqROCTM, 3, 000000 100000 10000 1000 100 000010 100010 10010 1010 1 , 10, -6596.2511, 0
model1, 37, seqROCTM, 4, 000000 100000 10000 1000 100 0010 1010 1 , 8, -6596.4523, 0
model1, 37, seqROCTM, 5, 000 100 0010 1010 1 , 5, -6599.3613, 0
model1, 37, seqROCTM, 6, 000 100 10 1 , 4, -6606.0286, 1
model1, 37, seqROCTM, 7, 00 10 1 , 3, -6614.046, 0
model1, 37, seqROCTM, 8, 0 1 , 2, -6657.1381, 0
model1, 37, seqROCTM, 9, , 0, -13629.7785, 0
model1, 38, seqROCTM, 0, 000000 100000 10000 001000 101000 000100 100100 10100 000010 100010 10010 001010 101010 1 , 14, -6750.6927, 0
model1, 38, seqROCTM, 1, 00000 10000 001000 101000 000100 100100 10100 000010 100010 10010 001010 101010 1 , 13, -6750.8467, 0
model1, 38, seqROCTM, 2, 00000 10000 1000 000100 100100 10100 000010 100010 10010 001010 101010 1 , 12, -6751.1156, 0
model1, 38, seqROCTM, 3, 00000 10000 1000 000100 100100 10100 000010 100010 10010 1010 1 , 11, -6751.4949, 0
model1, 38, seqROCTM, 4, 00000 10000 1000 100 000010 100010 10010 1010 1 , 9, -6752.7085, 0
model1, 38, seqROCTM, 5, 00000 10000 1000 100 10 1 , 6, -6756.1324, 0
model1, 38, seqROCTM, 6, 00 10 1 , 3, -6759.8496, 1
model1, 38, seqROCTM, 7, 0 1 , 2, -6813.0733, 0
model1, 38, seqROCTM, 8, , 0, -13608.7367, 0
model1, 39, seqROCTM, 0, 000000 100000 10000 001000 101000 000100 100100 10100 000010 100010 10010 001010 101010 1 , 14, -6796.9415, 0
model1, 39, seqROCTM, 1, 000000 100000 10000 001000 101000 000100 100100 10100 00010 10010 001010 101010 1 , 13, -6797.3092, 0
model1, 39, seqROCTM, 2, 00000 10000 001000 101000 000100 100100 10100 00010 10010 001010 101010 1 , 12, -6797.3199, 0
model1, 39, seqROCTM, 3, 00000 10000 001000 101000 000100 100100 10100 10 1 , 9, -6797.3903, 0
model1, 39, seqROCTM, 4, 00000 10000 001000 101000 00100 10100 10 1 , 8, -6797.4933, 0
model1, 39, seqROCTM, 5, 0000 001000 101000 00100 10100 10 1 , 7, -6797.9151, 0
model1, 39, seqROCTM, 6, 0000 001000 101000 100 10 1 , 6, -6798.4086, 0
model1, 39, seqROCTM, 7, 000 100 10 1 , 4, -6801.0413, 1
model1, 39, seqROCTM, 8, 00 10 1 , 3, -6805.9639, 0
model1, 39, seqROCTM, 9, 0 1 , 2, -6853.613, 0
model1, 39, seqROCTM, 10, , 0, -13602.602, 0
model1, 40, seqROCTM, 0, 000000 100000 10000 001000 101000 000100 100100 10100 000010 100010 10010 001010 101010 1 , 14, -6829.6691, 0
model1, 40, seqROCTM, 1, 000000 100000 10000 001000 101000 00100 10100 000010 100010 10010 001010 101010 1 , 13, -6829.6692, 0
model1, 40, seqROCTM, 2, 000000 100000 10000 001000 101000 00100 10100 00010 10010 001010 101010 1 , 12, -6829.6696, 0
model1, 40, seqROCTM, 3, 000000 100000 10000 001000 101000 100 00010 10010 001010 101010 1 , 11, -6829.6912, 0
model1, 40, seqROCTM, 4, 000000 100000 10000 001000 101000 100 0010 001010 101010 1 , 10, -6830.0027, 0
model1, 40, seqROCTM, 5, 000 100 0010 001010 101010 1 , 6, -6833.2808, 0
model1, 40, seqROCTM, 6, 000 100 10 1 , 4, -6839.8653, 1
model1, 40, seqROCTM, 7, 00 10 1 , 3, -6850.6064, 0
model1, 40, seqROCTM, 8, 0 1 , 2, -6883.9099, 0
model1, 40, seqROCTM, 9, , 0, -13598.3619, 0
model1, 41, seqROCTM, 0, 000000 100000 10000 001000 101000 000100 100100 10100 000010 100010 10010 001010 101010 1 , 14, -6784.5011, 0
model1, 41, seqROCTM, 1, 000000 100000 10000 001000 101000 000100 100100 10100 000010 100010 10010 1010 1 , 13, -6784.5022, 0
model1, 41, seqROCTM, 2, 000000 100000 10000 001000 101000 000100 100100 10100 10 1 , 10, -6785.8864, 0
model1, 41, seqROCTM, 3, 000000 100000 10000 001000 101000 100 10 1 , 8, -6786.0388, 0
model1, 41, seqROCTM, 4, 00000 10000 001000 101000 100 10 1 , 7, -6786.5715, 0
model1, 41, seqROCTM, 5, 000 100 10 1 , 4, -6789.0494, 1
model1, 41, seqROCTM, 6, 00 10 1 , 3, -6798.6223, 0
model1, 41, seqROCTM, 7, 0 1 , 2, -6855.853, 0
model1, 41, seqROCTM, 8, , 0, -13602.2771, 0
model1, 42, seqROCTM, 0, 000000 100000 10000 001000 101000 000100 100100 10100 000010 100010 10010 001010 101010 1 , 14, -6773.3587, 0
model1, 42, seqROCTM, 1, 000000 100000 10000 001000 101000 100 000010 100010 10010 001010 101010 1 , 12, -6773.3647, 0
model1, 42, seqROCTM, 2, 000000 100000 10000 001000 101000 100 00010 10010 001010 101010 1 , 11, -6773.3733, 0
model1, 42, seqROCTM, 3, 000000 100000 10000 001000 101000 100 0010 001010 101010 1 , 10, -6773.3927, 0
model1, 42, seqROCTM, 4, 0000 001000 101000 100 0010 001010 101010 1 , 8, -6775.5442, 0
model1, 42, seqROCTM, 5, 0000 001000 101000 100 0010 1010 1 , 7, -6775.8372, 0
model1, 42, seqROCTM, 6, 000 100 0010 1010 1 , 5, -6779.1164, 0
model1, 42, seqROCTM, 7, 000 100 10 1 , 4, -6780.7876, 1
model1, 42, seqROCTM, 8, 00 10 1 , 3, -6790.1415, 0
model1, 42, seqROCTM, 9, 0 1 , 2, -6850.4127, 0
model1, 42, seqROCTM, 10, , 0, -13603.2512, 0
model1, 43, seqROCTM, 0, 000000 100000 10000 001000 101000 000100 100100 10100 000010 100010 10010 001010 101010 1 , 14, -6837.2764, 0
model1, 43, seqROCTM, 1, 000000 100000 10000 001000 101000 000100 100100 10100 000010 100010 10010 1010 1 , 13, -6837.3481, 0
model1, 43, seqROCTM, 2, 000000 100000 10000 001000 101000 000100 100100 10100 00010 10010 1010 1 , 12, -6838.7471, 0
model1, 43, seqROCTM, 3, 000000 100000 10000 001000 101000 00100 10100 00010 10010 1010 1 , 11, -6838.9056, 0
model1, 43, seqROCTM, 4, 000000 100000 10000 1000 00100 10100 00010 10010 1010 1 , 10, -6839.1162, 0
model1, 43, seqROCTM, 5, 000000 100000 10000 1000 100 00010 10010 1010 1 , 9, -6839.5618, 0
model1, 43, seqROCTM, 6, 0000 1000 100 00010 10010 1010 1 , 7, -6840.6294, 0
model1, 43, seqROCTM, 7, 0000 1000 100 10 1 , 5, -6842.1195, 0
model1, 43, seqROCTM, 8, 00 10 1 , 3, -6847.7255, 1
model1, 43, seqROCTM, 9, 0 1 , 2, -6887.0801, 0
model1, 43, seqROCTM, 10, , 0, -13597.7065, 0
model1, 44, seqROCTM, 0, 000000 100000 10000 001000 101000 000100 100100 10100 000010 100010 10010 001010 101010 1 , 14, -6754.7789, 0
model1, 44, seqROCTM, 1, 00000 10000 001000 101000 000100 100100 10100 000010 100010 10010 001010 101010 1 , 13, -6754.7896, 0
model1, 44, seqROCTM, 2, 0000 001000 101000 000100 100100 10100 000010 100010 10010 001010 101010 1 , 12, -6754.8556, 0
model1, 44, seqROCTM, 3, 0000 1000 000100 100100 10100 000010 100010 10010 001010 101010 1 , 11, -6755.0972, 0
model1, 44, seqROCTM, 4, 000 000100 100100 10100 000010 100010 10010 001010 101010 1 , 10, -6755.6318, 0
model1, 44, seqROCTM, 5, 000 000100 100100 10100 10 1 , 6, -6757.3062, 0
model1, 44, seqROCTM, 6, 000 100 10 1 , 4, -6760.3205, 1
model1, 44, seqROCTM, 7, 00 10 1 , 3, -6763.6411, 0
model1, 44, seqROCTM, 8, 0 1 , 2, -6819.8588, 0
model1, 44, seqROCTM, 9, , 0, -13607.4513, 0
model1, 45, seqROCTM, 0, 000000 100000 10000 001000 101000 000100 100100 10100 000010 100010 10010 001010 101010 1 , 14, -6877.0616, 0
model1, 45, seqROCTM, 1, 000000 100000 10000 1000 000100 100100 10100 000010 100010 10010 001010 101010 1 , 13, -6877.0985, 0
model1, 45, seqROCTM, 2, 000 000100 100100 10100 000010 100010 10010 001010 101010 1 , 10, -6881.4824, 0
model1, 45, seqROCTM, 3, 000 00100 10100 000010 100010 10010 001010 101010 1 , 9, -6881.5557, 0
model1, 45, seqROCTM, 4, 000 00100 10100 000010 100010 10010 1010 1 , 8, -6881.7519, 0
model1, 45, seqROCTM, 5, 000 00100 10100 10 1 , 5, -6882.4264, 0
model1, 45, seqROCTM, 6, 000 100 10 1 , 4, -6882.7578, 1
model1, 45, seqROCTM, 7, 00 10 1 , 3, -6886.1667, 0
model1, 45, seqROCTM, 8, 0 1 , 2, -6934.7201, 0
model1, 45, seqROCTM, 9, , 0, -13590.7752, 0
model1, 46, seqROCTM, 0, 000000 100000 10000 001000 101000 000100 100100 10100 000010 100010 10010 001010 101010 1 , 14, -6771.5868, 0
model1, 46, seqROCTM, 1, 00000 10000 001000 101000 000100 100100 10100 000010 100010 10010 001010 101010 1 , 13, -6771.6265, 0
model1, 46, seqROCTM, 2, 0000 001000 101000 000100 100100 10100 000010 100010 10010 001010 101010 1 , 12, -6771.8452, 0
model1, 46, seqROCTM, 3, 0000 001000 101000 000100 100100 10100 0010 001010 101010 1 , 10, -6772.3105, 0
model1, 46, seqROCTM, 4, 0000 001000 101000 00100 10100 0010 001010 101010 1 , 9, -6772.5647, 0
model1, 46, seqROCTM, 5, 0000 001000 101000 100 0010 001010 101010 1 , 8, -6774.4706, 0
model1, 46, seqROCTM, 6, 0000 1000 100 0010 001010 101010 1 , 7, -6775.0972, 0
model1, 46, seqROCTM, 7, 000 100 0010 001010 101010 1 , 6, -6775.6127, 0
model1, 46, seqROCTM, 8, 000 100 10 1 , 4, -6779.1909, 0
model1, 46, seqROCTM, 9, 00 10 1 , 3, -6781.9917, 1
model1, 46, seqROCTM, 10, 0 1 , 2, -6837.8969, 0
model1, 46, seqROCTM, 11, , 0, -13605.194, 0
model1, 47, seqROCTM, 0, 000000 100000 10000 001000 101000 000100 100100 10100 000010 100010 10010 001010 101010 1 , 14, -6775.9953, 0
model1, 47, seqROCTM, 1, 000000 100000 10000 001000 101000 000100 100100 10100 00010 10010 001010 101010 1 , 13, -6777.0784, 0
model1, 47, seqROCTM, 2, 000000 100000 10000 1000 000100 100100 10100 00010 10010 001010 101010 1 , 12, -6777.0885, 0
model1, 47, seqROCTM, 3, 00000 10000 1000 000100 100100 10100 00010 10010 001010 101010 1 , 11, -6777.268, 0
model1, 47, seqROCTM, 4, 0000 1000 000100 100100 10100 00010 10010 001010 101010 1 , 10, -6777.7021, 0
model1, 47, seqROCTM, 5, 0000 1000 100 00010 10010 001010 101010 1 , 8, -6779.1602, 0
model1, 47, seqROCTM, 6, 0000 1000 100 0010 001010 101010 1 , 7, -6779.9911, 0
model1, 47, seqROCTM, 7, 00 0010 001010 101010 1 , 5, -6784.043, 0
model1, 47, seqROCTM, 8, 00 10 1 , 3, -6787.1709, 1
model1, 47, seqROCTM, 9, 0 1 , 2, -6853.613, 0
model1, 47, seqROCTM, 10, , 0, -13602.602, 0
model1, 48, seqROCTM, 0, 000000 100000 10000 001000 101000 000100 100100 10100 000010 100010 10010 001010 101010 1 , 14, -6644.1332, 0
model1, 48, seqROCTM, 1, 000000 100000 10000 001000 101000 000100 100100 10100 00010 10010 001010 101010 1 , 13, -6644.5112, 0
model1, 48, seqROCTM, 2, 000000 100000 10000 001000 101000 00100 10100 00010 10010 001010 101010 1 , 12, -6644.585, 0
model1, 48, seqROCTM, 3, 00000 10000 001000 101000 00100 10100 00010 10010 001010 101010 1 , 11, -6644.6988, 0
model1, 48, seqROCTM, 4, 00000 10000 001000 101000 00100 10100 0010 001010 101010 1 , 10, -6644.8988, 0
model1, 48, seqROCTM, 5, 00000 10000 001000 101000 100 0010 001010 101010 1 , 9, -6645.1067, 0
model1, 48, seqROCTM, 6, 00000 10000 001000 101000 100 10 1 , 7, -6646.2903, 0
model1, 48, seqROCTM, 7, 000 100 10 1 , 4, -6649.5893, 1
model1, 48, seqROCTM, 8, 00 10 1 , 3, -6653.445, 0
model1, 48, seqROCTM, 9, 0 1 , 2, -6723.7983, 0
model1, 48, seqROCTM, 10, , 0, -13620.7838, 0
model1, 49, seqROCTM, 0, 000000 100000 10000 001000 101000 000100 100100 10100 000010 100010 10010 001010 101010 1 , 14, -6760.706, 0
model1, 49, seqROCTM, 1, 000000 100000 10000 001000 101000 000100 100100 10100 000010 100010 10010 1010 1 , 13, -6760.7642, 0
model1, 49, seqROCTM, 2, 000000 100000 10000 001000 101000 000100 100100 10100 00010 10010 1010 1 , 12, -6760.9704, 0
model1, 49, seqROCTM, 3, 000000 100000 10000 1000 000100 100100 10100 00010 10010 1010 1 , 11, -6761.4434, 0
model1, 49, seqROCTM, 4, 000000 100000 10000 1000 00100 10100 00010 10010 1010 1 , 10, -6761.7556, 0
model1, 49, seqROCTM, 5, 000000 100000 10000 1000 00100 10100 10 1 , 8, -6763.6109, 0
model1, 49, seqROCTM, 6, 000 00100 10100 10 1 , 5, -6765.7607, 0
model1, 49, seqROCTM, 7, 00 10 1 , 3, -6770.3107, 1
model1, 49, seqROCTM, 8, 0 1 , 2, -6824.376, 0
model1, 49, seqROCTM, 9, , 0, -13607.1295, 0
model1, 50, seqROCTM, 0, 000000 100000 10000 001000 101000 000100 100100 10100 000010 100010 10010 001010 101010 1 , 14, -6747.6243, 0
model1, 50, seqROCTM, 1, 00000 10000 001000 101000 000100 100100 10100 000010 100010 10010 001010 101010 1 , 13, -6747.7676, 0
model1, 50, seqROCTM, 2, 00000 10000 001000 101000 00100 10100 000010 100010 10010 001010 101010 1 , 12, -6747.9877, 0
model1, 50, seqROCTM, 3, 00000 10000 001000 101000 00100 10100 10 1 , 8, -6751.2926, 0
model1, 50, seqROCTM, 4, 000 00100 10100 10 1 , 5, -6754.2699, 0
model1, 50, seqROCTM, 5, 000 100 10 1 , 4, -6757.8355, 1
model1, 50, seqROCTM, 6, 00 10 1 , 3, -6761.115, 0
model1, 50, seqROCTM, 7, 0 1 , 2, -6804.0079, 0
model1, 50, seqROCTM, 8, , 0, -13610.0187, 0
model1, 51, seqROCTM, 0, 000000 100000 10000 001000 101000 000100 100100 10100 000010 100010 10010 001010 101010 1 , 14, -6649.2902, 0
model1, 51, seqROCTM, 1, 000000 100000 10000 001000 101000 000100 100100 10100 00010 10010 001010 101010 1 , 13, -6650.481, 0
model1, 51, seqROCTM, 2, 000000 100000 10000 1000 000100 100100 10100 00010 10010 001010 101010 1 , 12, -6650.6399, 0
model1, 51, seqROCTM, 3, 000000 100000 10000 1000 000100 100100 10100 10 1 , 9, -6651.2265, 0
model1, 51, seqROCTM, 4, 000000 100000 10000 1000 100 10 1 , 7, -6652.5322, 0
model1, 51, seqROCTM, 5, 00000 10000 1000 100 10 1 , 6, -6653.2354, 0
model1, 51, seqROCTM, 6, 000 100 10 1 , 4, -6655.5513, 1
model1, 51, seqROCTM, 7, 00 10 1 , 3, -6660.792, 0
model1, 51, seqROCTM, 8, 0 1 , 2, -6721.483, 0
model1, 51, seqROCTM, 9, , 0, -13621.0968, 0
model1, 52, seqROCTM, 0, 000000 100000 10000 001000 101000 000100 100100 10100 000010 100010 10010 001010 101010 1 , 14, -6736.3319, 0
model1, 52, seqROCTM, 1, 000000 100000 10000 1000 000100 100100 10100 000010 100010 10010 001010 101010 1 , 13, -6736.3521, 0
model1, 52, seqROCTM, 2, 000000 100000 10000 1000 000100 100100 10100 00010 10010 001010 101010 1 , 12, -6736.4078, 0
model1, 52, seqROCTM, 3, 000000 100000 10000 1000 000100 100100 10100 00010 10010 1010 1 , 11, -6736.468, 0
model1, 52, seqROCTM, 4, 000000 100000 10000 1000 000100 100100 10100 10 1 , 9, -6737.938, 0
model1, 52, seqROCTM, 5, 00000 10000 1000 000100 100100 10100 10 1 , 8, -6738.26, 0
model1, 52, seqROCTM, 6, 00000 10000 1000 100 10 1 , 6, -6739.2403, 0
model1, 52, seqROCTM, 7, 00 10 1 , 3, -6741.6183, 1
model1, 52, seqROCTM, 8, 0 1 , 2, -6791.3497, 0
model1, 52, seqROCTM, 9, , 0, -13611.6167, 0
model1, 53, seqROCTM, 0, 000000 100000 10000 001000 101000 000100 100100 10100 000010 100010 10010 001010 101010 1 , 14, -6757.5837, 0
model1, 53, seqROCTM, 1, 000000 100000 10000 1000 000100 100100 10100 000010 100010 10010 001010 101010 1 , 13, -6757.5846, 0
model1, 53, seqROCTM, 2, 000 000100 100100 10100 000010 100010 10010 001010 101010 1 , 10, -6760.1884, 0
model1, 53, seqROCTM, 3, 000 000100 100100 10100 10 1 , 6, -6762.3651, 0
model1, 53, seqROCTM, 4, 000 100 10 1 , 4, -6763.5707, 0
model1, 53, seqROCTM, 5, 00 10 1 , 3, -6768.2451, 1
model1, 53, seqROCTM, 6, 0 1 , 2, -6818.8895, 0
model1, 53, seqROCTM, 7, , 0, -13607.7729, 0
model1, 54, seqROCTM, 0, 000000 100000 10000 001000 101000 000100 100100 10100 000010 100010 10010 001010 101010 1 , 14, -6768.8783, 0
model1, 54, seqROCTM, 1, 00000 10000 001000 101000 000100 100100 10100 000010 100010 10010 001010 101010 1 , 13, -6768.8839, 0
model1, 54, seqROCTM, 2, 00000 10000 001000 101000 000100 100100 10100 000010 100010 10010 1010 1 , 12, -6768.9051, 0
model1, 54, seqROCTM, 3, 00000 10000 1000 000100 100100 10100 000010 100010 10010 1010 1 , 11, -6769.0504, 0
model1, 54, seqROCTM, 4, 0000 1000 000100 100100 10100 000010 100010 10010 1010 1 , 10, -6769.2152, 0
model1, 54, seqROCTM, 5, 000 000100 100100 10100 000010 100010 10010 1010 1 , 9, -6769.4534, 0
model1, 54, seqROCTM, 6, 000 000100 100100 10100 10 1 , 6, -6772.0091, 0
model1, 54, seqROCTM, 7, 000 100 10 1 , 4, -6777.8613, 1
model1, 54, seqROCTM, 8, 00 10 1 , 3, -6783.4946, 0
model1, 54, seqROCTM, 9, 0 1 , 2, -6827.5994, 0
model1, 54, seqROCTM, 10, , 0, -13606.4851, 0
model1, 55, seqROCTM, 0, 000000 100000 10000 001000 101000 000100 100100 10100 000010 100010 10010 001010 101010 1 , 14, -6713.028, 0
model1, 55, seqROCTM, 1, 000000 100000 10000 1000 000100 100100 10100 000010 100010 10010 001010 101010 1 , 13, -6713.2059, 0
model1, 55, seqROCTM, 2, 000000 100000 10000 1000 100 000010 100010 10010 001010 101010 1 , 11, -6713.584, 0
model1, 55, seqROCTM, 3, 000000 100000 10000 1000 100 0010 001010 101010 1 , 9, -6715.2472, 0
model1, 55, seqROCTM, 4, 000000 100000 10000 1000 100 10 1 , 7, -6715.7224, 0
model1, 55, seqROCTM, 5, 0000 1000 100 10 1 , 5, -6716.8001, 0
model1, 55, seqROCTM, 6, 000 100 10 1 , 4, -6719.349, 1
model1, 55, seqROCTM, 7, 00 10 1 , 3, -6725.0168, 0
model1, 55, seqROCTM, 8, 0 1 , 2, -6771.1309, 0
model1, 55, seqROCTM, 9, , 0, -13614.4801, 0
model1, 56, seqROCTM, 0, 000000 100000 10000 001000 101000 000100 100100 10100 000010 100010 10010 001010 101010 1 , 14, -6785.9554, 0
model1, 56, seqROCTM, 1, 000000 100000 10000 001000 101000 000100 100100 10100 000010 100010 10010 1010 1 , 13, -6785.9593, 0
model1, 56, seqROCTM, 2, 000000 100000 10000 1000 000100 100100 10100 000010 100010 10010 1010 1 , 12, -6785.9641, 0
model1, 56, seqROCTM, 3, 000000 100000 10000 1000 100 000010 100010 10010 1010 1 , 10, -6786.4296, 0
model1, 56, seqROCTM, 4, 00000 10000 1000 100 000010 100010 10010 1010 1 , 9, -6786.6204, 0
model1, 56, seqROCTM, 5, 00000 10000 1000 100 0010 1010 1 , 7, -6787.0832, 0
model1, 56, seqROCTM, 6, 0000 1000 100 0010 1010 1 , 6, -6787.5357, 0
model1, 56, seqROCTM, 7, 0000 1000 100 10 1 , 5, -6789.7423, 0
model1, 56, seqROCTM, 8, 00 10 1 , 3, -6793.5391, 1
model1, 56, seqROCTM, 9, 0 1 , 2, -6835.6466, 0
model1, 56, seqROCTM, 10, , 0, -13605.5171, 0
model1, 57, seqROCTM, 0, 000000 100000 10000 001000 101000 000100 100100 10100 000010 100010 10010 001010 101010 1 , 14, -6656.6537, 0
model1, 57, seqROCTM, 1, 000000 100000 10000 1000 000100 100100 10100 000010 100010 10010 001010 101010 1 , 13, -6658.129, 0
model1, 57, seqROCTM, 2, 000000 100000 10000 1000 000100 100100 10100 000010 100010 10010 1010 1 , 12, -6658.22, 0
model1, 57, seqROCTM, 3, 000000 100000 10000 1000 100 000010 100010 10010 1010 1 , 10, -6660.0795, 0
model1, 57, seqROCTM, 4, 000 100 000010 100010 10010 1010 1 , 7, -6662.241, 0
model1, 57, seqROCTM, 5, 000 100 10 1 , 4, -6671.0508, 1
model1, 57, seqROCTM, 6, 00 10 1 , 3, -6675.2726, 0
model1, 57, seqROCTM, 7, 0 1 , 2, -6731.7346, 0
model1, 57, seqROCTM, 8, , 0, -13619.8434, 0
model1, 58, seqROCTM, 0, 000000 100000 10000 001000 101000 000100 100100 10100 000010 100010 10010 001010 101010 1 , 14, -6829.36, 0
model1, 58, seqROCTM, 1, 000000 100000 10000 001000 101000 100 000010 100010 10010 001010 101010 1 , 12, -6829.3876, 0
model1, 58, seqROCTM, 2, 0000 001000 101000 100 000010 100010 10010 001010 101010 1 , 10, -6829.4621, 0
model1, 58, seqROCTM, 3, 000 100 000010 100010 10010 001010 101010 1 , 8, -6830.441, 0
model1, 58, seqROCTM, 4, 000 100 00010 10010 001010 101010 1 , 7, -6831.1734, 0
model1, 58, seqROCTM, 5, 000 100 00010 10010 1010 1 , 6, -6831.8738, 0
model1, 58, seqROCTM, 6, 000 100 10 1 , 4, -6833.7528, 1
model1, 58, seqROCTM, 7, 00 10 1 , 3, -6844.1984, 0
model1, 58, seqROCTM, 8, 0 1 , 2, -6907.0236, 0
model1, 58, seqROCTM, 9, , 0, -13594.747, 0
model1, 59, seqROCTM, 0, 000000 100000 10000 001000 101000 000100 100100 10100 000010 100010 10010 001010 101010 1 , 14, -6722.8061, 0
model1, 59, seqROCTM, 1, 000000 100000 10000 001000 101000 00100 10100 000010 100010 10010 001010 101010 1 , 13, -6722.807, 0
model1, 59, seqROCTM, 2, 000000 100000 10000 1000 00100 10100 000010 100010 10010 001010 101010 1 , 12, -6724.1032, 0
model1, 59, seqROCTM, 3, 000000 100000 10000 1000 00100 10100 00010 10010 001010 101010 1 , 11, -6724.1518, 0
model1, 59, seqROCTM, 4, 000000 100000 10000 1000 00100 10100 10 1 , 8, -6727.1865, 0
model1, 59, seqROCTM, 5, 00000 10000 1000 00100 10100 10 1 , 7, -6727.9032, 0
model1, 59, seqROCTM, 6, 000 00100 10100 10 1 , 5, -6730.4647, 0
model1, 59, seqROCTM, 7, 000 100 10 1 , 4, -6733.3773, 1
model1, 59, seqROCTM, 8, 00 10 1 , 3, -6738.5862, 0
model1, 59, seqROCTM, 9, 0 1 , 2, -6773.1006, 0
model1, 59, seqROCTM, 10, , 0, -13614.1628, 0
model1, 60, seqROCTM, 0, 000000 100000 10000 001000 101000 000100 100100 10100 000010 100010 10010 001010 101010 1 , 14, -6764.1166, 0
model1, 60, seqROCTM, 1, 000000 100000 10000 001000 101000 100 000010 100010 10010 001010 101010 1 , 12, -6764.4327, 0
model1, 60, seqROCTM, 2, 000000 100000 10000 1000 100 000010 100010 10010 001010 101010 1 , 11, -6764.4763, 0
model1, 60, seqROCTM, 3, 000000 100000 10000 1000 100 00010 10010 001010 101010 1 , 10, -6764.6417, 0
model1, 60, seqROCTM, 4, 000000 100000 10000 1000 100 0010 001010 101010 1 , 9, -6764.8912, 0
model1, 60, seqROCTM, 5, 000000 100000 10000 1000 100 0010 1010 1 , 8, -6765.6097, 0
model1, 60, seqROCTM, 6, 000 100 0010 1010 1 , 5, -6768.6163, 0
model1, 60, seqROCTM, 7, 000 100 10 1 , 4, -6771.7683, 1
model1, 60, seqROCTM, 8, 00 10 1 , 3, -6777.173, 0
model1, 60, seqROCTM, 9, 0 1 , 2, -6814.0445, 0
model1, 60, seqROCTM, 10, , 0, -13608.4156, 0
model1, 61, seqROCTM, 0, 000000 100000 10000 001000 101000 000100 100100 10100 000010 100010 10010 001010 101010 1 , 14, -6802.533, 0
model1, 61, seqROCTM, 1, 000000 100000 10000 001000 101000 000100 100100 10100 00010 10010 001010 101010 1 , 13, -6802.9178, 0
model1, 61, seqROCTM, 2, 000000 100000 10000 001000 101000 000100 100100 10100 00010 10010 1010 1 , 12, -6802.9709, 0
model1, 61, seqROCTM, 3, 00000 10000 001000 101000 000100 100100 10100 00010 10010 1010 1 , 11, -6803.0453, 0
model1, 61, seqROCTM, 4, 00000 10000 001000 101000 000100 100100 10100 10 1 , 9, -6803.3663, 0
model1, 61, seqROCTM, 5, 00000 10000 1000 000100 100100 10100 10 1 , 8, -6803.5874, 0
model1, 61, seqROCTM, 6, 00000 10000 1000 00100 10100 10 1 , 7, -6804.2633, 0
model1, 61, seqROCTM, 7, 00000 10000 1000 100 10 1 , 6, -6804.9839, 0
model1, 61, seqROCTM, 8, 000 100 10 1 , 4, -6808.003, 1
model1, 61, seqROCTM, 9, 00 10 1 , 3, -6811.406, 0
model1, 61, seqROCTM, 10, 0 1 , 2, -6855.853, 0
model1, 61, seqROCTM, 11, , 0, -13602.2771, 0
model1, 62, seqROCTM, 0, 000000 100000 10000 001000 101000 000100 100100 10100 000010 100010 10010 001010 101010 1 , 14, -6748.3681, 0
model1, 62, seqROCTM, 1, 000000 100000 10000 001000 101000 00100 10100 000010 100010 10010 001010 101010 1 , 13, -6748.3696, 0
model1, 62, seqROCTM, 2, 000000 100000 10000 1000 00100 10100 000010 100010 10010 001010 101010 1 , 12, -6748.3805, 0
model1, 62, seqROCTM, 3, 000000 100000 10000 1000 00100 10100 0010 001010 101010 1 , 10, -6749.7359, 0
model1, 62, seqROCTM, 4, 000000 100000 10000 1000 00100 10100 10 1 , 8, -6750.8284, 0
model1, 62, seqROCTM, 5, 000000 100000 10000 1000 100 10 1 , 7, -6751.9278, 0
model1, 62, seqROCTM, 6, 000 100 10 1 , 4, -6759.6264, 1
model1, 62, seqROCTM, 7, 00 10 1 , 3, -6769.2657, 0
model1, 62, seqROCTM, 8, 0 1 , 2, -6808.5432, 0
model1, 62, seqROCTM, 9, , 0, -13609.0575, 0
model1, 63, seqROCTM, 0, 000000 100000 10000 001000 101000 000100 100100 10100 000010 100010 10010 001010 101010 1 , 14, -6831.8803, 0
model1, 63, seqROCTM, 1, 000000 100000 10000 001000 101000 000100 100100 10100 00010 10010 001010 101010 1 , 13, -6831.8853, 0
model1, 63, seqROCTM, 2, 000000 100000 10000 001000 101000 000100 100100 10100 0010 001010 101010 1 , 12, -6831.8925, 0
model1, 63, seqROCTM, 3, 000000 100000 10000 001000 101000 00100 10100 0010 001010 101010 1 , 11, -6831.9706, 0
model1, 63, seqROCTM, 4, 000000 100000 10000 001000 101000 100 0010 001010 101010 1 , 10, -6832.2893, 0
model1, 63, seqROCTM, 5, 000000 100000 10000 1000 100 0010 001010 101010 1 , 9, -6832.7471, 0
model1, 63, seqROCTM, 6, 000000 100000 10000 1000 100 10 1 , 7, -6835.2231, 0
model1, 63, seqROCTM, 7, 000 100 10 1 , 4, -6838.638, 1
model1, 63, seqROCTM, 8, 00 10 1 , 3, -6850.3501, 0
model1, 63, seqROCTM, 9, 0 1 , 2, -6895.9565, 0
model1, 63, seqROCTM, 10, , 0, -13596.7219, 0
model1, 64, seqROCTM, 0, 000000 100000 10000 001000 101000 000100 100100 10100 000010 100010 10010 001010 101010 1 , 14, -6841.3759, 0
model1, 64, seqROCTM, 1, 000000 100000 10000 001000 101000 000100 100100 10100 000010 100010 10010 1010 1 , 13, -6841.3799, 0
model1, 64, seqROCTM, 2, 000000 100000 10000 001000 101000 00100 10100 000010 100010 10010 1010 1 , 12, -6841.4469, 0
model1, 64, seqROCTM, 3, 000000 100000 10000 001000 101000 00100 10100 00010 10010 1010 1 , 11, -6841.9633, 0
model1, 64, seqROCTM, 4, 0000 001000 101000 00100 10100 00010 10010 1010 1 , 9, -6842.3069, 0
model1, 64, seqROCTM, 5, 0000 001000 101000 00100 10100 0010 1010 1 , 8, -6843.0008, 0
model1, 64, seqROCTM, 6, 000 00100 10100 0010 1010 1 , 6, -6844.8367, 0
model1, 64, seqROCTM, 7, 000 100 0010 1010 1 , 5, -6845.6955, 0
model1, 64, seqROCTM, 8, 000 100 10 1 , 4, -6847.4812, 1
model1, 64, seqROCTM, 9, 00 10 1 , 3, -6856.4518, 0
model1, 64, seqROCTM, 10, 0 1 , 2, -6909.2332, 0
model1, 64, seqROCTM, 11, , 0, -13594.4172, 0
model1, 65, seqROCTM, 0, 000000 100000 10000 001000 101000 000100 100100 10100 000010 100010 10010 001010 101010 1 , 14, -6719.2373, 0
model1, 65, seqROCTM, 1, 000000 100000 10000 001000 101000 000100 100100 10100 000010 100010 10010 1010 1 , 13, -6719.2487, 0
model1, 65, seqROCTM, 2, 00000 10000 001000 101000 000100 100100 10100 000010 100010 10010 1010 1 , 12, -6719.3428, 0
model1, 65, seqROCTM, 3, 00000 10000 1000 000100 100100 10100 000010 100010 10010 1010 1 , 11, -6720.8794, 0
model1, 65, seqROCTM, 4, 00000 10000 1000 100 000010 100010 10010 1010 1 , 9, -6722.9071, 0
model1, 65, seqROCTM, 5, 000 100 000010 100010 10010 1010 1 , 7, -6723.8763, 0
model1, 65, seqROCTM, 6, 000 100 0010 1010 1 , 5, -6724.8884, 0
model1, 65, seqROCTM, 7, 000 100 10 1 , 4, -6726.8045, 1
model1, 65, seqROCTM, 8, 00 10 1 , 3, -6732.0863, 0
model1, 65, seqROCTM, 9, 0 1 , 2, -6776.6875, 0
model1, 65, seqROCTM, 10, , 0, -13613.8452, 0
model1, 66, seqROCTM, 0, 000000 100000 10000 001000 101000 000100 100100 10100 000010 100010 10010 001010 101010 1 , 14, -6766.1808, 0
model1, 66, seqROCTM, 1, 000000 100000 10000 1000 000100 100100 10100 000010 100010 10010 001010 101010 1 , 13, -6766.207, 0
model1, 66, seqROCTM, 2, 000000 100000 10000 1000 100 000010 100010 10010 001010 101010 1 , 11, -6766.7778, 0
model1, 66, seqROCTM, 3, 000 100 000010 100010 10010 001010 101010 1 , 8, -6767.4783, 0
model1, 66, seqROCTM, 4, 000 100 0010 001010 101010 1 , 6, -6769.2186, 0
model1, 66, seqROCTM, 5, 000 100 10 1 , 4, -6773.3433, 0
model1, 66, seqROCTM, 6, 00 10 1 , 3, -6775.232, 1
model1, 66, seqROCTM, 7, 0 1 , 2, -6824.376, 0
model1, 66, seqROCTM, 8, , 0, -13607.1295, 0
model1, 67, seqROCTM, 0, 000000 100000 10000 001000 101000 000100 100100 10100 000010 100010 10010 001010 101010 1 , 14, -6714.825, 0
model1, 67, seqROCTM, 1, 000000 100000 10000 001000 101000 000100 100100 10100 00010 10010 001010 101010 1 , 13, -6716.158, 0
model1, 67, seqROCTM, 2, 000000 100000 10000 001000 101000 00100 10100 00010 10010 001010 101010 1 , 12, -6716.2968, 0
model1, 67, seqROCTM, 3, 000000 100000 10000 001000 101000 100 00010 10010 001010 101010 1 , 11, -6716.5865, 0
model1, 67, seqROCTM, 4, 00000 10000 001000 101000 100 00010 10010 001010 101010 1 , 10, -6716.9903, 0
model1, 67, seqROCTM, 5, 0000 001000 101000 100 00010 10010 001010 101010 1 , 9, -6717.5849, 0
model1, 67, seqROCTM, 6, 000 100 00010 10010 001010 101010 1 , 7, -6719.1753, 0
model1, 67, seqROCTM, 7, 000 100 10 1 , 4, -6722.9391, 1
model1, 67, seqROCTM, 8, 00 10 1 , 3, -6727.4051, 0
model1, 67, seqROCTM, 9, 0 1 , 2, -6782.5538, 0
model1, 67, seqROCTM, 10, , 0, -13612.8914, 0
model1, 68, seqROCTM, 0, 000000 100000 10000 001000 101000 000100 100100 10100 000010 100010 10010 001010 101010 1 , 14, -6729.5123, 0
model1, 68, seqROCTM, 1, 000000 100000 10000 1000 000100 100100 10100 000010 100010 10010 001010 101010 1 , 13, -6729.5179, 0
model1, 68, seqROCTM, 2, 00000 10000 1000 000100 100100 10100 000010 100010 10010 001010 101010 1 , 12, -6729.5236, 0
model1, 68, seqROCTM, 3, 00000 10000 1000 00100 10100 000010 100010 10010 001010 101010 1 , 11, -6729.539, 0
model1, 68, seqROCTM, 4, 0000 1000 00100 10100 000010 100010 10010 001010 101010 1 , 10, -6729.6592, 0
model1, 68, seqROCTM, 5, 00 000010 100010 10010 001010 101010 1 , 7, -6731.8671, 0
model1, 68, seqROCTM, 6, 00 000010 100010 10010 1010 1 , 6, -6732.6103, 0
model1, 68, seqROCTM, 7, 00 0010 1010 1 , 4, -6734.4727, 0
model1, 68, seqROCTM, 8, 00 10 1 , 3, -6735.3832, 1
model1, 68, seqROCTM, 9, 0 1 , 2, -6793.9443, 0
model1, 68, seqROCTM, 10, , 0, -13611.2975, 0
model1, 69, seqROCTM, 0, 000000 100000 10000 001000 101000 000100 100100 10100 000010 100010 10010 001010 101010 1 , 14, -6713.3103, 0
model1, 69, seqROCTM, 1, 000000 100000 10000 001000 101000 000100 100100 10100 000010 100010 10010 1010 1 , 13, -6713.3398, 0
model1, 69, seqROCTM, 2, 000000 100000 10000 001000 101000 000100 100100 10100 10 1 , 10, -6713.8589, 0
model1, 69, seqROCTM, 3, 000000 100000 10000 001000 101000 00100 10100 10 1 , 9, -6714.0399, 0
model1, 69, seqROCTM, 4, 000000 100000 10000 1000 00100 10100 10 1 , 8, -6714.3007, 0
model1, 69, seqROCTM, 5, 000000 100000 10000 1000 100 10 1 , 7, -6714.7477, 0
model1, 69, seqROCTM, 6, 0000 1000 100 10 1 , 5, -6716.3572, 1
model1, 69, seqROCTM, 7, 000 100 10 1 , 4, -6719.5041, 0
model1, 69, seqROCTM, 8, 00 10 1 , 3, -6730.1969, 0
model1, 69, seqROCTM, 9, 0 1 , 2, -6798.4914, 0
model1, 69, seqROCTM, 10, , 0, -13610.6585, 0
model1, 70, seqROCTM, 0, 000000 100000 10000 001000 101000 000100 100100 10100 000010 100010 10010 001010 101010 1 , 14, -6786.8943, 0
model1, 70, seqROCTM, 1, 000000 100000 10000 001000 101000 000100 100100 10100 00010 10010 001010 101010 1 , 13, -6787.2816, 0
model1, 70, seqROCTM, 2, 000000 100000 10000 001000 101000 00100 10100 00010 10010 001010 101010 1 , 12, -6787.3984, 0
model1, 70, seqROCTM, 3, 0000 001000 101000 00100 10100 00010 10010 001010 101010 1 , 10, -6788.319, 0
model1, 70, seqROCTM, 4, 0000 001000 101000 00100 10100 10 1 , 7, -6789.7566, 0
model1, 70, seqROCTM, 5, 0000 001000 101000 100 10 1 , 6, -6790.7038, 0
model1, 70, seqROCTM, 6, 000 100 10 1 , 4, -6793.265, 1
model1, 70, seqROCTM, 7, 00 10 1 , 3, -6801.6288, 0
model1, 70, seqROCTM, 8, 0 1 , 2, -6848.1694, 0
model1, 70, seqROCTM, 9, , 0, -13603.5756, 0
model1, 71, seqROCTM, 0, 000000 100000 10000 001000 101000 000100 100100 10100 000010 100010 10010 001010 101010 1 , 14, -6817.9193, 0
model1, 71, seqROCTM, 1, 000000 100000 10000 001000 101000 000100 100100 10100 00010 10010 001010 101010 1 , 13, -6817.9232, 0
model1, 71, seqROCTM, 2, 000000 100000 10000 001000 101000 00100 10100 00010 10010 001010 101010 1 , 12, -6817.9326, 0
model1, 71, seqROCTM, 3, 000000 100000 10000 001000 101000 100 00010 10010 001010 101010 1 , 11, -6818.2508, 0
model1, 71, seqROCTM, 4, 000000 100000 10000 001000 101000 100 10 1 , 8, -6819.8455, 0
model1, 71, seqROCTM, 5, 000000 100000 10000 1000 100 10 1 , 7, -6820.0066, 0
model1, 71, seqROCTM, 6, 00000 10000 1000 100 10 1 , 6, -6820.4164, 0
model1, 71, seqROCTM, 7, 000 100 10 1 , 4, -6821.928, 0
model1, 71, seqROCTM, 8, 00 10 1 , 3, -6824.0708, 1
model1, 71, seqROCTM, 9, 0 1 , 2, -6872.4495, 0
model1, 71, seqROCTM, 10, , 0, -13599.9968, 0
model1, 72, seqROCTM, 0, 000000 100000 10000 001000 101000 000100 100100 10100 000010 100010 10010 001010 101010 1 , 14, -6695.1753, 0
model1, 72, seqROCTM, 1, 000000 100000 10000 001000 101000 000100 100100 10100 0010 001010 101010 1 , 12, -6695.184, 0
model1, 72, seqROCTM, 2, 000000 100000 10000 1000 000100 100100 10100 0010 001010 101010 1 , 11, -6695.1906, 0
model1, 72, seqROCTM, 3, 000000 100000 10000 1000 000100 100100 10100 0010 1010 1 , 10, -6695.2061, 0
model1, 72, seqROCTM, 4, 000000 100000 10000 1000 00100 10100 0010 1010 1 , 9, -6695.4245, 0
model1, 72, seqROCTM, 5, 000000 100000 10000 1000 100 0010 1010 1 , 8, -6696.0131, 0
model1, 72, seqROCTM, 6, 000000 100000 10000 1000 100 10 1 , 7, -6697.8188, 0
model1, 72, seqROCTM, 7, 000 100 10 1 , 4, -6699.9231, 1
model1, 72, seqROCTM, 8, 00 10 1 , 3, -6704.4767, 0
model1, 72, seqROCTM, 9, 0 1 , 2, -6750.1719, 0
model1, 72, seqROCTM, 10, , 0, -13617.3269, 0
model1, 73, seqROCTM, 0, 000000 100000 10000 001000 101000 000100 100100 10100 000010 100010 10010 001010 101010 1 , 14, -6769.4598, 0
model1, 73, seqROCTM, 1, 00000 10000 001000 101000 000100 100100 10100 000010 100010 10010 001010 101010 1 , 13, -6769.6515, 0
model1, 73, seqROCTM, 2, 0000 001000 101000 000100 100100 10100 000010 100010 10010 001010 101010 1 , 12, -6769.852, 0
model1, 73, seqROCTM, 3, 0000 001000 101000 000100 100100 10100 0010 001010 101010 1 , 10, -6770.9062, 0
model1, 73, seqROCTM, 4, 000 000100 100100 10100 0010 001010 101010 1 , 8, -6772.2087, 0
model1, 73, seqROCTM, 5, 000 100 0010 001010 101010 1 , 6, -6775.6825, 0
model1, 73, seqROCTM, 6, 000 100 10 1 , 4, -6780.2737, 1
model1, 73, seqROCTM, 7, 00 10 1 , 3, -6788.0004, 0
model1, 73, seqROCTM, 8, 0 1 , 2, -6852.3301, 0
model1, 73, seqROCTM, 9, , 0, -13602.9267, 0
model1, 74, seqROCTM, 0, 000000 100000 10000 001000 101000 000100 100100 10100 000010 100010 10010 001010 101010 1 , 14, -6799.1148, 0
model1, 74, seqROCTM, 1, 000000 100000 10000 1000 000100 100100 10100 000010 100010 10010 001010 101010 1 , 13, -6799.1368, 0
model1, 74, seqROCTM, 2, 000000 100000 10000 1000 000100 100100 10100 00010 10010 001010 101010 1 , 12, -6799.1987, 0
model1, 74, seqROCTM, 3, 0000 1000 000100 100100 10100 00010 10010 001010 101010 1 , 10, -6799.3518, 0
model1, 74, seqROCTM, 4, 0000 1000 100 00010 10010 001010 101010 1 , 8, -6799.7845, 0
model1, 74, seqROCTM, 5, 000 100 00010 10010 001010 101010 1 , 7, -6800.2025, 0
model1, 74, seqROCTM, 6, 000 100 0010 001010 101010 1 , 6, -6800.6936, 0
model1, 74, seqROCTM, 7, 000 100 10 1 , 4, -6802.9942, 1
model1, 74, seqROCTM, 8, 00 10 1 , 3, -6807.1625, 0
model1, 74, seqROCTM, 9, 0 1 , 2, -6853.613, 0
model1, 74, seqROCTM, 10, , 0, -13602.9267, 0
model1, 75, seqROCTM, 0, 000000 100000 10000 001000 101000 000100 100100 10100 000010 100010 10010 001010 101010 1 , 14, -6766.1186, 0
model1, 75, seqROCTM, 1, 000000 100000 10000 001000 101000 000100 100100 10100 0010 001010 101010 1 , 12, -6766.5736, 0
model1, 75, seqROCTM, 2, 000000 100000 10000 001000 101000 100 0010 001010 101010 1 , 10, -6766.6862, 0
model1, 75, seqROCTM, 3, 00000 10000 001000 101000 100 0010 001010 101010 1 , 9, -6766.7503, 0
model1, 75, seqROCTM, 4, 00000 10000 1000 100 0010 001010 101010 1 , 8, -6766.82, 0
model1, 75, seqROCTM, 5, 00000 10000 1000 100 10 1 , 6, -6767.1226, 0
model1, 75, seqROCTM, 6, 0000 1000 100 10 1 , 5, -6767.5222, 0
model1, 75, seqROCTM, 7, 000 100 10 1 , 4, -6768.8583, 1
model1, 75, seqROCTM, 8, 00 10 1 , 3, -6774.6812, 0
model1, 75, seqROCTM, 9, 0 1 , 2, -6833.3951, 0
model1, 75, seqROCTM, 10, , 0, -13605.5171, 0
model1, 76, seqROCTM, 0, 000000 100000 10000 001000 101000 000100 100100 10100 000010 100010 10010 001010 101010 1 , 14, -6746.1573, 0
model1, 76, seqROCTM, 1, 000000 100000 10000 001000 101000 000100 100100 10100 000010 100010 10010 1010 1 , 13, -6746.1682, 0
model1, 76, seqROCTM, 2, 000000 100000 10000 1000 000100 100100 10100 000010 100010 10010 1010 1 , 12, -6746.2254, 0
model1, 76, seqROCTM, 3, 000000 100000 10000 1000 100 000010 100010 10010 1010 1 , 10, -6746.635, 0
model1, 76, seqROCTM, 4, 00000 10000 1000 100 000010 100010 10010 1010 1 , 9, -6746.7788, 0
model1, 76, seqROCTM, 5, 00000 10000 1000 100 10 1 , 6, -6748.7532, 0
model1, 76, seqROCTM, 6, 000 100 10 1 , 4, -6749.2652, 0
model1, 76, seqROCTM, 7, 00 10 1 , 3, -6751.8729, 1
model1, 76, seqROCTM, 8, 0 1 , 2, -6804.9821, 0
model1, 76, seqROCTM, 9, , 0, -13609.6985, 0
model1, 77, seqROCTM, 0, 000000 100000 10000 001000 101000 000100 100100 10100 000010 100010 10010 001010 101010 1 , 14, -6764.9346, 0
model1, 77, seqROCTM, 1, 00000 10000 001000 101000 000100 100100 10100 000010 100010 10010 001010 101010 1 , 13, -6764.9753, 0
model1, 77, seqROCTM, 2, 00000 10000 001000 101000 100 000010 100010 10010 001010 101010 1 , 11, -6765.2626, 0
model1, 77, seqROCTM, 3, 000 100 000010 100010 10010 001010 101010 1 , 8, -6766.7932, 0
model1, 77, seqROCTM, 4, 000 100 0010 001010 101010 1 , 6, -6768.8944, 0
model1, 77, seqROCTM, 5, 000 100 0010 1010 1 , 5, -6770.0888, 0
model1, 77, seqROCTM, 6, 000 100 10 1 , 4, -6773.8346, 1
model1, 77, seqROCTM, 7, 00 10 1 , 3, -6781.4681, 0
model1, 77, seqROCTM, 8, 0 1 , 2, -6844.64, 0
model1, 77, seqROCTM, 9, , 0, -13603.8997, 0
model1, 78, seqROCTM, 0, 000000 100000 10000 001000 101000 000100 100100 10100 000010 100010 10010 001010 101010 1 , 14, -6708.2099, 0
model1, 78, seqROCTM, 1, 000000 100000 10000 001000 101000 000100 100100 10100 000010 100010 10010 1010 1 , 13, -6708.2997, 0
model1, 78, seqROCTM, 2, 000000 100000 10000 001000 101000 000100 100100 10100 0010 1010 1 , 11, -6708.8229, 0
model1, 78, seqROCTM, 3, 000000 100000 10000 001000 101000 100 0010 1010 1 , 9, -6709.1904, 0
model1, 78, seqROCTM, 4, 000000 100000 10000 1000 100 0010 1010 1 , 8, -6709.4713, 0
model1, 78, seqROCTM, 5, 000 100 0010 1010 1 , 5, -6714.2406, 0
model1, 78, seqROCTM, 6, 000 100 10 1 , 4, -6717.8102, 1
model1, 78, seqROCTM, 7, 00 10 1 , 3, -6723.6155, 0
model1, 78, seqROCTM, 8, 0 1 , 2, -6768.8424, 0
model1, 78, seqROCTM, 9, , 0, -13614.7972, 0
model1, 79, seqROCTM, 0, 000000 100000 10000 001000 101000 000100 100100 10100 000010 100010 10010 001010 101010 1 , 14, -6780.6617, 0
model1, 79, seqROCTM, 1, 000000 100000 10000 001000 101000 000100 100100 10100 000010 100010 10010 1010 1 , 13, -6780.6624, 0
model1, 79, seqROCTM, 2, 000000 100000 10000 001000 101000 000100 100100 10100 00010 10010 1010 1 , 12, -6780.7439, 0
model1, 79, seqROCTM, 3, 000000 100000 10000 001000 101000 000100 100100 10100 10 1 , 10, -6782.2403, 0
model1, 79, seqROCTM, 4, 000000 100000 10000 001000 101000 00100 10100 10 1 , 9, -6782.4174, 0
model1, 79, seqROCTM, 5, 000000 100000 10000 001000 101000 100 10 1 , 8, -6784.3587, 0
model1, 79, seqROCTM, 6, 000 100 10 1 , 4, -6787.8183, 1
model1, 79, seqROCTM, 7, 00 10 1 , 3, -6794.5287, 0
model1, 79, seqROCTM, 8, 0 1 , 2, -6845.6007, 0
model1, 79, seqROCTM, 9, , 0, -13603.8997, 0
model1, 80, seqROCTM, 0, 000000 100000 10000 001000 101000 000100 100100 10100 000010 100010 10010 001010 101010 1 , 14, -6820.0918, 0
model1, 80, seqROCTM, 1, 00000 10000 001000 101000 000100 100100 10100 000010 100010 10010 001010 101010 1 , 13, -6820.2093, 0
model1, 80, seqROCTM, 2, 00000 10000 1000 000100 100100 10100 000010 100010 10010 001010 101010 1 , 12, -6820.3483, 0
model1, 80, seqROCTM, 3, 0000 1000 000100 100100 10100 000010 100010 10010 001010 101010 1 , 11, -6820.5516, 0
model1, 80, seqROCTM, 4, 000 000100 100100 10100 000010 100010 10010 001010 101010 1 , 10, -6821.0942, 0
model1, 80, seqROCTM, 5, 000 000100 100100 10100 000010 100010 10010 1010 1 , 9, -6821.8359, 0
model1, 80, seqROCTM, 6, 000 000100 100100 10100 10 1 , 6, -6826.8263, 0
model1, 80, seqROCTM, 7, 000 100 10 1 , 4, -6829.4436, 1
model1, 80, seqROCTM, 8, 00 10 1 , 3, -6836.9199, 0
model1, 80, seqROCTM, 9, 0 1 , 2, -6875.0053, 0
model1, 80, seqROCTM, 10, , 0, -13599.6703, 0
model1, 81, seqROCTM, 0, 000000 100000 10000 001000 101000 000100 100100 10100 000010 100010 10010 001010 101010 1 , 14, -6783.6756, 0
model1, 81, seqROCTM, 1, 000000 100000 10000 001000 101000 000100 100100 10100 0010 001010 101010 1 , 12, -6783.8771, 0
model1, 81, seqROCTM, 2, 000000 100000 10000 1000 000100 100100 10100 0010 001010 101010 1 , 11, -6784.5078, 0
model1, 81, seqROCTM, 3, 000 000100 100100 10100 0010 001010 101010 1 , 8, -6786.238, 0
model1, 81, seqROCTM, 4, 000 100 0010 001010 101010 1 , 6, -6790.1173, 0
model1, 81, seqROCTM, 5, 000 100 10 1 , 4, -6793.86, 1
model1, 81, seqROCTM, 6, 00 10 1 , 3, -6796.667, 0
model1, 81, seqROCTM, 7, 0 1 , 2, -6851.3716, 0
model1, 81, seqROCTM, 8, , 0, -13603.2512, 0
model1, 82, seqROCTM, 0, 000000 100000 10000 001000 101000 000100 100100 10100 000010 100010 10010 001010 101010 1 , 14, -6829.3441, 0
model1, 82, seqROCTM, 1, 000000 100000 10000 001000 101000 00100 10100 000010 100010 10010 001010 101010 1 , 13, -6829.3442, 0
model1, 82, seqROCTM, 2, 000000 100000 10000 001000 101000 00100 10100 00010 10010 001010 101010 1 , 12, -6829.386, 0
model1, 82, seqROCTM, 3, 000000 100000 10000 001000 101000 00100 10100 0010 001010 101010 1 , 11, -6829.433, 0
model1, 82, seqROCTM, 4, 000000 100000 10000 001000 101000 00100 10100 0010 1010 1 , 10, -6829.5547, 0
model1, 82, seqROCTM, 5, 000000 100000 10000 001000 101000 00100 10100 10 1 , 9, -6829.7966, 0
model1, 82, seqROCTM, 6, 000000 100000 10000 1000 00100 10100 10 1 , 8, -6830.1313, 0
model1, 82, seqROCTM, 7, 000 00100 10100 10 1 , 5, -6833.8462, 0
model1, 82, seqROCTM, 8, 000 100 10 1 , 4, -6835.7358, 1
model1, 82, seqROCTM, 9, 00 10 1 , 3, -6844.0507, 0
model1, 82, seqROCTM, 10, 0 1 , 2, -6881.6857, 0
model1, 82, seqROCTM, 11, , 0, -13598.6893, 0
model1, 83, seqROCTM, 0, 000000 100000 10000 001000 101000 000100 100100 10100 000010 100010 10010 001010 101010 1 , 14, -6731.8544, 0
model1, 83, seqROCTM, 1, 000000 100000 10000 1000 000100 100100 10100 000010 100010 10010 001010 101010 1 , 13, -6732.0473, 0
model1, 83, seqROCTM, 2, 000000 100000 10000 1000 000100 100100 10100 000010 100010 10010 1010 1 , 12, -6732.3155, 0
model1, 83, seqROCTM, 3, 000 000100 100100 10100 000010 100010 10010 1010 1 , 9, -6733.6692, 0
model1, 83, seqROCTM, 4, 000 100 000010 100010 10010 1010 1 , 7, -6734.5038, 0
model1, 83, seqROCTM, 5, 000 100 00010 10010 1010 1 , 6, -6736.2939, 0
model1, 83, seqROCTM, 6, 000 100 10 1 , 4, -6739.8801, 0
model1, 83, seqROCTM, 7, 00 10 1 , 3, -6744.8342, 1
model1, 83, seqROCTM, 8, 0 1 , 2, -6783.5352, 0
model1, 83, seqROCTM, 9, , 0, -13612.573, 0
model1, 84, seqROCTM, 0, 000000 100000 10000 001000 101000 000100 100100 10100 000010 100010 10010 001010 101010 1 , 14, -6726.9881, 0
model1, 84, seqROCTM, 1, 00000 10000 001000 101000 000100 100100 10100 000010 100010 10010 001010 101010 1 , 13, -6726.9898, 0
model1, 84, seqROCTM, 2, 00000 10000 1000 000100 100100 10100 000010 100010 10010 001010 101010 1 , 12, -6726.9932, 0
model1, 84, seqROCTM, 3, 00000 10000 1000 000100 100100 10100 000010 100010 10010 1010 1 , 11, -6727.0036, 0
model1, 84, seqROCTM, 4, 0000 1000 000100 100100 10100 000010 100010 10010 1010 1 , 10, -6727.0297, 0
model1, 84, seqROCTM, 5, 0000 1000 00100 10100 000010 100010 10010 1010 1 , 9, -6727.1086, 0
model1, 84, seqROCTM, 6, 000 00100 10100 000010 100010 10010 1010 1 , 8, -6727.5902, 0
model1, 84, seqROCTM, 7, 000 00100 10100 00010 10010 1010 1 , 7, -6729.1656, 0
model1, 84, seqROCTM, 8, 000 100 00010 10010 1010 1 , 6, -6729.5956, 0
model1, 84, seqROCTM, 9, 000 100 10 1 , 4, -6730.6636, 1
model1, 84, seqROCTM, 10, 00 10 1 , 3, -6739.1607, 0
model1, 84, seqROCTM, 11, 0 1 , 2, -6788.0937, 0
model1, 84, seqROCTM, 12, , 0, -13611.9357, 0
model1, 85, seqROCTM, 0, 000000 100000 10000 001000 101000 000100 100100 10100 000010 100010 10010 001010 101010 1 , 14, -6746.3661, 0
model1, 85, seqROCTM, 1, 00000 10000 001000 101000 000100 100100 10100 000010 100010 10010 001010 101010 1 , 13, -6746.5808, 0
model1, 85, seqROCTM, 2, 00000 10000 001000 101000 00100 10100 000010 100010 10010 001010 101010 1 , 12, -6746.8218, 0
model1, 85, seqROCTM, 3, 0000 001000 101000 00100 10100 000010 100010 10010 001010 101010 1 , 11, -6747.4417, 0
model1, 85, seqROCTM, 4, 000 00100 10100 000010 100010 10010 001010 101010 1 , 9, -6749.818, 0
model1, 85, seqROCTM, 5, 000 00100 10100 00010 10010 001010 101010 1 , 8, -6750.5034, 0
model1, 85, seqROCTM, 6, 000 100 00010 10010 001010 101010 1 , 7, -6751.1961, 0
model1, 85, seqROCTM, 7, 000 100 10 1 , 4, -6759.1952, 0
model1, 85, seqROCTM, 8, 00 10 1 , 3, -6764.6901, 1
model1, 85, seqROCTM, 9, 0 1 , 2, -6841.4317, 0
model1, 85, seqROCTM, 10, , 0, -13604.5473, 0
model1, 86, seqROCTM, 0, 000000 100000 10000 001000 101000 000100 100100 10100 000010 100010 10010 001010 101010 1 , 14, -6772.5341, 0
model1, 86, seqROCTM, 1, 000000 100000 10000 001000 101000 000100 100100 10100 000010 100010 10010 1010 1 , 13, -6772.5342, 0
model1, 86, seqROCTM, 2, 000000 100000 10000 1000 000100 100100 10100 000010 100010 10010 1010 1 , 12, -6772.5605, 0
model1, 86, seqROCTM, 3, 0000 1000 000100 100100 10100 000010 100010 10010 1010 1 , 10, -6772.6896, 0
model1, 86, seqROCTM, 4, 000 000100 100100 10100 000010 100010 10010 1010 1 , 9, -6772.9345, 0
model1, 86, seqROCTM, 5, 000 000100 100100 10100 10 1 , 6, -6775.6234, 0
model1, 86, seqROCTM, 6, 000 100 10 1 , 4, -6776.858, 1
model1, 86, seqROCTM, 7, 00 10 1 , 3, -6779.1536, 0
model1, 86, seqROCTM, 8, 0 1 , 2, -6834.3595, 0
model1, 86, seqROCTM, 9, , 0, -13605.5171, 0
model1, 87, seqROCTM, 0, 000000 100000 10000 001000 101000 000100 100100 10100 000010 100010 10010 001010 101010 1 , 14, -6763.217, 0
model1, 87, seqROCTM, 1, 00000 10000 001000 101000 000100 100100 10100 000010 100010 10010 001010 101010 1 , 13, -6763.2278, 0
model1, 87, seqROCTM, 2, 0000 001000 101000 000100 100100 10100 000010 100010 10010 001010 101010 1 , 12, -6763.2863, 0
model1, 87, seqROCTM, 3, 0000 001000 101000 00100 10100 000010 100010 10010 001010 101010 1 , 11, -6763.4611, 0
model1, 87, seqROCTM, 4, 0000 001000 101000 00100 10100 0010 001010 101010 1 , 9, -6764.2199, 0
model1, 87, seqROCTM, 5, 0000 001000 101000 100 0010 001010 101010 1 , 8, -6764.5371, 0
model1, 87, seqROCTM, 6, 0000 001000 101000 100 0010 1010 1 , 7, -6764.8774, 0
model1, 87, seqROCTM, 7, 000 100 0010 1010 1 , 5, -6765.9695, 0
model1, 87, seqROCTM, 8, 00 0010 1010 1 , 4, -6768.1476, 0
model1, 87, seqROCTM, 9, 00 10 1 , 3, -6769.7295, 1
model1, 87, seqROCTM, 10, 0 1 , 2, -6816.6282, 0
model1, 87, seqROCTM, 11, , 0, -13608.0944, 0
model1, 88, seqROCTM, 0, 000000 100000 10000 001000 101000 000100 100100 10100 000010 100010 10010 001010 101010 1 , 14, -6821.4459, 0
model1, 88, seqROCTM, 1, 000000 100000 10000 001000 101000 100 000010 100010 10010 001010 101010 1 , 12, -6821.6366, 0
model1, 88, seqROCTM, 2, 000000 100000 10000 001000 101000 100 000010 100010 10010 1010 1 , 11, -6821.8682, 0
model1, 88, seqROCTM, 3, 000000 100000 10000 1000 100 000010 100010 10010 1010 1 , 10, -6822.1343, 0
model1, 88, seqROCTM, 4, 000000 100000 10000 1000 100 10 1 , 7, -6823.9345, 0
model1, 88, seqROCTM, 5, 00000 10000 1000 100 10 1 , 6, -6824.8433, 0
model1, 88, seqROCTM, 6, 000 100 10 1 , 4, -6827.2542, 1
model1, 88, seqROCTM, 7, 00 10 1 , 3, -6835.3368, 0
model1, 88, seqROCTM, 8, 0 1 , 2, -6895.0123, 0
model1, 88, seqROCTM, 9, , 0, -13596.7219, 0
model1, 89, seqROCTM, 0, 000000 100000 10000 001000 101000 000100 100100 10100 000010 100010 10010 001010 101010 1 , 14, -6728.7005, 0
model1, 89, seqROCTM, 1, 000000 100000 10000 001000 101000 100 000010 100010 10010 001010 101010 1 , 12, -6728.9225, 0
model1, 89, seqROCTM, 2, 000000 100000 10000 001000 101000 100 00010 10010 001010 101010 1 , 11, -6728.981, 0
model1, 89, seqROCTM, 3, 000000 100000 10000 001000 101000 100 10 1 , 8, -6730.8203, 0
model1, 89, seqROCTM, 4, 000000 100000 10000 1000 100 10 1 , 7, -6731.2269, 0
model1, 89, seqROCTM, 5, 000 100 10 1 , 4, -6732.648, 1
model1, 89, seqROCTM, 6, 00 10 1 , 3, -6737.5139, 0
model1, 89, seqROCTM, 7, 0 1 , 2, -6817.5983, 0
model1, 89, seqROCTM, 8, , 0, -13608.0944, 0
model1, 90, seqROCTM, 0, 000000 100000 10000 001000 101000 000100 100100 10100 000010 100010 10010 001010 101010 1 , 14, -6679.4892, 0
model1, 90, seqROCTM, 1, 000000 100000 10000 001000 101000 000100 100100 10100 000010 100010 10010 1010 1 , 13, -6679.4925, 0
model1, 90, seqROCTM, 2, 000000 100000 10000 001000 101000 000100 100100 10100 0010 1010 1 , 11, -6679.7804, 0
model1, 90, seqROCTM, 3, 000000 100000 10000 001000 101000 100 0010 1010 1 , 9, -6680.6322, 0
model1, 90, seqROCTM, 4, 000000 100000 10000 1000 100 0010 1010 1 , 8, -6680.9979, 0
model1, 90, seqROCTM, 5, 000000 100000 10000 1000 100 10 1 , 7, -6682.9879, 0
model1, 90, seqROCTM, 6, 00000 10000 1000 100 10 1 , 6, -6683.8357, 0
model1, 90, seqROCTM, 7, 000 100 10 1 , 4, -6685.9625, 1
model1, 90, seqROCTM, 8, 00 10 1 , 3, -6696.4559, 0
model1, 90, seqROCTM, 9, 0 1 , 2, -6745.5704, 0
model1, 90, seqROCTM, 10, , 0, -13617.9573, 0
model1, 91, seqROCTM, 0, 000000 100000 10000 001000 101000 000100 100100 10100 000010 100010 10010 001010 101010 1 , 14, -6856.6873, 0
model1, 91, seqROCTM, 1, 000000 100000 10000 1000 000100 100100 10100 000010 100010 10010 001010 101010 1 , 13, -6856.9908, 0
model1, 91, seqROCTM, 2, 000000 100000 10000 1000 00100 10100 000010 100010 10010 001010 101010 1 , 12, -6856.9915, 0
model1, 91, seqROCTM, 3, 000000 100000 10000 1000 00100 10100 00010 10010 001010 101010 1 , 11, -6856.9964, 0
model1, 91, seqROCTM, 4, 0000 1000 00100 10100 00010 10010 001010 101010 1 , 9, -6857.0452, 0
model1, 91, seqROCTM, 5, 0000 1000 00100 10100 0010 001010 101010 1 , 8, -6857.2116, 0
model1, 91, seqROCTM, 6, 000 00100 10100 0010 001010 101010 1 , 7, -6857.3719, 0
model1, 91, seqROCTM, 7, 000 100 0010 001010 101010 1 , 6, -6859.2716, 0
model1, 91, seqROCTM, 8, 000 100 0010 1010 1 , 5, -6860.5172, 0
model1, 91, seqROCTM, 9, 000 100 10 1 , 4, -6863.9814, 1
model1, 91, seqROCTM, 10, 00 10 1 , 3, -6868.7604, 0
model1, 91, seqROCTM, 11, 0 1 , 2, -6924.6656, 0
model1, 91, seqROCTM, 12, , 0, -13592.4337, 0
model1, 92, seqROCTM, 0, 000000 100000 10000 001000 101000 000100 100100 10100 000010 100010 10010 001010 101010 1 , 14, -6868.0647, 0
model1, 92, seqROCTM, 1, 000000 100000 10000 001000 101000 000100 100100 10100 00010 10010 001010 101010 1 , 13, -6868.0655, 0
model1, 92, seqROCTM, 2, 0000 001000 101000 000100 100100 10100 00010 10010 001010 101010 1 , 11, -6868.103, 0
model1, 92, seqROCTM, 3, 0000 001000 101000 00100 10100 00010 10010 001010 101010 1 , 10, -6868.125, 0
model1, 92, seqROCTM, 4, 0000 1000 00100 10100 00010 10010 001010 101010 1 , 9, -6868.1749, 0
model1, 92, seqROCTM, 5, 0000 1000 100 00010 10010 001010 101010 1 , 8, -6868.5299, 0
model1, 92, seqROCTM, 6, 0000 1000 100 00010 10010 1010 1 , 7, -6868.6548, 0
model1, 92, seqROCTM, 7, 000 100 00010 10010 1010 1 , 6, -6869.0198, 0
model1, 92, seqROCTM, 8, 000 100 10 1 , 4, -6871.178, 1
model1, 92, seqROCTM, 9, 00 10 1 , 3, -6875.5518, 0
model1, 92, seqROCTM, 10, 0 1 , 2, -6918.9957, 0
model1, 92, seqROCTM, 11, , 0, -13593.0957, 0
model1, 93, seqROCTM, 0, 000000 100000 10000 001000 101000 000100 100100 10100 000010 100010 10010 001010 101010 1 , 14, -6794.1037, 0
model1, 93, seqROCTM, 1, 000000 100000 10000 1000 000100 100100 10100 000010 100010 10010 001010 101010 1 , 13, -6794.1414, 0
model1, 93, seqROCTM, 2, 00000 10000 1000 000100 100100 10100 000010 100010 10010 001010 101010 1 , 12, -6794.2163, 0
model1, 93, seqROCTM, 3, 0000 1000 000100 100100 10100 000010 100010 10010 001010 101010 1 , 11, -6794.6538, 0
model1, 93, seqROCTM, 4, 000 000100 100100 10100 000010 100010 10010 001010 101010 1 , 10, -6796.3342, 0
model1, 93, seqROCTM, 5, 000 00100 10100 000010 100010 10010 001010 101010 1 , 9, -6796.8333, 0
model1, 93, seqROCTM, 6, 000 00100 10100 0010 001010 101010 1 , 7, -6798.4675, 0
model1, 93, seqROCTM, 7, 000 100 0010 001010 101010 1 , 6, -6799.3297, 0
model1, 93, seqROCTM, 8, 000 100 10 1 , 4, -6802.4918, 1
model1, 93, seqROCTM, 9, 00 10 1 , 3, -6810.0262, 0
model1, 93, seqROCTM, 10, 0 1 , 2, -6869.2665, 0
model1, 93, seqROCTM, 11, , 0, -13600.3232, 0
model1, 94, seqROCTM, 0, 000000 100000 10000 001000 101000 000100 100100 10100 000010 100010 10010 001010 101010 1 , 14, -6600.2841, 0
model1, 94, seqROCTM, 1, 000000 100000 10000 1000 000100 100100 10100 000010 100010 10010 001010 101010 1 , 13, -6600.3278, 0
model1, 94, seqROCTM, 2, 000000 100000 10000 1000 000100 100100 10100 000010 100010 10010 1010 1 , 12, -6600.5435, 0
model1, 94, seqROCTM, 3, 000000 100000 10000 1000 100 000010 100010 10010 1010 1 , 10, -6601.6639, 0
model1, 94, seqROCTM, 4, 000 100 000010 100010 10010 1010 1 , 7, -6603.3531, 0
model1, 94, seqROCTM, 5, 000 100 10 1 , 4, -6609.2017, 1
model1, 94, seqROCTM, 6, 00 10 1 , 3, -6611.0842, 0
model1, 94, seqROCTM, 7, 0 1 , 2, -6652.4304, 0
model1, 94, seqROCTM, 8, , 0, -13630.3925, 0
model1, 95, seqROCTM, 0, 000000 100000 10000 001000 101000 000100 100100 10100 000010 100010 10010 001010 101010 1 , 14, -6734.3432, 0
model1, 95, seqROCTM, 1, 000000 100000 10000 001000 101000 100 000010 100010 10010 001010 101010 1 , 12, -6735.9832, 0
model1, 95, seqROCTM, 2, 000 100 000010 100010 10010 001010 101010 1 , 8, -6736.7798, 0
model1, 95, seqROCTM, 3, 000 100 00010 10010 001010 101010 1 , 7, -6737.261, 0
model1, 95, seqROCTM, 4, 000 100 10 1 , 4, -6740.1613, 1
model1, 95, seqROCTM, 5, 00 10 1 , 3, -6742.9449, 0
model1, 95, seqROCTM, 6, 0 1 , 2, -6791.3497, 0
model1, 95, seqROCTM, 7, , 0, -13611.6167, 0
model1, 96, seqROCTM, 0, 000000 100000 10000 001000 101000 000100 100100 10100 000010 100010 10010 001010 101010 1 , 14, -6754.57, 0
model1, 96, seqROCTM, 1, 00000 10000 001000 101000 000100 100100 10100 000010 100010 10010 001010 101010 1 , 13, -6754.6167, 0
model1, 96, seqROCTM, 2, 00000 10000 001000 101000 000100 100100 10100 000010 100010 10010 1010 1 , 12, -6754.6767, 0
model1, 96, seqROCTM, 3, 00000 10000 1000 000100 100100 10100 000010 100010 10010 1010 1 , 11, -6754.8156, 0
model1, 96, seqROCTM, 4, 00000 10000 1000 100 000010 100010 10010 1010 1 , 9, -6755.7484, 0
model1, 96, seqROCTM, 5, 00000 10000 1000 100 10 1 , 6, -6758.3065, 0
model1, 96, seqROCTM, 6, 000 100 10 1 , 4, -6760.5027, 1
model1, 96, seqROCTM, 7, 00 10 1 , 3, -6771.3823, 0
model1, 96, seqROCTM, 8, 0 1 , 2, -6822.1181, 0
model1, 96, seqROCTM, 9, , 0, -13607.1295, 0
model1, 97, seqROCTM, 0, 000000 100000 10000 001000 101000 000100 100100 10100 000010 100010 10010 001010 101010 1 , 14, -6727.3453, 0
model1, 97, seqROCTM, 1, 000000 100000 10000 001000 101000 000100 100100 10100 000010 100010 10010 1010 1 , 13, -6727.3961, 0
model1, 97, seqROCTM, 2, 000000 100000 10000 1000 000100 100100 10100 000010 100010 10010 1010 1 , 12, -6727.5871, 0
model1, 97, seqROCTM, 3, 000000 100000 10000 1000 000100 100100 10100 0010 1010 1 , 10, -6728.1356, 0
model1, 97, seqROCTM, 4, 00000 10000 1000 000100 100100 10100 0010 1010 1 , 9, -6728.4687, 0
model1, 97, seqROCTM, 5, 00000 10000 1000 100 0010 1010 1 , 7, -6729.4315, 0
model1, 97, seqROCTM, 6, 000 100 0010 1010 1 , 5, -6731.9961, 0
model1, 97, seqROCTM, 7, 000 100 10 1 , 4, -6734.721, 1
model1, 97, seqROCTM, 8, 00 10 1 , 3, -6738.7618, 0
model1, 97, seqROCTM, 9, 0 1 , 2, -6779.9538, 0
model1, 97, seqROCTM, 10, , 0, -13613.2095, 0
model1, 98, seqROCTM, 0, 000000 100000 10000 001000 101000 000100 100100 10100 000010 100010 10010 001010 101010 1 , 14, -6768.6496, 0
model1, 98, seqROCTM, 1, 000000 100000 10000 1000 000100 100100 10100 000010 100010 10010 001010 101010 1 , 13, -6768.9667, 0
model1, 98, seqROCTM, 2, 000000 100000 10000 1000 100 000010 100010 10010 001010 101010 1 , 11, -6770.6005, 0
model1, 98, seqROCTM, 3, 000000 100000 10000 1000 100 0010 001010 101010 1 , 9, -6770.9016, 0
model1, 98, seqROCTM, 4, 000000 100000 10000 1000 100 0010 1010 1 , 8, -6771.0642, 0
model1, 98, seqROCTM, 5, 000000 100000 10000 1000 100 10 1 , 7, -6772.4642, 0
model1, 98, seqROCTM, 6, 000 100 10 1 , 4, -6775.535, 1
model1, 98, seqROCTM, 7, 00 10 1 , 3, -6780.2241, 0
model1, 98, seqROCTM, 8, 0 1 , 2, -6815.3364, 0
model1, 98, seqROCTM, 9, , 0, -13608.4156, 0
model1, 99, seqROCTM, 0, 000000 100000 10000 001000 101000 000100 100100 10100 000010 100010 10010 001010 101010 1 , 14, -6810.7716, 0
model1, 99, seqROCTM, 1, 000000 100000 10000 1000 000100 100100 10100 000010 100010 10010 001010 101010 1 , 13, -6810.7878, 0
model1, 99, seqROCTM, 2, 000000 100000 10000 1000 000100 100100 10100 0010 001010 101010 1 , 11, -6811.0888, 0
model1, 99, seqROCTM, 3, 000000 100000 10000 1000 100 0010 001010 101010 1 , 9, -6811.7551, 0
model1, 99, seqROCTM, 4, 0000 1000 100 0010 001010 101010 1 , 7, -6812.3774, 0
model1, 99, seqROCTM, 5, 000 100 0010 001010 101010 1 , 6, -6812.708, 0
model1, 99, seqROCTM, 6, 000 100 10 1 , 4, -6814.6742, 1
model1, 99, seqROCTM, 7, 00 10 1 , 3, -6825.9943, 0
model1, 99, seqROCTM, 8, 0 1 , 2, -6879.1331, 0
model1, 99, seqROCTM, 9, , 0, -13599.0165, 0
