sample_size,model_name,estimation_method,resample_n,sample_idx,tree_idx,tree,num_contexts,resample_idx,likelihood
5000,model1,smc,n1,0,0,0 1,2,0,-836.2706798566469
5000,model1,smc,n1,0,0,0 1,2,1,-840.4602942657295
5000,model1,smc,n1,0,0,0 1,2,2,-827.8985477376341
5000,model1,smc,n1,0,1,00 1 10,3,0,-443.63369518330137
5000,model1,smc,n1,0,1,00 1 10,3,1,-441.32474304265764
5000,model1,smc,n1,0,1,00 1 10,3,2,-435.99946380970266
5000,model1,smc,n1,0,2,000 1 10 100,4,0,-370.220238170064
5000,model1,smc,n1,0,2,000 1 10 100,4,1,-379.7174639297791
5000,model1,smc,n1,0,2,000 1 10 100,4,2,-366.6982357837449
5000,model1,smc,n2,0,0,0 1,2,0,-2534.44452608594
5000,model1,smc,n2,0,0,0 1,2,1,-2490.009104154136
5000,model1,smc,n2,0,0,0 1,2,2,-2520.2354335713594
5000,model1,smc,n2,0,1,00 1 10,3,0,-1348.9451865571848
5000,model1,smc,n2,0,1,00 1 10,3,1,-1317.7201935522137
5000,model1,smc,n2,0,1,00 1 10,3,2,-1338.5113883636157
5000,model1,smc,n2,0,2,000 1 10 100,4,0,-1121.081276155809
5000,model1,smc,n2,0,2,000 1 10 100,4,1,-1104.1084652774998
5000,model1,smc,n2,0,2,000 1 10 100,4,2,-1113.3825229356876
5000,model1,smc,n1,1,0,0 1,2,0,-833.2107429780169
5000,model1,smc,n1,1,0,0 1,2,1,-821.5185815051452
5000,model1,smc,n1,1,0,0 1,2,2,-831.7174524401229
5000,model1,smc,n1,1,1,00 1 10,3,0,-442.7324299511381
5000,model1,smc,n1,1,1,00 1 10,3,1,-439.46032487690474
5000,model1,smc,n1,1,1,00 1 10,3,2,-442.9210757448428
5000,model1,smc,n1,1,2,000 1 10 100,4,0,-363.73412922592485
5000,model1,smc,n1,1,2,000 1 10 100,4,1,-359.9672614909339
5000,model1,smc,n1,1,2,000 1 10 100,4,2,-367.8096041093221
5000,model1,smc,n2,1,0,0 1,2,0,-2554.203334736623
5000,model1,smc,n2,1,0,0 1,2,1,-2549.315471657673
5000,model1,smc,n2,1,0,0 1,2,2,-2549.1996677312136
5000,model1,smc,n2,1,1,00 1 10,3,0,-1357.238807452919
5000,model1,smc,n2,1,1,00 1 10,3,1,-1367.7684644707615
5000,model1,smc,n2,1,1,00 1 10,3,2,-1370.7852518619627
5000,model1,smc,n2,1,2,000 1 10 100,4,0,-1127.8052329129619
5000,model1,smc,n2,1,2,000 1 10 100,4,1,-1128.6752962424232
5000,model1,smc,n2,1,2,000 1 10 100,4,2,-1120.2035551773777
5000,model1,smc,n1,2,0,0 1,2,0,-812.3035036275028
5000,model1,smc,n1,2,0,0 1,2,1,-802.8950116376882
5000,model1,smc,n1,2,0,0 1,2,2,-833.5856006874083
5000,model1,smc,n1,2,1,00 1 10,3,0,-440.57757121669636
5000,model1,smc,n1,2,1,00 1 10,3,1,-434.31736538446387
5000,model1,smc,n1,2,1,00 1 10,3,2,-442.66315709339244
5000,model1,smc,n1,2,2,000 1 10 100,4,0,-349.5524549103302
5000,model1,smc,n1,2,2,000 1 10 100,4,1,-364.1770575061483
5000,model1,smc,n1,2,2,000 1 10 100,4,2,-375.98298299181545
5000,model1,smc,n2,2,0,0 1,2,0,-2524.0451081597694
5000,model1,smc,n2,2,0,0 1,2,1,-2464.219126327039
5000,model1,smc,n2,2,0,0 1,2,2,-2453.326013201164
5000,model1,smc,n2,2,1,00 1 10,3,0,-1363.3456898285126
5000,model1,smc,n2,2,1,00 1 10,3,1,-1331.475224553426
5000,model1,smc,n2,2,1,00 1 10,3,2,-1314.5272206574427
5000,model1,smc,n2,2,2,000 1 10 100,4,0,-1110.1886861916773
5000,model1,smc,n2,2,2,000 1 10 100,4,1,-1094.4585507884722
5000,model1,smc,n2,2,2,000 1 10 100,4,2,-1080.1132200557902
5000,model1,smc,n1,3,0,0 1,2,0,-818.5175841302735
5000,model1,smc,n1,3,0,0 1,2,1,-858.88368712447
5000,model1,smc,n1,3,0,0 1,2,2,-847.3931479456419
5000,model1,smc,n1,3,1,00 1 10,3,0,-435.66629487726675
5000,model1,smc,n1,3,1,00 1 10,3,1,-467.29538876174576
5000,model1,smc,n1,3,1,00 1 10,3,2,-459.1196799641299
5000,model1,smc,n1,3,2,000 1 10 100,4,0,-367.4310432181932
5000,model1,smc,n1,3,2,000 1 10 100,4,1,-373.18332884814964
5000,model1,smc,n1,3,2,000 1 10 100,4,2,-367.6830345649645
5000,model1,smc,n2,3,0,0 1,2,0,-2528.4640310635186
5000,model1,smc,n2,3,0,0 1,2,1,-2543.927349239208
5000,model1,smc,n2,3,0,0 1,2,2,-2622.362322385946
5000,model1,smc,n2,3,1,00 1 10,3,0,-1360.3861215437364
5000,model1,smc,n2,3,1,00 1 10,3,1,-1367.592875922986
5000,model1,smc,n2,3,1,00 1 10,3,2,-1414.5757253277968
5000,model1,smc,n2,3,2,000 1 10 100,4,0,-1113.2317286801976
5000,model1,smc,n2,3,2,000 1 10 100,4,1,-1118.0583764839791
5000,model1,smc,n2,3,2,000 1 10 100,4,2,-1165.0896567622308
5000,model1,smc,n1,4,0,0 1,2,0,-852.5510228306366
5000,model1,smc,n1,4,0,0 1,2,1,-811.7104689495147
5000,model1,smc,n1,4,0,0 1,2,2,-802.3866350938071
5000,model1,smc,n1,4,1,00 1 10,3,0,-452.00929633567677
5000,model1,smc,n1,4,1,00 1 10,3,1,-432.56358255527834
5000,model1,smc,n1,4,1,00 1 10,3,2,-426.4692876116344
5000,model1,smc,n1,4,2,000 1 10 100,4,0,-375.4373402840812
5000,model1,smc,n1,4,2,000 1 10 100,4,1,-360.38939505376896
5000,model1,smc,n1,4,2,000 1 10 100,4,2,-359.9921556022681
5000,model1,smc,n2,4,0,0 1,2,0,-2516.494044522784
5000,model1,smc,n2,4,0,0 1,2,1,-2469.8793839363943
5000,model1,smc,n2,4,0,0 1,2,2,-2481.757156408169
5000,model1,smc,n2,4,1,00 1 10,3,0,-1343.184305088028
5000,model1,smc,n2,4,1,00 1 10,3,1,-1317.8258916300206
5000,model1,smc,n2,4,1,00 1 10,3,2,-1332.1310013153138
5000,model1,smc,n2,4,2,000 1 10 100,4,0,-1110.8460320469471
5000,model1,smc,n2,4,2,000 1 10 100,4,1,-1097.1774617104695
5000,model1,smc,n2,4,2,000 1 10 100,4,2,-1098.5480400214603
5000,model1,smc,n1,5,0,0 1,2,0,-855.2875218160492
5000,model1,smc,n1,5,0,0 1,2,1,-841.1363873110759
5000,model1,smc,n1,5,0,0 1,2,2,-852.4022547604042
5000,model1,smc,n1,5,1,00 1 10,3,0,-464.22929743314967
5000,model1,smc,n1,5,1,00 1 10,3,1,-456.4976498787811
5000,model1,smc,n1,5,1,00 1 10,3,2,-459.3614686452187
5000,model1,smc,n1,5,2,000 1 10 100,4,0,-375.16337488648924
5000,model1,smc,n1,5,2,000 1 10 100,4,1,-365.6777829270937
5000,model1,smc,n1,5,2,000 1 10 100,4,2,-376.8607377883136
5000,model1,smc,n2,5,0,0 1,2,0,-2548.260792836132
5000,model1,smc,n2,5,0,0 1,2,1,-2548.4975884294017
5000,model1,smc,n2,5,0,0 1,2,2,-2503.861877682544
5000,model1,smc,n2,5,1,00 1 10,3,0,-1374.5474341323375
5000,model1,smc,n2,5,1,00 1 10,3,1,-1371.2362254968712
5000,model1,smc,n2,5,1,00 1 10,3,2,-1355.0437348801404
5000,model1,smc,n2,5,2,000 1 10 100,4,0,-1126.5207134726704
5000,model1,smc,n2,5,2,000 1 10 100,4,1,-1135.4972613785144
5000,model1,smc,n2,5,2,000 1 10 100,4,2,-1104.8193029741308
5000,model1,smc,n1,6,0,0 1,2,0,-831.406674556742
5000,model1,smc,n1,6,0,0 1,2,1,-785.8123782373209
5000,model1,smc,n1,6,0,0 1,2,2,-817.8236078589362
5000,model1,smc,n1,6,1,00 1 10,3,0,-444.1666251330057
5000,model1,smc,n1,6,1,00 1 10,3,1,-418.02186238879284
5000,model1,smc,n1,6,1,00 1 10,3,2,-440.98326477968095
5000,model1,smc,n1,6,2,000 1 10 100,4,0,-371.82380840348526
5000,model1,smc,n1,6,2,000 1 10 100,4,1,-341.2097376996023
5000,model1,smc,n1,6,2,000 1 10 100,4,2,-354.37656592477657
5000,model1,smc,n2,6,0,0 1,2,0,-2483.9714719182834
5000,model1,smc,n2,6,0,0 1,2,1,-2480.464008054449
5000,model1,smc,n2,6,0,0 1,2,2,-2510.2021490771417
5000,model1,smc,n2,6,1,00 1 10,3,0,-1333.1569561144688
5000,model1,smc,n2,6,1,00 1 10,3,1,-1329.2376252131548
5000,model1,smc,n2,6,1,00 1 10,3,2,-1358.9482507915297
5000,model1,smc,n2,6,2,000 1 10 100,4,0,-1103.678731428833
5000,model1,smc,n2,6,2,000 1 10 100,4,1,-1091.1624282055438
5000,model1,smc,n2,6,2,000 1 10 100,4,2,-1097.4821055302045
5000,model1,smc,n1,7,0,0 1,2,0,-824.9862552742718
5000,model1,smc,n1,7,0,0 1,2,1,-848.8867231916971
5000,model1,smc,n1,7,0,0 1,2,2,-822.6468621110124
5000,model1,smc,n1,7,1,00 1 10,3,0,-441.65279760118176
5000,model1,smc,n1,7,1,00 1 10,3,1,-455.78129713988795
5000,model1,smc,n1,7,1,00 1 10,3,2,-441.5924887822895
5000,model1,smc,n2,7,0,0 1,2,0,-2489.217972405201
5000,model1,smc,n2,7,0,0 1,2,1,-2513.7096494009406
5000,model1,smc,n2,7,0,0 1,2,2,-2512.3168283058826
5000,model1,smc,n2,7,1,00 1 10,3,0,-1332.5967936499303
5000,model1,smc,n2,7,1,00 1 10,3,1,-1345.1668971786423
5000,model1,smc,n2,7,1,00 1 10,3,2,-1346.8563510751987
5000,model1,smc,n1,8,0,0 1,2,0,-875.5591516212276
5000,model1,smc,n1,8,0,0 1,2,1,-842.758935335496
5000,model1,smc,n1,8,0,0 1,2,2,-836.6592070222714
5000,model1,smc,n1,8,1,00 1 10,3,0,-472.3416268020869
5000,model1,smc,n1,8,1,00 1 10,3,1,-454.0996897736809
5000,model1,smc,n1,8,1,00 1 10,3,2,-455.17148089733854
5000,model1,smc,n2,8,0,0 1,2,0,-2581.081166194419
5000,model1,smc,n2,8,0,0 1,2,1,-2567.1052111108493
5000,model1,smc,n2,8,0,0 1,2,2,-2518.277104401648
5000,model1,smc,n2,8,1,00 1 10,3,0,-1392.817726855696
5000,model1,smc,n2,8,1,00 1 10,3,1,-1384.37313436654
5000,model1,smc,n2,8,1,00 1 10,3,2,-1368.7779063734758
5000,model1,smc,n1,9,0,0 1,2,0,-847.7500408749215
5000,model1,smc,n1,9,0,0 1,2,1,-879.1693977657051
5000,model1,smc,n1,9,0,0 1,2,2,-841.5303468807252
5000,model1,smc,n1,9,1,00 1 10,3,0,-455.425258757444
5000,model1,smc,n1,9,1,00 1 10,3,1,-463.7226734808836
5000,model1,smc,n1,9,1,00 1 10,3,2,-439.426329380173
5000,model1,smc,n1,9,2,000 1 10 100,4,0,-376.77790274109014
5000,model1,smc,n1,9,2,000 1 10 100,4,1,-387.0997030446282
5000,model1,smc,n1,9,2,000 1 10 100,4,2,-379.4316744987181
5000,model1,smc,n2,9,0,0 1,2,0,-2512.853547145202
5000,model1,smc,n2,9,0,0 1,2,1,-2547.824065946303
5000,model1,smc,n2,9,0,0 1,2,2,-2506.7473892829375
5000,model1,smc,n2,9,1,00 1 10,3,0,-1338.9033834592901
5000,model1,smc,n2,9,1,00 1 10,3,1,-1361.046130889554
5000,model1,smc,n2,9,1,00 1 10,3,2,-1323.476064665056
5000,model1,smc,n2,9,2,000 1 10 100,4,0,-1119.2279091529101
5000,model1,smc,n2,9,2,000 1 10 100,4,1,-1126.7861344404237
5000,model1,smc,n2,9,2,000 1 10 100,4,2,-1114.5674187748236
5000,model1,smc,n1,10,0,0 1,2,0,-796.6518210507668
5000,model1,smc,n1,10,0,0 1,2,1,-799.3533441179438
5000,model1,smc,n1,10,0,0 1,2,2,-818.5349649801972
5000,model1,smc,n1,10,1,00 1 10,3,0,-424.8819617427063
5000,model1,smc,n1,10,1,00 1 10,3,1,-429.78529846388795
5000,model1,smc,n1,10,1,00 1 10,3,2,-441.6213871420837
5000,model1,smc,n2,10,0,0 1,2,0,-2397.9783942731347
5000,model1,smc,n2,10,0,0 1,2,1,-2452.0116364768946
5000,model1,smc,n2,10,0,0 1,2,2,-2533.4974168031067
5000,model1,smc,n2,10,1,00 1 10,3,0,-1280.713742761607
5000,model1,smc,n2,10,1,00 1 10,3,1,-1311.5670010413824
5000,model1,smc,n2,10,1,00 1 10,3,2,-1372.9640951909803
5000,model1,smc,n1,11,0,0 1,2,0,-788.8429962463731
5000,model1,smc,n1,11,0,0 1,2,1,-826.4012730553377
5000,model1,smc,n1,11,0,0 1,2,2,-854.1738668738243
5000,model1,smc,n1,11,1,00 1 10,3,0,-413.3560934657591
5000,model1,smc,n1,11,1,00 1 10,3,1,-437.36177881428785
5000,model1,smc,n1,11,1,00 1 10,3,2,-463.0655295609073
5000,model1,smc,n1,11,2,000 1 10 100,4,0,-352.28453798097866
5000,model1,smc,n1,11,2,000 1 10 100,4,1,-375.0529132251623
5000,model1,smc,n1,11,2,000 1 10 100,4,2,-369.52994440240917
5000,model1,smc,n2,11,0,0 1,2,0,-2486.973780243842
5000,model1,smc,n2,11,0,0 1,2,1,-2500.1092875128465
5000,model1,smc,n2,11,0,0 1,2,2,-2511.2187149221736
5000,model1,smc,n2,11,1,00 1 10,3,0,-1312.8628486242226
5000,model1,smc,n2,11,1,00 1 10,3,1,-1322.5546246586377
5000,model1,smc,n2,11,1,00 1 10,3,2,-1354.0648722748501
5000,model1,smc,n2,11,2,000 1 10 100,4,0,-1103.190138694957
5000,model1,smc,n2,11,2,000 1 10 100,4,1,-1130.0999055734255
5000,model1,smc,n2,11,2,000 1 10 100,4,2,-1104.5944745851923
5000,model1,smc,n1,12,0,0 1,2,0,-829.5568508868406
5000,model1,smc,n1,12,0,0 1,2,1,-839.8175913377597
5000,model1,smc,n1,12,0,0 1,2,2,-863.6204728882772
5000,model1,smc,n1,12,1,00 1 10,3,0,-447.9396693442093
5000,model1,smc,n1,12,1,00 1 10,3,1,-450.6973349135662
5000,model1,smc,n1,12,1,00 1 10,3,2,-471.05293135418026
5000,model1,smc,n1,12,2,000 1 10 100,4,0,-359.87959554587684
5000,model1,smc,n1,12,2,000 1 10 100,4,1,-371.1140942096792
5000,model1,smc,n1,12,2,000 1 10 100,4,2,-374.8593588313016
5000,model1,smc,n2,12,0,0 1,2,0,-2510.165328852985
5000,model1,smc,n2,12,0,0 1,2,1,-2505.524292741742
5000,model1,smc,n2,12,0,0 1,2,2,-2579.428131836272
5000,model1,smc,n2,12,1,00 1 10,3,0,-1346.0156539116151
5000,model1,smc,n2,12,1,00 1 10,3,1,-1348.1335326127755
5000,model1,smc,n2,12,1,00 1 10,3,2,-1402.54145557605
5000,model1,smc,n2,12,2,000 1 10 100,4,0,-1110.3634638555875
5000,model1,smc,n2,12,2,000 1 10 100,4,1,-1100.9751177980245
5000,model1,smc,n2,12,2,000 1 10 100,4,2,-1127.5334409122374
5000,model1,smc,n1,13,0,0 1,2,0,-835.185658351036
5000,model1,smc,n1,13,0,0 1,2,1,-861.1144128299874
5000,model1,smc,n1,13,0,0 1,2,2,-828.2356372059386
5000,model1,smc,n1,13,1,00 1 10,3,0,-444.5827631999271
5000,model1,smc,n1,13,1,00 1 10,3,1,-467.307465111187
5000,model1,smc,n1,13,1,00 1 10,3,2,-449.3382163973262
5000,model1,smc,n1,13,2,000 1 10 100,4,0,-367.3694072067213
5000,model1,smc,n1,13,2,000 1 10 100,4,1,-376.1093333698229
5000,model1,smc,n1,13,2,000 1 10 100,4,2,-359.7422050519558
5000,model1,smc,n2,13,0,0 1,2,0,-2544.819787703318
5000,model1,smc,n2,13,0,0 1,2,1,-2549.597116326403
5000,model1,smc,n2,13,0,0 1,2,2,-2546.4404817318605
5000,model1,smc,n2,13,1,00 1 10,3,0,-1367.2201615222334
5000,model1,smc,n2,13,1,00 1 10,3,1,-1378.2487600507761
5000,model1,smc,n2,13,1,00 1 10,3,2,-1383.5418391767432
5000,model1,smc,n2,13,2,000 1 10 100,4,0,-1104.9152359151565
5000,model1,smc,n2,13,2,000 1 10 100,4,1,-1122.25325549111
5000,model1,smc,n2,13,2,000 1 10 100,4,2,-1117.768526303389
5000,model1,smc,n1,14,0,0 1,2,0,-770.3188188760798
5000,model1,smc,n1,14,0,0 1,2,1,-826.1016209304332
5000,model1,smc,n1,14,0,0 1,2,2,-845.7922164939012
5000,model1,smc,n1,14,1,00 1 10,3,0,-408.9177829756019
5000,model1,smc,n1,14,1,00 1 10,3,1,-441.8134779328089
5000,model1,smc,n1,14,1,00 1 10,3,2,-454.2678321220527
5000,model1,smc,n1,14,2,000 1 10 100,4,0,-353.9572215281761
5000,model1,smc,n1,14,2,000 1 10 100,4,1,-366.4201060306608
5000,model1,smc,n1,14,2,000 1 10 100,4,2,-375.7266521412853
5000,model1,smc,n2,14,0,0 1,2,0,-2424.451107048403
5000,model1,smc,n2,14,0,0 1,2,1,-2451.0627670520075
5000,model1,smc,n2,14,0,0 1,2,2,-2532.2155745887003
5000,model1,smc,n2,14,1,00 1 10,3,0,-1288.6263467550143
5000,model1,smc,n2,14,1,00 1 10,3,1,-1303.9941934898875
5000,model1,smc,n2,14,1,00 1 10,3,2,-1362.4242150258938
5000,model1,smc,n2,14,2,000 1 10 100,4,0,-1102.1574483023346
5000,model1,smc,n2,14,2,000 1 10 100,4,1,-1100.460229559603
5000,model1,smc,n2,14,2,000 1 10 100,4,2,-1126.6738029276287
5000,model1,smc,n1,15,0,0 1,2,0,-844.1541219910534
5000,model1,smc,n1,15,0,0 1,2,1,-845.9072554431516
5000,model1,smc,n1,15,0,0 1,2,2,-814.119388366171
5000,model1,smc,n1,15,1,00 1 10,3,0,-452.3559811595964
5000,model1,smc,n1,15,1,00 1 10,3,1,-451.56597441321475
5000,model1,smc,n1,15,1,00 1 10,3,2,-435.59549192087775
5000,model1,smc,n1,15,2,000 1 10 100,4,0,-369.28672319270504
5000,model1,smc,n1,15,2,000 1 10 100,4,1,-377.0609265485091
5000,model1,smc,n1,15,2,000 1 10 100,4,2,-342.8687092515307
5000,model1,smc,n2,15,0,0 1,2,0,-2540.7337914998684
5000,model1,smc,n2,15,0,0 1,2,1,-2518.524043984762
5000,model1,smc,n2,15,0,0 1,2,2,-2458.859156640093
5000,model1,smc,n2,15,1,00 1 10,3,0,-1349.396572946084
5000,model1,smc,n2,15,1,00 1 10,3,1,-1350.641117441781
5000,model1,smc,n2,15,1,00 1 10,3,2,-1315.696296063424
5000,model1,smc,n2,15,2,000 1 10 100,4,0,-1122.8186516695391
5000,model1,smc,n2,15,2,000 1 10 100,4,1,-1107.7748146124088
5000,model1,smc,n2,15,2,000 1 10 100,4,2,-1062.9863583957194
5000,model1,smc,n1,16,0,0 1,2,0,-827.7066423094816
5000,model1,smc,n1,16,0,0 1,2,1,-860.3664064765064
5000,model1,smc,n1,16,0,0 1,2,2,-838.7465686341372
5000,model1,smc,n1,16,1,00 1 10,3,0,-439.83111670999415
5000,model1,smc,n1,16,1,00 1 10,3,1,-466.65994830268227
5000,model1,smc,n1,16,1,00 1 10,3,2,-451.53736933495
5000,model1,smc,n1,16,2,000 1 10 100,4,0,-358.4422902276478
5000,model1,smc,n1,16,2,000 1 10 100,4,1,-370.64099335159085
5000,model1,smc,n1,16,2,000 1 10 100,4,2,-360.342156799349
5000,model1,smc,n2,16,0,0 1,2,0,-2563.8658988617044
5000,model1,smc,n2,16,0,0 1,2,1,-2542.967595504757
5000,model1,smc,n2,16,0,0 1,2,2,-2547.0201536003206
5000,model1,smc,n2,16,1,00 1 10,3,0,-1372.7952988076115
5000,model1,smc,n2,16,1,00 1 10,3,1,-1360.0763056523647
5000,model1,smc,n2,16,1,00 1 10,3,2,-1369.1691217034822
5000,model1,smc,n2,16,2,000 1 10 100,4,0,-1122.7156620608475
5000,model1,smc,n2,16,2,000 1 10 100,4,1,-1120.4445835292825
5000,model1,smc,n2,16,2,000 1 10 100,4,2,-1113.8042871209284
5000,model1,smc,n1,17,0,0 1,2,0,-844.3892023729504
5000,model1,smc,n1,17,0,0 1,2,1,-867.2061707084599
5000,model1,smc,n1,17,0,0 1,2,2,-870.7017694087781
5000,model1,smc,n1,17,1,00 1 10,3,0,-456.5096949404201
5000,model1,smc,n1,17,1,00 1 10,3,1,-462.6433297957278
5000,model1,smc,n1,17,1,00 1 10,3,2,-471.20096973649515
5000,model1,smc,n1,17,2,000 1 10 100,4,0,-366.75907049404384
5000,model1,smc,n1,17,2,000 1 10 100,4,1,-390.9127306380926
5000,model1,smc,n1,17,2,000 1 10 100,4,2,-393.66332299129346
5000,model1,smc,n2,17,0,0 1,2,0,-2580.8798274175806
5000,model1,smc,n2,17,0,0 1,2,1,-2578.385491114285
5000,model1,smc,n2,17,0,0 1,2,2,-2606.2476531585944
5000,model1,smc,n2,17,1,00 1 10,3,0,-1406.6743083674962
5000,model1,smc,n2,17,1,00 1 10,3,1,-1389.7182342812305
5000,model1,smc,n2,17,1,00 1 10,3,2,-1408.3748416238664
5000,model1,smc,n2,17,2,000 1 10 100,4,0,-1121.4368469777169
5000,model1,smc,n2,17,2,000 1 10 100,4,1,-1141.1032297607221
5000,model1,smc,n2,17,2,000 1 10 100,4,2,-1156.810178333843
5000,model1,smc,n1,18,0,0 1,2,0,-844.3892023729504
5000,model1,smc,n1,18,0,0 1,2,1,-866.3469591361065
5000,model1,smc,n1,18,0,0 1,2,2,-843.9292430927158
5000,model1,smc,n1,18,1,00 1 10,3,0,-457.25693319318714
5000,model1,smc,n1,18,1,00 1 10,3,1,-467.65753174767127
5000,model1,smc,n1,18,1,00 1 10,3,2,-458.0593721818543
5000,model1,smc,n2,18,0,0 1,2,0,-2480.753607842982
5000,model1,smc,n2,18,0,0 1,2,1,-2564.3476907882764
5000,model1,smc,n2,18,0,0 1,2,2,-2517.6835310625224
5000,model1,smc,n2,18,1,00 1 10,3,0,-1336.5941903116557
5000,model1,smc,n2,18,1,00 1 10,3,1,-1391.2239147040154
5000,model1,smc,n2,18,1,00 1 10,3,2,-1361.0988446659562
5000,model1,smc,n1,19,0,0 1,2,0,-848.2114017151712
5000,model1,smc,n1,19,0,0 1,2,1,-823.2365267294216
5000,model1,smc,n1,19,0,0 1,2,2,-828.3164994743083
5000,model1,smc,n1,19,1,00 1 10,3,0,-452.63179796480057
5000,model1,smc,n1,19,1,00 1 10,3,1,-435.30817685118546
5000,model1,smc,n1,19,1,00 1 10,3,2,-439.10955190446106
5000,model1,smc,n1,19,2,000 1 10 100,4,0,-379.34435248620815
5000,model1,smc,n1,19,2,000 1 10 100,4,1,-369.87785284573806
5000,model1,smc,n1,19,2,000 1 10 100,4,2,-372.4791252463418
5000,model1,smc,n2,19,0,0 1,2,0,-2562.438547782037
5000,model1,smc,n2,19,0,0 1,2,1,-2496.7275051442057
5000,model1,smc,n2,19,0,0 1,2,2,-2487.6208530620133
5000,model1,smc,n2,19,1,00 1 10,3,0,-1376.8994154602651
5000,model1,smc,n2,19,1,00 1 10,3,1,-1327.2658899060436
5000,model1,smc,n2,19,1,00 1 10,3,2,-1327.1559632393482
5000,model1,smc,n2,19,2,000 1 10 100,4,0,-1146.4701136137458
5000,model1,smc,n2,19,2,000 1 10 100,4,1,-1112.7011595322963
5000,model1,smc,n2,19,2,000 1 10 100,4,2,-1103.7632573548885
5000,model1,smc,n1,20,0,0 1,2,0,-824.3639516752299
5000,model1,smc,n1,20,0,0 1,2,1,-788.1386227432137
5000,model1,smc,n1,20,0,0 1,2,2,-810.8379190864696
5000,model1,smc,n1,20,1,00 1 10,3,0,-445.24238659894894
5000,model1,smc,n1,20,1,00 1 10,3,1,-418.4066274674145
5000,model1,smc,n1,20,1,00 1 10,3,2,-437.42877142513026
5000,model1,smc,n2,20,0,0 1,2,0,-2510.0875378148457
5000,model1,smc,n2,20,0,0 1,2,1,-2482.583575135728
5000,model1,smc,n2,20,0,0 1,2,2,-2490.585243724835
5000,model1,smc,n2,20,1,00 1 10,3,0,-1361.2740554144623
5000,model1,smc,n2,20,1,00 1 10,3,1,-1334.0478188689908
5000,model1,smc,n2,20,1,00 1 10,3,2,-1343.6398020799793
5000,model1,smc,n1,21,0,0 1,2,0,-849.9275057551456
5000,model1,smc,n1,21,0,0 1,2,1,-823.5653856147776
5000,model1,smc,n1,21,0,0 1,2,2,-867.6618924563967
5000,model1,smc,n1,21,1,00 1 10,3,0,-455.04750770622303
5000,model1,smc,n1,21,1,00 1 10,3,1,-443.37738660483046
5000,model1,smc,n1,21,1,00 1 10,3,2,-465.1826606716811
5000,model1,smc,n2,21,0,0 1,2,0,-2548.9444586054324
5000,model1,smc,n2,21,0,0 1,2,1,-2570.874351630929
5000,model1,smc,n2,21,0,0 1,2,2,-2582.217447048881
5000,model1,smc,n2,21,1,00 1 10,3,0,-1369.1672096231496
5000,model1,smc,n2,21,1,00 1 10,3,1,-1391.0587392606208
5000,model1,smc,n2,21,1,00 1 10,3,2,-1384.6843899229018
5000,model1,smc,n1,22,0,0 1,2,0,-838.7465686341372
5000,model1,smc,n1,22,0,0 1,2,1,-819.5615097484402
5000,model1,smc,n1,22,0,0 1,2,2,-818.4212074472161
5000,model1,smc,n1,22,1,00 1 10,3,0,-449.1106485239325
5000,model1,smc,n1,22,1,00 1 10,3,1,-443.65041153492257
5000,model1,smc,n1,22,1,00 1 10,3,2,-437.79825488084646
5000,model1,smc,n1,22,2,000 1 10 100,4,0,-371.393029482709
5000,model1,smc,n1,22,2,000 1 10 100,4,1,-352.0041190643905
5000,model1,smc,n1,22,2,000 1 10 100,4,2,-356.7484559889001
5000,model1,smc,n2,22,0,0 1,2,0,-2555.873993258182
5000,model1,smc,n2,22,0,0 1,2,1,-2491.3768804669435
5000,model1,smc,n2,22,0,0 1,2,2,-2541.031583817343
5000,model1,smc,n2,22,1,00 1 10,3,0,-1385.7114463752373
5000,model1,smc,n2,22,1,00 1 10,3,1,-1346.8425245493595
5000,model1,smc,n2,22,1,00 1 10,3,2,-1364.6675897462746
5000,model1,smc,n2,22,2,000 1 10 100,4,0,-1128.3290331896505
5000,model1,smc,n2,22,2,000 1 10 100,4,1,-1085.6627566242562
5000,model1,smc,n2,22,2,000 1 10 100,4,2,-1118.2248336586772
5000,model1,smc,n1,23,0,0 1,2,0,-854.2440468844005
5000,model1,smc,n1,23,0,0 1,2,1,-840.0330131818403
5000,model1,smc,n1,23,0,0 1,2,2,-812.9417537908898
5000,model1,smc,n1,23,1,00 1 10,3,0,-466.407248252244
5000,model1,smc,n1,23,1,00 1 10,3,1,-457.39034779927647
5000,model1,smc,n1,23,1,00 1 10,3,2,-438.9494868274658
5000,model1,smc,n1,23,2,000 1 10 100,4,0,-379.86071037205994
5000,model1,smc,n1,23,2,000 1 10 100,4,1,-381.10707710706845
5000,model1,smc,n1,23,2,000 1 10 100,4,2,-356.5442755540618
5000,model1,smc,n2,23,0,0 1,2,0,-2545.3616082260874
5000,model1,smc,n2,23,0,0 1,2,1,-2579.121763671369
5000,model1,smc,n2,23,0,0 1,2,2,-2470.715524070344
5000,model1,smc,n2,23,1,00 1 10,3,0,-1377.6456928638408
5000,model1,smc,n2,23,1,00 1 10,3,1,-1398.8242641224188
5000,model1,smc,n2,23,1,00 1 10,3,2,-1326.7424978400504
5000,model1,smc,n2,23,2,000 1 10 100,4,0,-1119.126704947369
5000,model1,smc,n2,23,2,000 1 10 100,4,1,-1159.7806794216592
5000,model1,smc,n2,23,2,000 1 10 100,4,2,-1095.1637759784805
5000,model1,smc,n1,24,0,0 1,2,0,-854.4733960993831
5000,model1,smc,n1,24,0,0 1,2,1,-835.4259332166698
5000,model1,smc,n1,24,0,0 1,2,2,-794.3043723443192
5000,model1,smc,n1,24,1,00 1 10,3,0,-454.90765899802943
5000,model1,smc,n1,24,1,00 1 10,3,1,-449.42148389588795
5000,model1,smc,n1,24,1,00 1 10,3,2,-422.95641391730453
5000,model1,smc,n2,24,0,0 1,2,0,-2515.320398027964
5000,model1,smc,n2,24,0,0 1,2,1,-2466.93259993568
5000,model1,smc,n2,24,0,0 1,2,2,-2437.7733531498784
5000,model1,smc,n2,24,1,00 1 10,3,0,-1343.5275494243306
5000,model1,smc,n2,24,1,00 1 10,3,1,-1323.5598305968465
5000,model1,smc,n2,24,1,00 1 10,3,2,-1298.37566913327
5000,model1,smc,n1,25,0,0 1,2,0,-858.0446081861928
5000,model1,smc,n1,25,0,0 1,2,1,-825.366967107919
5000,model1,smc,n1,25,0,0 1,2,2,-786.0477654274225
5000,model1,smc,n1,25,1,00 1 10,3,0,-463.936160775982
5000,model1,smc,n1,25,1,00 1 10,3,1,-442.4352440088445
5000,model1,smc,n1,25,1,00 1 10,3,2,-412.95293598297224
5000,model1,smc,n1,25,2,000 1 10 100,4,0,-380.37541921098705
5000,model1,smc,n1,25,2,000 1 10 100,4,1,-368.69954395405296
5000,model1,smc,n1,25,2,000 1 10 100,4,2,-356.9834046392093
5000,model1,smc,n2,25,0,0 1,2,0,-2582.5395659335445
5000,model1,smc,n2,25,0,0 1,2,1,-2547.7830376628567
5000,model1,smc,n2,25,0,0 1,2,2,-2467.822791816339
5000,model1,smc,n2,25,1,00 1 10,3,0,-1396.358519882751
5000,model1,smc,n2,25,1,00 1 10,3,1,-1373.8547143199535
5000,model1,smc,n2,25,1,00 1 10,3,2,-1311.0776910646573
5000,model1,smc,n2,25,2,000 1 10 100,4,0,-1153.9980970115828
5000,model1,smc,n2,25,2,000 1 10 100,4,1,-1129.2424297831476
5000,model1,smc,n2,25,2,000 1 10 100,4,2,-1109.4041438152553
5000,model1,smc,n1,26,0,0 1,2,0,-785.5696747696112
5000,model1,smc,n1,26,0,0 1,2,1,-767.175877570879
5000,model1,smc,n1,26,0,0 1,2,2,-820.788024126396
5000,model1,smc,n1,26,1,000 1 10 100,4,0,-357.8228002888371
5000,model1,smc,n1,26,1,000 1 10 100,4,1,-346.1847970839716
5000,model1,smc,n1,26,1,000 1 10 100,4,2,-380.57877979896296
5000,model1,smc,n2,26,0,0 1,2,0,-2403.713737218107
5000,model1,smc,n2,26,0,0 1,2,1,-2345.121019710794
5000,model1,smc,n2,26,0,0 1,2,2,-2446.9427271823115
5000,model1,smc,n2,26,1,000 1 10 100,4,0,-1085.880217811742
5000,model1,smc,n2,26,1,000 1 10 100,4,1,-1065.2127800607261
5000,model1,smc,n2,26,1,000 1 10 100,4,2,-1115.9441895439695
5000,model1,smc,n1,27,0,0 1,2,0,-884.1645842036723
5000,model1,smc,n1,27,0,0 1,2,1,-843.8175428379186
5000,model1,smc,n1,27,0,0 1,2,2,-850.3368371150146
5000,model1,smc,n1,27,1,00 1 10,3,0,-489.98224601593415
5000,model1,smc,n1,27,1,00 1 10,3,1,-453.00778637757503
5000,model1,smc,n1,27,1,00 1 10,3,2,-462.4552546142602
5000,model1,smc,n2,27,0,0 1,2,0,-2670.211920265044
5000,model1,smc,n2,27,0,0 1,2,1,-2552.040039837817
5000,model1,smc,n2,27,0,0 1,2,2,-2569.7656995814955
5000,model1,smc,n2,27,1,00 1 10,3,0,-1460.0227744772383
5000,model1,smc,n2,27,1,00 1 10,3,1,-1373.6944030970917
5000,model1,smc,n2,27,1,00 1 10,3,2,-1391.057347442102
5000,model1,smc,n1,28,0,0 1,2,0,-877.1368396615917
5000,model1,smc,n1,28,0,0 1,2,1,-832.7049780289256
5000,model1,smc,n1,28,0,0 1,2,2,-861.404667174011
5000,model1,smc,n1,28,1,00 1 10,3,0,-476.9874873719824
5000,model1,smc,n1,28,1,00 1 10,3,1,-445.8781940999075
5000,model1,smc,n1,28,1,00 1 10,3,2,-471.1739258910862
5000,model1,smc,n2,28,0,0 1,2,0,-2575.6136211954326
5000,model1,smc,n2,28,0,0 1,2,1,-2585.9043841319935
5000,model1,smc,n2,28,0,0 1,2,2,-2591.7283291997346
5000,model1,smc,n2,28,1,00 1 10,3,0,-1388.7299342092595
5000,model1,smc,n2,28,1,00 1 10,3,1,-1390.3812940403998
5000,model1,smc,n2,28,1,00 1 10,3,2,-1405.4452347053816
5000,model1,smc,n1,29,0,0 1,2,0,-856.5216686886815
5000,model1,smc,n1,29,0,0 1,2,1,-867.5263584985514
5000,model1,smc,n1,29,0,0 1,2,2,-858.3884090332392
5000,model1,smc,n1,29,1,00 1 10,3,0,-462.8396928799963
5000,model1,smc,n1,29,1,00 1 10,3,1,-469.98009882406905
5000,model1,smc,n1,29,1,00 1 10,3,2,-463.5664602738693
5000,model1,smc,n1,29,2,000 1 10 100,4,0,-376.678237896378
5000,model1,smc,n1,29,2,000 1 10 100,4,1,-382.58814735206914
5000,model1,smc,n1,29,2,000 1 10 100,4,2,-383.66206513778206
5000,model1,smc,n2,29,0,0 1,2,0,-2540.0746010296616
5000,model1,smc,n2,29,0,0 1,2,1,-2580.746661565572
5000,model1,smc,n2,29,0,0 1,2,2,-2572.7545402972214
5000,model1,smc,n2,29,1,00 1 10,3,0,-1354.9424822679912
5000,model1,smc,n2,29,1,00 1 10,3,1,-1392.455059097461
5000,model1,smc,n2,29,1,00 1 10,3,2,-1381.9106771683703
5000,model1,smc,n2,29,2,000 1 10 100,4,0,-1122.644674619347
5000,model1,smc,n2,29,2,000 1 10 100,4,1,-1138.3345431404096
5000,model1,smc,n2,29,2,000 1 10 100,4,2,-1140.1435931720773
5000,model1,smc,n1,30,0,0 1,2,0,-846.3571809317101
5000,model1,smc,n1,30,0,0 1,2,1,-843.2046841877337
5000,model1,smc,n1,30,0,0 1,2,2,-845.4409317616596
5000,model1,smc,n1,30,1,00 1 10,3,0,-448.35896516071546
5000,model1,smc,n1,30,1,00 1 10,3,1,-452.3587611279341
5000,model1,smc,n1,30,1,00 1 10,3,2,-457.4587183132886
5000,model1,smc,n1,30,2,000 1 10 100,4,0,-379.43611224091
5000,model1,smc,n1,30,2,000 1 10 100,4,1,-363.9538240662199
5000,model1,smc,n1,30,2,000 1 10 100,4,2,-369.5442223979511
5000,model1,smc,n2,30,0,0 1,2,0,-2573.1386575272263
5000,model1,smc,n2,30,0,0 1,2,1,-2553.420818383495
5000,model1,smc,n2,30,0,0 1,2,2,-2578.1259935090657
5000,model1,smc,n2,30,1,00 1 10,3,0,-1398.0732528262506
5000,model1,smc,n2,30,1,00 1 10,3,1,-1368.3174895382515
5000,model1,smc,n2,30,1,00 1 10,3,2,-1385.7716912298479
5000,model1,smc,n2,30,2,000 1 10 100,4,0,-1108.2120256669364
5000,model1,smc,n2,30,2,000 1 10 100,4,1,-1117.9843016518007
5000,model1,smc,n2,30,2,000 1 10 100,4,2,-1142.6671747422456
5000,model1,smc,n1,31,0,0 1,2,0,-841.0178939118089
5000,model1,smc,n1,31,0,0 1,2,1,-832.933185912377
5000,model1,smc,n1,31,0,0 1,2,2,-851.6270574847845
5000,model1,smc,n1,31,1,00 1 10,3,0,-457.37755352847466
5000,model1,smc,n1,31,1,00 1 10,3,1,-451.0178027920591
5000,model1,smc,n1,31,1,00 1 10,3,2,-452.7982117836218
5000,model1,smc,n1,31,2,000 1 10 100,4,0,-354.290478289297
5000,model1,smc,n1,31,2,000 1 10 100,4,1,-358.11902282044747
5000,model1,smc,n1,31,2,000 1 10 100,4,2,-377.78067882063203
5000,model1,smc,n2,31,0,0 1,2,0,-2524.7424979321822
5000,model1,smc,n2,31,0,0 1,2,1,-2495.745325440417
5000,model1,smc,n2,31,0,0 1,2,2,-2518.6957906096895
5000,model1,smc,n2,31,1,00 1 10,3,0,-1369.3746867698692
5000,model1,smc,n2,31,1,00 1 10,3,1,-1348.4940978488034
5000,model1,smc,n2,31,1,00 1 10,3,2,-1357.290171231051
5000,model1,smc,n2,31,2,000 1 10 100,4,0,-1094.2150689563357
5000,model1,smc,n2,31,2,000 1 10 100,4,1,-1095.3895069491725
5000,model1,smc,n2,31,2,000 1 10 100,4,2,-1110.3638893519346
5000,model1,smc,n1,32,0,0 1,2,0,-851.8664223374651
5000,model1,smc,n1,32,0,0 1,2,1,-844.7592238453644
5000,model1,smc,n1,32,0,0 1,2,2,-872.5126860593535
5000,model1,smc,n1,32,1,00 1 10,3,0,-464.28612034847606
5000,model1,smc,n1,32,1,00 1 10,3,1,-453.4713328319795
5000,model1,smc,n1,32,1,00 1 10,3,2,-470.3346335031514
5000,model1,smc,n1,32,2,000 1 10 100,4,0,-369.3344317211215
5000,model1,smc,n1,32,2,000 1 10 100,4,1,-364.8902836276793
5000,model1,smc,n1,32,2,000 1 10 100,4,2,-386.46807361167373
5000,model1,smc,n2,32,0,0 1,2,0,-2593.6762903319873
5000,model1,smc,n2,32,0,0 1,2,1,-2596.744530045157
5000,model1,smc,n2,32,0,0 1,2,2,-2604.9888234564132
5000,model1,smc,n2,32,1,00 1 10,3,0,-1402.21765053778
5000,model1,smc,n2,32,1,00 1 10,3,1,-1401.6909442706126
5000,model1,smc,n2,32,1,00 1 10,3,2,-1405.9296951065753
5000,model1,smc,n2,32,2,000 1 10 100,4,0,-1143.860322295084
5000,model1,smc,n2,32,2,000 1 10 100,4,1,-1140.5481077455117
5000,model1,smc,n2,32,2,000 1 10 100,4,2,-1140.9134738979417
5000,model1,smc,n1,33,0,0 1,2,0,-854.7005802741799
5000,model1,smc,n1,33,0,0 1,2,1,-879.784890908408
5000,model1,smc,n1,33,0,0 1,2,2,-868.4531552272706
5000,model1,smc,n1,33,1,00 1 10,3,0,-447.56083502967
5000,model1,smc,n1,33,1,00 1 10,3,1,-475.3147338827574
5000,model1,smc,n1,33,1,00 1 10,3,2,-469.90262532245737
5000,model1,smc,n1,33,2,000 1 10 100,4,0,-385.65973907812236
5000,model1,smc,n1,33,2,000 1 10 100,4,1,-382.0751857141775
5000,model1,smc,n1,33,2,000 1 10 100,4,2,-385.81608768308797
5000,model1,smc,n2,33,0,0 1,2,0,-2523.2217645325854
5000,model1,smc,n2,33,0,0 1,2,1,-2516.605454600579
5000,model1,smc,n2,33,0,0 1,2,2,-2613.3103273351453
5000,model1,smc,n2,33,1,00 1 10,3,0,-1338.693771719335
5000,model1,smc,n2,33,1,00 1 10,3,1,-1349.4804640713603
5000,model1,smc,n2,33,1,00 1 10,3,2,-1416.5769675581807
5000,model1,smc,n2,33,2,000 1 10 100,4,0,-1124.0848987459933
5000,model1,smc,n2,33,2,000 1 10 100,4,1,-1103.3333813865165
5000,model1,smc,n2,33,2,000 1 10 100,4,2,-1166.1977550221359
5000,model1,smc,n1,34,0,0 1,2,0,-817.6170032472476
5000,model1,smc,n1,34,0,0 1,2,1,-853.6451049331315
5000,model1,smc,n1,34,0,0 1,2,2,-854.006423381623
5000,model1,smc,n1,34,1,00 1 10,3,0,-441.19063115028763
5000,model1,smc,n1,34,1,00 1 10,3,1,-462.0345333438932
5000,model1,smc,n1,34,1,00 1 10,3,2,-459.2678159690014
5000,model1,smc,n1,34,2,000 1 10 100,4,0,-355.63741409217715
5000,model1,smc,n1,34,2,000 1 10 100,4,1,-368.2410902489761
5000,model1,smc,n1,34,2,000 1 10 100,4,2,-369.9382871257755
5000,model1,smc,n2,34,0,0 1,2,0,-2435.470962285027
5000,model1,smc,n2,34,0,0 1,2,1,-2470.8183558044593
5000,model1,smc,n2,34,0,0 1,2,2,-2543.896150563638
5000,model1,smc,n2,34,1,00 1 10,3,0,-1308.0366227759735
5000,model1,smc,n2,34,1,00 1 10,3,1,-1329.5523855992888
5000,model1,smc,n2,34,1,00 1 10,3,2,-1376.9853609895035
5000,model1,smc,n2,34,2,000 1 10 100,4,0,-1071.4409210443673
5000,model1,smc,n2,34,2,000 1 10 100,4,1,-1080.6198657874752
5000,model1,smc,n2,34,2,000 1 10 100,4,2,-1104.201243920567
5000,model1,smc,n1,35,0,0 1,2,0,-791.8569653183457
5000,model1,smc,n1,35,0,0 1,2,1,-842.7756620618113
5000,model1,smc,n1,35,0,0 1,2,2,-817.0525248018349
5000,model1,smc,n1,35,1,00 1 10,3,0,-420.32223680643904
5000,model1,smc,n1,35,1,00 1 10,3,1,-451.73380118416674
5000,model1,smc,n1,35,1,00 1 10,3,2,-430.2825915877635
5000,model1,smc,n2,35,0,0 1,2,0,-2406.873256443357
5000,model1,smc,n2,35,0,0 1,2,1,-2560.9603722488796
5000,model1,smc,n2,35,0,0 1,2,2,-2481.8773250225786
5000,model1,smc,n2,35,1,00 1 10,3,0,-1287.724248008125
5000,model1,smc,n2,35,1,00 1 10,3,1,-1392.3051951884522
5000,model1,smc,n2,35,1,00 1 10,3,2,-1324.7348185472
5000,model1,smc,n1,36,0,0 1,2,0,-855.6992658193537
5000,model1,smc,n1,36,0,0 1,2,1,-896.5992033432452
5000,model1,smc,n1,36,0,0 1,2,2,-861.3719370727481
5000,model1,smc,n1,36,1,00 1 10,3,0,-452.13941948100575
5000,model1,smc,n1,36,1,00 1 10,3,1,-484.54316905694833
5000,model1,smc,n1,36,1,00 1 10,3,2,-463.74055943184965
5000,model1,smc,n2,36,0,0 1,2,0,-2597.285965330012
5000,model1,smc,n2,36,0,0 1,2,1,-2616.4412109864097
5000,model1,smc,n2,36,0,0 1,2,2,-2553.6608522501947
5000,model1,smc,n2,36,1,00 1 10,3,0,-1383.7020776652166
5000,model1,smc,n2,36,1,00 1 10,3,1,-1395.2985567649853
5000,model1,smc,n2,36,1,00 1 10,3,2,-1370.495264571744
5000,model1,smc,n1,37,0,0 1,2,0,-824.2569114812939
5000,model1,smc,n1,37,0,0 1,2,1,-869.383604638716
5000,model1,smc,n1,37,0,0 1,2,2,-841.8260060521104
5000,model1,smc,n1,37,1,00 1 10,3,0,-443.5208157842039
5000,model1,smc,n1,37,1,00 1 10,3,1,-462.7143711262807
5000,model1,smc,n1,37,1,00 1 10,3,2,-446.13543885065496
5000,model1,smc,n1,37,2,000 1 10 100,4,0,-368.0169988047781
5000,model1,smc,n1,37,2,000 1 10 100,4,1,-384.73497773438646
5000,model1,smc,n1,37,2,000 1 10 100,4,2,-385.78102284553404
5000,model1,smc,n2,37,0,0 1,2,0,-2560.6772983810556
5000,model1,smc,n2,37,0,0 1,2,1,-2587.752000118684
5000,model1,smc,n2,37,0,0 1,2,2,-2569.5163198616574
5000,model1,smc,n2,37,1,00 1 10,3,0,-1381.262239870099
5000,model1,smc,n2,37,1,00 1 10,3,1,-1381.5172892345531
5000,model1,smc,n2,37,1,00 1 10,3,2,-1381.6530639507064
5000,model1,smc,n2,37,2,000 1 10 100,4,0,-1137.4858495224519
5000,model1,smc,n2,37,2,000 1 10 100,4,1,-1153.780618382018
5000,model1,smc,n2,37,2,000 1 10 100,4,2,-1152.748533821603
5000,model1,smc,n1,38,0,0 1,2,0,-808.1061734751627
5000,model1,smc,n1,38,0,0 1,2,1,-833.6909173930928
5000,model1,smc,n1,38,0,0 1,2,2,-808.0129463891703
5000,model1,smc,n1,38,1,00 1 10,3,0,-427.678166977569
5000,model1,smc,n1,38,1,00 1 10,3,1,-446.88575460639606
5000,model1,smc,n1,38,1,00 1 10,3,2,-429.97143657794777
5000,model1,smc,n1,38,2,000 1 10 100,4,0,-365.7822433309413
5000,model1,smc,n1,38,2,000 1 10 100,4,1,-368.1692030551764
5000,model1,smc,n1,38,2,000 1 10 100,4,2,-361.0604087847677
5000,model1,smc,n2,38,0,0 1,2,0,-2488.5955413024312
5000,model1,smc,n2,38,0,0 1,2,1,-2527.5497656310818
5000,model1,smc,n2,38,0,0 1,2,2,-2460.5472999713797
5000,model1,smc,n2,38,1,00 1 10,3,0,-1332.5734923038642
5000,model1,smc,n2,38,1,00 1 10,3,1,-1364.386167181095
5000,model1,smc,n2,38,1,00 1 10,3,2,-1313.8584838793383
5000,model1,smc,n2,38,2,000 1 10 100,4,0,-1114.6149549689915
5000,model1,smc,n2,38,2,000 1 10 100,4,1,-1120.625588663267
5000,model1,smc,n2,38,2,000 1 10 100,4,2,-1106.614445997739
5000,model1,smc,n1,39,0,0 1,2,0,-826.7962764165375
5000,model1,smc,n1,39,0,0 1,2,1,-835.2049168138121
5000,model1,smc,n1,39,0,0 1,2,2,-839.071595576062
5000,model1,smc,n1,39,1,00 1 10,3,0,-444.4472470839343
5000,model1,smc,n1,39,1,00 1 10,3,1,-450.04607365149957
5000,model1,smc,n1,39,1,00 1 10,3,2,-446.2694474451906
5000,model1,smc,n1,39,2,000 1 10 100,4,0,-364.3209953718291
5000,model1,smc,n1,39,2,000 1 10 100,4,1,-369.026162903549
5000,model1,smc,n1,39,2,000 1 10 100,4,2,-375.4160392753415
5000,model1,smc,n2,39,0,0 1,2,0,-2486.598691075633
5000,model1,smc,n2,39,0,0 1,2,1,-2495.2870309392833
5000,model1,smc,n2,39,0,0 1,2,2,-2522.259772283074
5000,model1,smc,n2,39,1,00 1 10,3,0,-1330.1773082801647
5000,model1,smc,n2,39,1,00 1 10,3,1,-1333.1395490797536
5000,model1,smc,n2,39,1,00 1 10,3,2,-1339.4168318058273
5000,model1,smc,n2,39,2,000 1 10 100,4,0,-1107.978811405081
5000,model1,smc,n2,39,2,000 1 10 100,4,1,-1115.4585886320713
5000,model1,smc,n2,39,2,000 1 10 100,4,2,-1135.9982918504672
5000,model1,smc,n1,40,0,0 1,2,0,-857.2868429470743
5000,model1,smc,n1,40,0,0 1,2,1,-855.4130899103884
5000,model1,smc,n1,40,0,0 1,2,2,-847.2721024652974
5000,model1,smc,n1,40,1,00 1 10,3,0,-463.5055483286839
5000,model1,smc,n1,40,1,00 1 10,3,1,-461.67541430381914
5000,model1,smc,n1,40,1,00 1 10,3,2,-456.213607949009
5000,model1,smc,n1,40,2,000 1 10 100,4,0,-381.48761221884905
5000,model1,smc,n1,40,2,000 1 10 100,4,1,-378.9328859405649
5000,model1,smc,n1,40,2,000 1 10 100,4,2,-380.36996651766935
5000,model1,smc,n2,40,0,0 1,2,0,-2581.716062106673
5000,model1,smc,n2,40,0,0 1,2,1,-2575.5106241459002
5000,model1,smc,n2,40,0,0 1,2,2,-2556.9362024512593
5000,model1,smc,n2,40,1,00 1 10,3,0,-1390.5205534233316
5000,model1,smc,n2,40,1,00 1 10,3,1,-1390.6403522767203
5000,model1,smc,n2,40,1,00 1 10,3,2,-1372.4443262507923
5000,model1,smc,n2,40,2,000 1 10 100,4,0,-1146.1907248961459
5000,model1,smc,n2,40,2,000 1 10 100,4,1,-1135.7447170528649
5000,model1,smc,n2,40,2,000 1 10 100,4,2,-1134.5951827456402
5000,model1,smc,n1,41,0,0 1,2,0,-804.5817354757658
5000,model1,smc,n1,41,0,0 1,2,1,-846.1289468135275
5000,model1,smc,n1,41,0,0 1,2,2,-818.1265610366082
5000,model1,smc,n1,41,1,00 1 10,3,0,-429.65070553947487
5000,model1,smc,n1,41,1,00 1 10,3,1,-458.8496368623901
5000,model1,smc,n1,41,1,00 1 10,3,2,-435.3060927778356
5000,model1,smc,n1,41,2,000 1 10 100,4,0,-357.70525974619
5000,model1,smc,n1,41,2,000 1 10 100,4,1,-363.0536372309298
5000,model1,smc,n1,41,2,000 1 10 100,4,2,-370.8596274520413
5000,model1,smc,n2,41,0,0 1,2,0,-2464.876649314418
5000,model1,smc,n2,41,0,0 1,2,1,-2469.281161530987
5000,model1,smc,n2,41,0,0 1,2,2,-2471.2265518294216
5000,model1,smc,n2,41,1,00 1 10,3,0,-1315.1361250275368
5000,model1,smc,n2,41,1,00 1 10,3,1,-1326.4131603716603
5000,model1,smc,n2,41,1,00 1 10,3,2,-1322.2466061102427
5000,model1,smc,n2,41,2,000 1 10 100,4,0,-1100.0796450981782
5000,model1,smc,n2,41,2,000 1 10 100,4,1,-1093.034584621523
5000,model1,smc,n2,41,2,000 1 10 100,4,2,-1097.930207085964
5000,model1,smc,n1,42,0,0 1,2,0,-842.6890966860158
5000,model1,smc,n1,42,0,0 1,2,1,-843.7033172933963
5000,model1,smc,n1,42,0,0 1,2,2,-840.7612140238678
5000,model1,smc,n1,42,1,00 1 10,3,0,-440.38328910404255
5000,model1,smc,n1,42,1,00 1 10,3,1,-454.13232167713176
5000,model1,smc,n1,42,1,00 1 10,3,2,-453.69228833086845
5000,model1,smc,n1,42,2,000 1 10 100,4,0,-382.11953474584953
5000,model1,smc,n1,42,2,000 1 10 100,4,1,-374.1004805223282
5000,model1,smc,n1,42,2,000 1 10 100,4,2,-361.51757238548896
5000,model1,smc,n2,42,0,0 1,2,0,-2578.0757813016035
5000,model1,smc,n2,42,0,0 1,2,1,-2528.237489165656
5000,model1,smc,n2,42,0,0 1,2,2,-2515.312211774998
5000,model1,smc,n2,42,1,00 1 10,3,0,-1371.0811445928578
5000,model1,smc,n2,42,1,00 1 10,3,1,-1363.4651162448179
5000,model1,smc,n2,42,1,00 1 10,3,2,-1353.1346166315675
5000,model1,smc,n2,42,2,000 1 10 100,4,0,-1143.890739568322
5000,model1,smc,n2,42,2,000 1 10 100,4,1,-1100.0451821569045
5000,model1,smc,n2,42,2,000 1 10 100,4,2,-1102.9351558152277
5000,model1,smc,n1,43,0,0 1,2,0,-818.1265610366082
5000,model1,smc,n1,43,0,0 1,2,1,-838.6362334888006
5000,model1,smc,n1,43,0,0 1,2,2,-811.6171179398547
5000,model1,smc,n1,43,1,00 1 10,3,0,-440.16679451284006
5000,model1,smc,n1,43,1,00 1 10,3,1,-450.17796569517685
5000,model1,smc,n1,43,1,00 1 10,3,2,-434.21614390434434
5000,model1,smc,n1,43,2,000 1 10 100,4,0,-349.7548621202859
5000,model1,smc,n1,43,2,000 1 10 100,4,1,-376.75434540626225
5000,model1,smc,n1,43,2,000 1 10 100,4,2,-355.6340562839026
5000,model1,smc,n2,43,0,0 1,2,0,-2511.440976375168
5000,model1,smc,n2,43,0,0 1,2,1,-2504.7624807271745
5000,model1,smc,n2,43,0,0 1,2,2,-2539.6283669806635
5000,model1,smc,n2,43,1,00 1 10,3,0,-1353.0283930438866
5000,model1,smc,n2,43,1,00 1 10,3,1,-1341.4407945834846
5000,model1,smc,n2,43,1,00 1 10,3,2,-1360.0079913553657
5000,model1,smc,n2,43,2,000 1 10 100,4,0,-1108.0121480474527
5000,model1,smc,n2,43,2,000 1 10 100,4,1,-1126.9142718544097
5000,model1,smc,n2,43,2,000 1 10 100,4,2,-1122.538891184226
5000,model1,smc,n1,44,0,0 1,2,0,-847.0505309265703
5000,model1,smc,n1,44,0,0 1,2,1,-847.7500408749215
5000,model1,smc,n1,44,0,0 1,2,2,-795.5904684316962
5000,model1,smc,n1,44,1,00 1 10,3,0,-456.227515478799
5000,model1,smc,n1,44,1,00 1 10,3,1,-457.4630011477433
5000,model1,smc,n1,44,1,00 1 10,3,2,-421.71862329799916
5000,model1,smc,n1,44,2,000 1 10 100,4,0,-369.8912891086449
5000,model1,smc,n1,44,2,000 1 10 100,4,1,-372.65923817006023
5000,model1,smc,n1,44,2,000 1 10 100,4,2,-354.2580803880586
5000,model1,smc,n2,44,0,0 1,2,0,-2486.3904436202083
5000,model1,smc,n2,44,0,0 1,2,1,-2526.352837652025
5000,model1,smc,n2,44,0,0 1,2,2,-2462.077090860158
5000,model1,smc,n2,44,1,00 1 10,3,0,-1335.4858014012677
5000,model1,smc,n2,44,1,00 1 10,3,1,-1358.1025651192635
5000,model1,smc,n2,44,1,00 1 10,3,2,-1319.06960606391
5000,model1,smc,n2,44,2,000 1 10 100,4,0,-1091.6387967512942
5000,model1,smc,n2,44,2,000 1 10 100,4,1,-1123.2086614171444
5000,model1,smc,n2,44,2,000 1 10 100,4,2,-1084.2511486533206
5000,model1,smc,n1,45,0,0 1,2,0,-837.3510341616193
5000,model1,smc,n1,45,0,0 1,2,1,-811.5228706272355
5000,model1,smc,n1,45,0,0 1,2,2,-807.1249849440192
5000,model1,smc,n1,45,1,00 1 10,3,0,-450.2729734528368
5000,model1,smc,n1,45,1,00 1 10,3,1,-432.1696640465867
5000,model1,smc,n1,45,1,00 1 10,3,2,-429.40975468561595
5000,model1,smc,n1,45,2,000 1 10 100,4,0,-367.7361273418338
5000,model1,smc,n1,45,2,000 1 10 100,4,1,-361.9006334053556
5000,model1,smc,n1,45,2,000 1 10 100,4,2,-357.76127127902123
5000,model1,smc,n2,45,0,0 1,2,0,-2504.4239755634344
5000,model1,smc,n2,45,0,0 1,2,1,-2465.4677266001618
5000,model1,smc,n2,45,0,0 1,2,2,-2524.3491180157857
5000,model1,smc,n2,45,1,00 1 10,3,0,-1333.5254033569672
5000,model1,smc,n2,45,1,00 1 10,3,1,-1313.4684195627399
5000,model1,smc,n2,45,1,00 1 10,3,2,-1354.4451251175947
5000,model1,smc,n2,45,2,000 1 10 100,4,0,-1117.8848518642326
5000,model1,smc,n2,45,2,000 1 10 100,4,1,-1092.2357552554186
5000,model1,smc,n2,45,2,000 1 10 100,4,2,-1112.790827194004
5000,model1,smc,n1,46,0,0 1,2,0,-823.7702624392591
5000,model1,smc,n1,46,0,0 1,2,1,-783.3082285052709
5000,model1,smc,n1,46,0,0 1,2,2,-852.4377029112501
5000,model1,smc,n1,46,1,00 1 10,3,0,-442.5554731512759
5000,model1,smc,n1,46,1,00 1 10,3,1,-416.9311466496554
5000,model1,smc,n1,46,1,00 1 10,3,2,-457.0230660626173
5000,model1,smc,n2,46,0,0 1,2,0,-2477.7276260360977
5000,model1,smc,n2,46,0,0 1,2,1,-2456.5815908251725
5000,model1,smc,n2,46,0,0 1,2,2,-2489.217972405201
5000,model1,smc,n2,46,1,00 1 10,3,0,-1332.52049589126
5000,model1,smc,n2,46,1,00 1 10,3,1,-1317.387281802326
5000,model1,smc,n2,46,1,00 1 10,3,2,-1336.658833801686
5000,model1,smc,n1,47,0,0 1,2,0,-838.7859666696716
5000,model1,smc,n1,47,0,0 1,2,1,-807.033908397319
5000,model1,smc,n1,47,0,0 1,2,2,-827.8030651052951
5000,model1,smc,n1,47,1,00 1 10,3,0,-456.2986228624194
5000,model1,smc,n1,47,1,00 1 10,3,1,-432.24150134530817
5000,model1,smc,n1,47,1,00 1 10,3,2,-436.81535571599204
5000,model1,smc,n1,47,2,000 1 10 100,4,0,-360.18820537413427
5000,model1,smc,n1,47,2,000 1 10 100,4,1,-343.74471241403523
5000,model1,smc,n1,47,2,000 1 10 100,4,2,-371.2769756212772
5000,model1,smc,n2,47,0,0 1,2,0,-2494.435621141841
5000,model1,smc,n2,47,0,0 1,2,1,-2520.4354843723067
5000,model1,smc,n2,47,0,0 1,2,2,-2522.3800253013796
5000,model1,smc,n2,47,1,00 1 10,3,0,-1344.6230147375272
5000,model1,smc,n2,47,1,00 1 10,3,1,-1355.9269025669744
5000,model1,smc,n2,47,1,00 1 10,3,2,-1345.8362026304542
5000,model1,smc,n2,47,2,000 1 10 100,4,0,-1090.9244604444398
5000,model1,smc,n2,47,2,000 1 10 100,4,1,-1107.9536028716338
5000,model1,smc,n2,47,2,000 1 10 100,4,2,-1119.9184498994796
5000,model1,smc,n1,48,0,0 1,2,0,-799.9056310202113
5000,model1,smc,n1,48,0,0 1,2,1,-823.2509747789207
5000,model1,smc,n1,48,0,0 1,2,2,-852.5035451598043
5000,model1,smc,n1,48,1,00 1 10,3,0,-423.4512623525156
5000,model1,smc,n1,48,1,00 1 10,3,1,-441.5397993169678
5000,model1,smc,n1,48,1,00 1 10,3,2,-462.6648615688239
5000,model1,smc,n1,48,2,000 1 10 100,4,0,-367.76662928896326
5000,model1,smc,n1,48,2,000 1 10 100,4,1,-370.73188794329013
5000,model1,smc,n1,48,2,000 1 10 100,4,2,-376.7375509344703
5000,model1,smc,n2,48,0,0 1,2,0,-2475.600059745973
5000,model1,smc,n2,48,0,0 1,2,1,-2479.9102730088475
5000,model1,smc,n2,48,0,0 1,2,2,-2531.7535550976854
5000,model1,smc,n2,48,1,00 1 10,3,0,-1319.9357407570978
5000,model1,smc,n2,48,1,00 1 10,3,1,-1335.141700598338
5000,model1,smc,n2,48,1,00 1 10,3,2,-1358.105017510125
5000,model1,smc,n2,48,2,000 1 10 100,4,0,-1120.1370926260522
5000,model1,smc,n2,48,2,000 1 10 100,4,1,-1098.796751172786
5000,model1,smc,n2,48,2,000 1 10 100,4,2,-1134.2142770631517
5000,model1,smc,n1,49,0,0 1,2,0,-831.0204782375988
5000,model1,smc,n1,49,0,0 1,2,1,-810.8296014163594
5000,model1,smc,n1,49,0,0 1,2,2,-840.0358038958428
5000,model1,smc,n1,49,1,00 1 10,3,0,-437.001064799285
5000,model1,smc,n1,49,1,00 1 10,3,1,-431.85813887004093
5000,model1,smc,n1,49,1,00 1 10,3,2,-449.2318377892286
5000,model1,smc,n1,49,2,000 1 10 100,4,0,-378.7283660761354
5000,model1,smc,n1,49,2,000 1 10 100,4,1,-355.08031746019594
5000,model1,smc,n1,49,2,000 1 10 100,4,2,-374.73890386220575
5000,model1,smc,n2,49,0,0 1,2,0,-2551.022213007301
5000,model1,smc,n2,49,0,0 1,2,1,-2484.972036798888
5000,model1,smc,n2,49,0,0 1,2,2,-2491.8947893286268
5000,model1,smc,n2,49,1,00 1 10,3,0,-1353.4600980121472
5000,model1,smc,n2,49,1,00 1 10,3,1,-1332.7278852803274
5000,model1,smc,n2,49,1,00 1 10,3,2,-1330.3136886508023
5000,model1,smc,n2,49,2,000 1 10 100,4,0,-1153.7479887888328
5000,model1,smc,n2,49,2,000 1 10 100,4,1,-1110.9589881930337
5000,model1,smc,n2,49,2,000 1 10 100,4,2,-1115.0396742752341
5000,model1,smc,n1,50,0,0 1,2,0,-837.3510341616193
5000,model1,smc,n1,50,0,0 1,2,1,-834.400998972455
5000,model1,smc,n1,50,0,0 1,2,2,-863.4850417878894
5000,model1,smc,n1,50,1,00 1 10,3,0,-451.22707443882626
5000,model1,smc,n1,50,1,00 1 10,3,1,-437.24820121714583
5000,model1,smc,n1,50,1,00 1 10,3,2,-469.2786561287597
5000,model1,smc,n2,50,0,0 1,2,0,-2489.8382374160174
5000,model1,smc,n2,50,0,0 1,2,1,-2529.5765685162314
5000,model1,smc,n2,50,0,0 1,2,2,-2562.204725259234
5000,model1,smc,n2,50,1,00 1 10,3,0,-1345.035485903717
5000,model1,smc,n2,50,1,00 1 10,3,1,-1352.905328276961
5000,model1,smc,n2,50,1,00 1 10,3,2,-1386.8212488685392
5000,model1,smc,n1,51,0,0 1,2,0,-873.419637524943
5000,model1,smc,n1,51,0,0 1,2,1,-865.6585078908972
5000,model1,smc,n1,51,0,0 1,2,2,-839.8175913377597
5000,model1,smc,n1,51,1,00 1 10,3,0,-474.4633325194817
5000,model1,smc,n1,51,1,00 1 10,3,1,-461.04035826931647
5000,model1,smc,n1,51,1,00 1 10,3,2,-451.6757666438358
5000,model1,smc,n1,51,2,000 1 10 100,4,0,-377.1355562502365
5000,model1,smc,n1,51,2,000 1 10 100,4,1,-385.1944290185732
5000,model1,smc,n1,51,2,000 1 10 100,4,2,-363.87431748676863
5000,model1,smc,n2,51,0,0 1,2,0,-2590.0343986034954
5000,model1,smc,n2,51,0,0 1,2,1,-2595.447913128167
5000,model1,smc,n2,51,0,0 1,2,2,-2561.128538533955
5000,model1,smc,n2,51,1,00 1 10,3,0,-1404.8831664246259
5000,model1,smc,n2,51,1,00 1 10,3,1,-1398.5151150863203
5000,model1,smc,n2,51,1,00 1 10,3,2,-1380.4638173977937
5000,model1,smc,n2,51,2,000 1 10 100,4,0,-1119.3091982320802
5000,model1,smc,n2,51,2,000 1 10 100,4,1,-1140.561770546013
5000,model1,smc,n2,51,2,000 1 10 100,4,2,-1113.8325767070041
5000,model1,smc,n1,52,0,0 1,2,0,-804.1107115624127
5000,model1,smc,n1,52,0,0 1,2,1,-840.8983791816509
5000,model1,smc,n1,52,0,0 1,2,2,-782.226059195134
5000,model1,smc,n1,52,1,00 1 10,3,0,-426.57582356840385
5000,model1,smc,n1,52,1,00 1 10,3,1,-456.5189386175424
5000,model1,smc,n1,52,1,00 1 10,3,2,-416.64040363870055
5000,model1,smc,n2,52,0,0 1,2,0,-2494.8639059357615
5000,model1,smc,n2,52,0,0 1,2,1,-2516.605454600579
5000,model1,smc,n2,52,0,0 1,2,2,-2498.456616169685
5000,model1,smc,n2,52,1,00 1 10,3,0,-1341.3636419818436
5000,model1,smc,n2,52,1,00 1 10,3,1,-1344.5487176425106
5000,model1,smc,n2,52,1,00 1 10,3,2,-1344.5680159327692
5000,model1,smc,n1,53,0,0 1,2,0,-853.6451049331315
5000,model1,smc,n1,53,0,0 1,2,1,-874.3862583831298
5000,model1,smc,n1,53,0,0 1,2,2,-898.8987952569894
5000,model1,smc,n1,53,1,00 1 10,3,0,-461.9443439584662
5000,model1,smc,n1,53,1,00 1 10,3,1,-473.0159386297221
5000,model1,smc,n1,53,1,00 1 10,3,2,-486.2098781886199
5000,model1,smc,n1,53,2,000 1 10 100,4,0,-368.1061558909301
5000,model1,smc,n1,53,2,000 1 10 100,4,1,-378.56622516994236
5000,model1,smc,n1,53,2,000 1 10 100,4,2,-396.06743757239036
5000,model1,smc,n2,53,0,0 1,2,0,-2569.779219518803
5000,model1,smc,n2,53,0,0 1,2,1,-2594.2798915386493
5000,model1,smc,n2,53,0,0 1,2,2,-2608.426766000797
5000,model1,smc,n2,53,1,00 1 10,3,0,-1390.84216223212
5000,model1,smc,n2,53,1,00 1 10,3,1,-1402.2112307344653
5000,model1,smc,n2,53,1,00 1 10,3,2,-1405.9829417283772
5000,model1,smc,n2,53,2,000 1 10 100,4,0,-1135.6621973800918
5000,model1,smc,n2,53,2,000 1 10 100,4,1,-1149.8505977335285
5000,model1,smc,n2,53,2,000 1 10 100,4,2,-1159.4929863667376
5000,model1,smc,n1,54,0,0 1,2,0,-854.8813759374955
5000,model1,smc,n1,54,0,0 1,2,1,-832.8210148746087
5000,model1,smc,n1,54,0,0 1,2,2,-824.7026238080177
5000,model1,smc,n1,54,1,00 1 10,3,0,-460.013121526288
5000,model1,smc,n1,54,1,00 1 10,3,1,-450.5164264496133
5000,model1,smc,n1,54,1,00 1 10,3,2,-443.8626283075423
5000,model1,smc,n1,54,2,000 1 10 100,4,0,-375.85070149661266
5000,model1,smc,n1,54,2,000 1 10 100,4,1,-364.97568739104156
5000,model1,smc,n1,54,2,000 1 10 100,4,2,-373.8571590385659
5000,model1,smc,n2,54,0,0 1,2,0,-2527.656477853554
5000,model1,smc,n2,54,0,0 1,2,1,-2524.6134363300516
5000,model1,smc,n2,54,0,0 1,2,2,-2475.8259818043052
5000,model1,smc,n2,54,1,00 1 10,3,0,-1370.253990395795
5000,model1,smc,n2,54,1,00 1 10,3,1,-1370.2382925110805
5000,model1,smc,n2,54,1,00 1 10,3,2,-1336.8657067749514
5000,model1,smc,n2,54,2,000 1 10 100,4,0,-1107.8740333496892
5000,model1,smc,n2,54,2,000 1 10 100,4,1,-1109.6019733251826
5000,model1,smc,n2,54,2,000 1 10 100,4,2,-1094.4097043151883
5000,model1,smc,n1,55,0,0 1,2,0,-838.9642479203492
5000,model1,smc,n1,55,0,0 1,2,1,-839.4827741559734
5000,model1,smc,n1,55,0,0 1,2,2,-829.7226734109495
5000,model1,smc,n1,55,1,00 1 10,3,0,-448.42100752168744
5000,model1,smc,n1,55,1,00 1 10,3,1,-451.8360324940432
5000,model1,smc,n1,55,1,00 1 10,3,2,-442.72938047047455
5000,model1,smc,n1,55,2,000 1 10 100,4,0,-374.8225412451337
5000,model1,smc,n1,55,2,000 1 10 100,4,1,-372.0393201582431
5000,model1,smc,n1,55,2,000 1 10 100,4,2,-358.17760359527733
5000,model1,smc,n2,55,0,0 1,2,0,-2542.2894052052143
5000,model1,smc,n2,55,0,0 1,2,1,-2490.585243724835
5000,model1,smc,n2,55,0,0 1,2,2,-2525.6698257252147
5000,model1,smc,n2,55,1,00 1 10,3,0,-1360.7860942200343
5000,model1,smc,n2,55,1,00 1 10,3,1,-1339.503954935641
5000,model1,smc,n2,55,1,00 1 10,3,2,-1348.1021096160957
5000,model1,smc,n2,55,2,000 1 10 100,4,0,-1136.4500582433866
5000,model1,smc,n2,55,2,000 1 10 100,4,1,-1095.074835337953
5000,model1,smc,n2,55,2,000 1 10 100,4,2,-1120.3374210868421
5000,model1,smc,n1,56,0,0 1,2,0,-831.5112318722981
5000,model1,smc,n1,56,0,0 1,2,1,-861.4990517930012
5000,model1,smc,n1,56,0,0 1,2,2,-864.081935648966
5000,model1,smc,n1,56,1,00 1 10,3,0,-445.21775919016966
5000,model1,smc,n1,56,1,00 1 10,3,1,-463.71167486177274
5000,model1,smc,n1,56,1,00 1 10,3,2,-459.9701627237991
5000,model1,smc,n1,56,2,000 1 10 100,4,0,-366.49099971892974
5000,model1,smc,n1,56,2,000 1 10 100,4,1,-382.1306833535373
5000,model1,smc,n1,56,2,000 1 10 100,4,2,-376.8094528993892
5000,model1,smc,n2,56,0,0 1,2,0,-2526.3122004991246
5000,model1,smc,n2,56,0,0 1,2,1,-2553.776161341052
5000,model1,smc,n2,56,0,0 1,2,2,-2571.1588784576516
5000,model1,smc,n2,56,1,00 1 10,3,0,-1340.2400974285747
5000,model1,smc,n2,56,1,00 1 10,3,1,-1365.1667486153744
5000,model1,smc,n2,56,1,00 1 10,3,2,-1372.3269969677413
5000,model1,smc,n2,56,2,000 1 10 100,4,0,-1127.214511815884
5000,model1,smc,n2,56,2,000 1 10 100,4,1,-1133.2080072010149
5000,model1,smc,n2,56,2,000 1 10 100,4,2,-1137.7433073945854
5000,model1,smc,n1,57,0,0 1,2,0,-825.763274857409
5000,model1,smc,n1,57,0,0 1,2,1,-804.6730005129804
5000,model1,smc,n1,57,0,0 1,2,2,-837.7922829483259
5000,model1,smc,n1,57,1,00 1 10,3,0,-436.5794734684423
5000,model1,smc,n1,57,1,00 1 10,3,1,-429.96836049895717
5000,model1,smc,n1,57,1,00 1 10,3,2,-451.1886882562578
5000,model1,smc,n1,57,2,000 1 10 100,4,0,-361.3230003637171
5000,model1,smc,n1,57,2,000 1 10 100,4,1,-356.43142300613954
5000,model1,smc,n1,57,2,000 1 10 100,4,2,-353.8141459454189
5000,model1,smc,n2,57,0,0 1,2,0,-2464.777054061655
5000,model1,smc,n2,57,0,0 1,2,1,-2472.1267251283616
5000,model1,smc,n2,57,0,0 1,2,2,-2481.0621715602533
5000,model1,smc,n2,57,1,00 1 10,3,0,-1324.9621716719198
5000,model1,smc,n2,57,1,00 1 10,3,1,-1323.388352005489
5000,model1,smc,n2,57,1,00 1 10,3,2,-1334.1854537163458
5000,model1,smc,n2,57,2,000 1 10 100,4,0,-1067.7169969245922
5000,model1,smc,n2,57,2,000 1 10 100,4,1,-1079.2298814837966
5000,model1,smc,n2,57,2,000 1 10 100,4,2,-1068.483466683301
5000,model1,smc,n1,58,0,0 1,2,0,-849.8360750646492
5000,model1,smc,n1,58,0,0 1,2,1,-824.8643816680994
5000,model1,smc,n1,58,0,0 1,2,2,-838.1848810173548
5000,model1,smc,n1,58,1,00 1 10,3,0,-462.5711445902003
5000,model1,smc,n1,58,1,00 1 10,3,1,-450.5585961659822
5000,model1,smc,n1,58,1,00 1 10,3,2,-453.07324603765244
5000,model1,smc,n1,58,2,000 1 10 100,4,0,-370.77831581566386
5000,model1,smc,n1,58,2,000 1 10 100,4,1,-360.53386371902315
5000,model1,smc,n1,58,2,000 1 10 100,4,2,-368.63368825816883
5000,model1,smc,n2,58,0,0 1,2,0,-2481.4773711656117
5000,model1,smc,n2,58,0,0 1,2,1,-2471.3873441134183
5000,model1,smc,n2,58,0,0 1,2,2,-2527.418711901628
5000,model1,smc,n2,58,1,00 1 10,3,0,-1339.7983131328165
5000,model1,smc,n2,58,1,00 1 10,3,1,-1339.3551503180888
5000,model1,smc,n2,58,1,00 1 10,3,2,-1369.0375954846709
5000,model1,smc,n2,58,2,000 1 10 100,4,0,-1097.7267740074876
5000,model1,smc,n2,58,2,000 1 10 100,4,1,-1085.4160444990682
5000,model1,smc,n2,58,2,000 1 10 100,4,2,-1122.2844452983982
5000,model1,smc,n1,59,0,0 1,2,0,-833.3720434591296
5000,model1,smc,n1,59,0,0 1,2,1,-832.8210148746087
5000,model1,smc,n1,59,0,0 1,2,2,-812.4980847842646
5000,model1,smc,n1,59,1,00 1 10,3,0,-447.2146976837658
5000,model1,smc,n1,59,1,00 1 10,3,1,-450.4564342635937
5000,model1,smc,n1,59,1,00 1 10,3,2,-436.72660235041485
5000,model1,smc,n1,59,2,000 1 10 100,4,0,-372.1692887473711
5000,model1,smc,n1,59,2,000 1 10 100,4,1,-364.94344060397054
5000,model1,smc,n1,59,2,000 1 10 100,4,2,-342.23827328857993
5000,model1,smc,n2,59,0,0 1,2,0,-2502.055306617233
5000,model1,smc,n2,59,0,0 1,2,1,-2464.7918848682393
5000,model1,smc,n2,59,0,0 1,2,2,-2471.7350124905006
5000,model1,smc,n2,59,1,00 1 10,3,0,-1349.7169150590655
5000,model1,smc,n2,59,1,00 1 10,3,1,-1329.648843532248
5000,model1,smc,n2,59,1,00 1 10,3,2,-1330.381863587479
5000,model1,smc,n2,59,2,000 1 10 100,4,0,-1101.853287472156
5000,model1,smc,n2,59,2,000 1 10 100,4,1,-1080.7878686785862
5000,model1,smc,n2,59,2,000 1 10 100,4,2,-1085.5440890976906
5000,model1,smc,n1,60,0,0 1,2,0,-832.6009244177683
5000,model1,smc,n1,60,0,0 1,2,1,-858.0293299540725
5000,model1,smc,n1,60,0,0 1,2,2,-822.5453144571172
5000,model1,smc,n1,60,1,00 1 10,3,0,-448.7156951970649
5000,model1,smc,n1,60,1,00 1 10,3,1,-456.03158936842703
5000,model1,smc,n1,60,1,00 1 10,3,2,-436.967742046616
5000,model1,smc,n1,60,2,000 1 10 100,4,0,-360.2219149930143
5000,model1,smc,n1,60,2,000 1 10 100,4,1,-386.986564266512
5000,model1,smc,n1,60,2,000 1 10 100,4,2,-379.1129317644419
5000,model1,smc,n2,60,0,0 1,2,0,-2522.4758671203567
5000,model1,smc,n2,60,0,0 1,2,1,-2572.7545402972214
5000,model1,smc,n2,60,0,0 1,2,2,-2543.224271119553
5000,model1,smc,n2,60,1,00 1 10,3,0,-1351.0621705685917
5000,model1,smc,n2,60,1,00 1 10,3,1,-1382.1900769327467
5000,model1,smc,n2,60,1,00 1 10,3,2,-1358.9318636534351
5000,model1,smc,n2,60,2,000 1 10 100,4,0,-1118.1662675076311
5000,model1,smc,n2,60,2,000 1 10 100,4,1,-1136.529472938969
5000,model1,smc,n2,60,2,000 1 10 100,4,2,-1142.9176394144447
5000,model1,smc,n1,61,0,0 1,2,0,-833.1545764820471
5000,model1,smc,n1,61,0,0 1,2,1,-860.2604512372502
5000,model1,smc,n1,61,0,0 1,2,2,-838.1128165465738
5000,model1,smc,n1,61,1,00 1 10,3,0,-449.8070978493969
5000,model1,smc,n1,61,1,00 1 10,3,1,-457.1101408922147
5000,model1,smc,n1,61,1,00 1 10,3,2,-448.2131697382422
5000,model1,smc,n1,61,2,000 1 10 100,4,0,-357.86098325814726
5000,model1,smc,n1,61,2,000 1 10 100,4,1,-384.8258826299526
5000,model1,smc,n1,61,2,000 1 10 100,4,2,-363.5223539538745
5000,model1,smc,n2,61,0,0 1,2,0,-2570.910082431147
5000,model1,smc,n2,61,0,0 1,2,1,-2563.277321575958
5000,model1,smc,n2,61,0,0 1,2,2,-2596.744530045157
5000,model1,smc,n2,61,1,00 1 10,3,0,-1384.6341837080474
5000,model1,smc,n2,61,1,00 1 10,3,1,-1371.1589953318107
5000,model1,smc,n2,61,1,00 1 10,3,2,-1409.0277704725695
5000,model1,smc,n2,61,2,000 1 10 100,4,0,-1132.1891513387238
5000,model1,smc,n2,61,2,000 1 10 100,4,1,-1148.563778478404
5000,model1,smc,n2,61,2,000 1 10 100,4,2,-1113.559671970763
5000,model1,smc,n1,62,0,0 1,2,0,-858.0293299540725
5000,model1,smc,n1,62,0,0 1,2,1,-829.0027524530137
5000,model1,smc,n1,62,0,0 1,2,2,-843.1168624784032
5000,model1,smc,n1,62,1,00 1 10,3,0,-458.69771107424475
5000,model1,smc,n1,62,1,00 1 10,3,1,-446.12475992272937
5000,model1,smc,n1,62,1,00 1 10,3,2,-458.0593721818543
5000,model1,smc,n1,62,2,000 1 10 100,4,0,-381.2895886351328
5000,model1,smc,n1,62,2,000 1 10 100,4,1,-362.67821828835326
5000,model1,smc,n1,62,2,000 1 10 100,4,2,-364.1426768391571
5000,model1,smc,n2,62,0,0 1,2,0,-2578.9747122920908
5000,model1,smc,n2,62,0,0 1,2,1,-2526.126833148486
5000,model1,smc,n2,62,0,0 1,2,2,-2476.2574512825895
5000,model1,smc,n2,62,1,00 1 10,3,0,-1396.9449732049734
5000,model1,smc,n2,62,1,00 1 10,3,1,-1360.4773447980776
5000,model1,smc,n2,62,1,00 1 10,3,2,-1337.2292368102744
5000,model1,smc,n2,62,2,000 1 10 100,4,0,-1136.2239308847907
5000,model1,smc,n2,62,2,000 1 10 100,4,1,-1118.6137291818713
5000,model1,smc,n2,62,2,000 1 10 100,4,2,-1088.4400268597824
5000,model1,smc,n1,63,0,0 1,2,0,-814.4047981950155
5000,model1,smc,n1,63,0,0 1,2,1,-828.0068417219751
5000,model1,smc,n1,63,0,0 1,2,2,-832.8080625898994
5000,model1,smc,n1,63,1,00 1 10,3,0,-439.72663061218185
5000,model1,smc,n1,63,1,00 1 10,3,1,-445.01601686761126
5000,model1,smc,n1,63,1,00 1 10,3,2,-442.28286986593616
5000,model1,smc,n1,63,2,000 1 10 100,4,0,-359.953485704141
5000,model1,smc,n1,63,2,000 1 10 100,4,1,-364.4985755941053
5000,model1,smc,n1,63,2,000 1 10 100,4,2,-373.55133241042057
5000,model1,smc,n2,63,0,0 1,2,0,-2401.4555725968185
5000,model1,smc,n2,63,0,0 1,2,1,-2464.3755742550256
5000,model1,smc,n2,63,0,0 1,2,2,-2486.0090524366205
5000,model1,smc,n2,63,1,00 1 10,3,0,-1287.872383168185
5000,model1,smc,n2,63,1,00 1 10,3,1,-1320.6023233390154
5000,model1,smc,n2,63,1,00 1 10,3,2,-1325.1867498224005
5000,model1,smc,n2,63,2,000 1 10 100,4,0,-1063.1063685618803
5000,model1,smc,n2,63,2,000 1 10 100,4,1,-1094.9295053678616
5000,model1,smc,n2,63,2,000 1 10 100,4,2,-1120.5620703471243
5000,model1,smc,n1,64,0,0 1,2,0,-822.8471481676918
5000,model1,smc,n1,64,0,0 1,2,1,-790.5272611662266
5000,model1,smc,n1,64,0,0 1,2,2,-797.674888488871
5000,model1,smc,n1,64,1,00 1 10,3,0,-440.2664943452108
5000,model1,smc,n1,64,1,00 1 10,3,1,-420.23084525409615
5000,model1,smc,n1,64,1,00 1 10,3,2,-425.98223403860425
5000,model1,smc,n1,64,2,000 1 10 100,4,0,-363.9053602792226
5000,model1,smc,n1,64,2,000 1 10 100,4,1,-352.7265277699805
5000,model1,smc,n1,64,2,000 1 10 100,4,2,-346.68534898821105
5000,model1,smc,n2,64,0,0 1,2,0,-2479.849492904877
5000,model1,smc,n2,64,0,0 1,2,1,-2398.379281744148
5000,model1,smc,n2,64,0,0 1,2,2,-2410.8836327615986
5000,model1,smc,n2,64,1,00 1 10,3,0,-1330.5741544908662
5000,model1,smc,n2,64,1,00 1 10,3,1,-1283.7389883631818
5000,model1,smc,n2,64,1,00 1 10,3,2,-1286.385234501665
5000,model1,smc,n2,64,2,000 1 10 100,4,0,-1102.4382111836214
5000,model1,smc,n2,64,2,000 1 10 100,4,1,-1042.5822535297118
5000,model1,smc,n2,64,2,000 1 10 100,4,2,-1049.8598601294807
5000,model1,smc,n1,65,0,0 1,2,0,-867.3331888002426
5000,model1,smc,n1,65,0,0 1,2,1,-824.9279164713395
5000,model1,smc,n1,65,0,0 1,2,2,-833.0443725228583
5000,model1,smc,n1,65,1,00 1 10,3,0,-470.66341126400226
5000,model1,smc,n1,65,1,00 1 10,3,1,-445.2046522835001
5000,model1,smc,n1,65,1,00 1 10,3,2,-447.9374513081725
5000,model1,smc,n1,65,2,000 1 10 100,4,0,-390.57649267049
5000,model1,smc,n1,65,2,000 1 10 100,4,1,-366.05408287550995
5000,model1,smc,n1,65,2,000 1 10 100,4,2,-375.4529650817687
5000,model1,smc,n2,65,0,0 1,2,0,-2576.8807412305296
5000,model1,smc,n2,65,0,0 1,2,1,-2585.6833542964714
5000,model1,smc,n2,65,0,0 1,2,2,-2491.92304781039
5000,model1,smc,n2,65,1,00 1 10,3,0,-1405.825345470667
5000,model1,smc,n2,65,1,00 1 10,3,1,-1402.3180576771858
5000,model1,smc,n2,65,1,00 1 10,3,2,-1341.0934665091188
5000,model1,smc,n2,65,2,000 1 10 100,4,0,-1135.5157433519194
5000,model1,smc,n2,65,2,000 1 10 100,4,1,-1148.3232629272252
5000,model1,smc,n2,65,2,000 1 10 100,4,2,-1108.299004001454
5000,model1,smc,n1,66,0,0 1,2,0,-827.5109702026192
5000,model1,smc,n1,66,0,0 1,2,1,-840.0889432134986
5000,model1,smc,n1,66,0,0 1,2,2,-830.2056458107568
5000,model1,smc,n1,66,1,00 1 10,3,0,-441.5473848839249
5000,model1,smc,n1,66,1,00 1 10,3,1,-454.3969683052584
5000,model1,smc,n1,66,1,00 1 10,3,2,-445.8393586297036
5000,model1,smc,n1,66,2,000 1 10 100,4,0,-363.4087164694985
5000,model1,smc,n1,66,2,000 1 10 100,4,1,-366.6847394548847
5000,model1,smc,n1,66,2,000 1 10 100,4,2,-367.9554968614725
5000,model1,smc,n2,66,0,0 1,2,0,-2478.5399509255985
5000,model1,smc,n2,66,0,0 1,2,1,-2549.0835186429103
5000,model1,smc,n2,66,0,0 1,2,2,-2496.7977439099923
5000,model1,smc,n2,66,1,00 1 10,3,0,-1327.0571265078916
5000,model1,smc,n2,66,1,00 1 10,3,1,-1372.898219208978
5000,model1,smc,n2,66,1,00 1 10,3,2,-1337.4695070196863
5000,model1,smc,n2,66,2,000 1 10 100,4,0,-1093.9703592033984
5000,model1,smc,n2,66,2,000 1 10 100,4,1,-1117.4970191948353
5000,model1,smc,n2,66,2,000 1 10 100,4,2,-1101.008428347442
5000,model1,smc,n1,67,0,0 1,2,0,-836.8938294412637
5000,model1,smc,n1,67,0,0 1,2,1,-844.0429433719638
5000,model1,smc,n1,67,0,0 1,2,2,-845.0803550958844
5000,model1,smc,n1,67,1,00 1 10,3,0,-454.4368443553616
5000,model1,smc,n1,67,1,00 1 10,3,1,-453.18951683785156
5000,model1,smc,n1,67,1,00 1 10,3,2,-458.1030450865533
5000,model1,smc,n1,67,2,000 1 10 100,4,0,-354.6560430155482
5000,model1,smc,n1,67,2,000 1 10 100,4,1,-361.4883065384829
5000,model1,smc,n1,67,2,000 1 10 100,4,2,-369.9994432099899
5000,model1,smc,n2,67,0,0 1,2,0,-2483.9714719182834
5000,model1,smc,n2,67,0,0 1,2,1,-2477.1247415629323
5000,model1,smc,n2,67,0,0 1,2,2,-2468.574214892734
5000,model1,smc,n2,67,1,00 1 10,3,0,-1338.134557877296
5000,model1,smc,n2,67,1,00 1 10,3,1,-1326.9909858370886
5000,model1,smc,n2,67,1,00 1 10,3,2,-1328.5896262965368
5000,model1,smc,n2,67,2,000 1 10 100,4,0,-1068.361468926783
5000,model1,smc,n2,67,2,000 1 10 100,4,1,-1082.17895411145
5000,model1,smc,n2,67,2,000 1 10 100,4,2,-1066.864515710367
5000,model1,smc,n1,68,0,0 1,2,0,-842.8883199713812
5000,model1,smc,n1,68,0,0 1,2,1,-821.2596549243596
5000,model1,smc,n1,68,0,0 1,2,2,-810.0890824833682
5000,model1,smc,n1,68,1,00 1 10,3,0,-446.1977339235629
5000,model1,smc,n1,68,1,00 1 10,3,1,-433.3862988515597
5000,model1,smc,n1,68,1,00 1 10,3,2,-427.8184389184619
5000,model1,smc,n1,68,2,000 1 10 100,4,0,-384.1129538949102
5000,model1,smc,n1,68,2,000 1 10 100,4,1,-364.60007680290596
5000,model1,smc,n1,68,2,000 1 10 100,4,2,-361.7791211213805
5000,model1,smc,n2,68,0,0 1,2,0,-2567.2045874480064
5000,model1,smc,n2,68,0,0 1,2,1,-2512.2581195979146
5000,model1,smc,n2,68,0,0 1,2,2,-2536.7616818897004
5000,model1,smc,n2,68,1,00 1 10,3,0,-1371.7468026987872
5000,model1,smc,n2,68,1,00 1 10,3,1,-1324.9925077365745
5000,model1,smc,n2,68,1,00 1 10,3,2,-1347.5986969500898
5000,model1,smc,n2,68,2,000 1 10 100,4,0,-1155.1792712929835
5000,model1,smc,n2,68,2,000 1 10 100,4,1,-1128.442502573662
5000,model1,smc,n2,68,2,000 1 10 100,4,2,-1133.3600170446934
5000,model1,smc,n1,69,0,0 1,2,0,-846.5859756882103
5000,model1,smc,n1,69,0,0 1,2,1,-862.8352598793084
5000,model1,smc,n1,69,0,0 1,2,2,-785.2346328693397
5000,model1,smc,n1,69,1,00 1 10,3,0,-453.6488612087459
5000,model1,smc,n1,69,1,00 1 10,3,1,-466.85113786446334
5000,model1,smc,n1,69,1,00 1 10,3,2,-420.0306294087956
5000,model1,smc,n2,69,0,0 1,2,0,-2495.634200345689
5000,model1,smc,n2,69,0,0 1,2,1,-2530.811341146686
5000,model1,smc,n2,69,0,0 1,2,2,-2483.178398580201
5000,model1,smc,n2,69,1,00 1 10,3,0,-1341.4934229050818
5000,model1,smc,n2,69,1,00 1 10,3,1,-1369.8215255893465
5000,model1,smc,n2,69,1,00 1 10,3,2,-1333.0731724181132
5000,model1,smc,n1,70,0,0 1,2,0,-793.9314623297147
5000,model1,smc,n1,70,0,0 1,2,1,-784.300685385571
5000,model1,smc,n1,70,0,0 1,2,2,-827.5109702026192
5000,model1,smc,n1,70,1,00 1 10,3,0,-422.640498279839
5000,model1,smc,n1,70,1,00 1 10,3,1,-416.2712473121135
5000,model1,smc,n1,70,1,00 1 10,3,2,-437.73391222917485
5000,model1,smc,n1,70,2,000 1 10 100,4,0,-346.91810145884233
5000,model1,smc,n1,70,2,000 1 10 100,4,1,-344.5646317804281
5000,model1,smc,n1,70,2,000 1 10 100,4,2,-374.80884949046566
5000,model1,smc,n2,70,0,0 1,2,0,-2431.2943115650633
5000,model1,smc,n2,70,0,0 1,2,1,-2451.139404605224
5000,model1,smc,n2,70,0,0 1,2,2,-2546.080719700237
5000,model1,smc,n2,70,1,00 1 10,3,0,-1298.868565082096
5000,model1,smc,n2,70,1,00 1 10,3,1,-1312.4238594193046
5000,model1,smc,n2,70,1,00 1 10,3,2,-1369.6828140329908
5000,model1,smc,n2,70,2,000 1 10 100,4,0,-1074.339758048793
5000,model1,smc,n2,70,2,000 1 10 100,4,1,-1084.6261385357836
5000,model1,smc,n2,70,2,000 1 10 100,4,2,-1136.1160994287054
5000,model1,smc,n1,71,0,0 1,2,0,-879.2098149039181
5000,model1,smc,n1,71,0,0 1,2,1,-860.8524811780906
5000,model1,smc,n1,71,0,0 1,2,2,-857.2868429470743
5000,model1,smc,n1,71,1,00 1 10,3,0,-480.3789899890221
5000,model1,smc,n1,71,1,00 1 10,3,1,-469.19031458490747
5000,model1,smc,n1,71,1,00 1 10,3,2,-464.04404556700206
5000,model1,smc,n1,71,2,000 1 10 100,4,0,-375.83935650132275
5000,model1,smc,n1,71,2,000 1 10 100,4,1,-373.41177395783257
5000,model1,smc,n1,71,2,000 1 10 100,4,2,-379.1735354657976
5000,model1,smc,n2,71,0,0 1,2,0,-2628.979508871882
5000,model1,smc,n2,71,0,0 1,2,1,-2590.515530399707
5000,model1,smc,n2,71,0,0 1,2,2,-2573.517166299932
5000,model1,smc,n2,71,1,00 1 10,3,0,-1429.0233071263417
5000,model1,smc,n2,71,1,00 1 10,3,1,-1407.9012454208246
5000,model1,smc,n2,71,1,00 1 10,3,2,-1396.5336528411576
5000,model1,smc,n2,71,2,000 1 10 100,4,0,-1144.776457618062
5000,model1,smc,n2,71,2,000 1 10 100,4,1,-1121.1685084242006
5000,model1,smc,n2,71,2,000 1 10 100,4,2,-1111.3243112279513
5000,model1,smc,n1,72,0,0 1,2,0,-861.4990517930012
5000,model1,smc,n1,72,0,0 1,2,1,-830.415122266608
5000,model1,smc,n1,72,0,0 1,2,2,-828.214779300336
5000,model1,smc,n1,72,1,00 1 10,3,0,-465.96025730798794
5000,model1,smc,n1,72,1,00 1 10,3,1,-447.1516953677413
5000,model1,smc,n1,72,1,00 1 10,3,2,-444.7147790508619
5000,model1,smc,n1,72,2,000 1 10 100,4,0,-366.7235409766313
5000,model1,smc,n1,72,2,000 1 10 100,4,1,-363.4952106437196
5000,model1,smc,n1,72,2,000 1 10 100,4,2,-359.6727930500701
5000,model1,smc,n2,72,0,0 1,2,0,-2553.93576911971
5000,model1,smc,n2,72,0,0 1,2,1,-2450.391579249269
5000,model1,smc,n2,72,0,0 1,2,2,-2524.4938424976335
5000,model1,smc,n2,72,1,00 1 10,3,0,-1384.5856852784075
5000,model1,smc,n2,72,1,00 1 10,3,1,-1315.5090646880712
5000,model1,smc,n2,72,1,00 1 10,3,2,-1351.0985170971117
5000,model1,smc,n2,72,2,000 1 10 100,4,0,-1097.9069510013633
5000,model1,smc,n2,72,2,000 1 10 100,4,1,-1069.9520975470025
5000,model1,smc,n2,72,2,000 1 10 100,4,2,-1105.9183841892527
5000,model1,smc,n1,73,0,0 1,2,0,-864.2808277207057
5000,model1,smc,n1,73,0,0 1,2,1,-829.2132348291424
5000,model1,smc,n1,73,0,0 1,2,2,-836.0488189448926
5000,model1,smc,n1,73,1,00 1 10,3,0,-464.82543705240766
5000,model1,smc,n1,73,1,00 1 10,3,1,-443.6815185497638
5000,model1,smc,n1,73,1,00 1 10,3,2,-451.5856141906179
5000,model1,smc,n1,73,2,000 1 10 100,4,0,-381.6153391547244
5000,model1,smc,n1,73,2,000 1 10 100,4,1,-366.87318352841817
5000,model1,smc,n1,73,2,000 1 10 100,4,2,-371.1294214817006
5000,model1,smc,n2,73,0,0 1,2,0,-2541.2490277956294
5000,model1,smc,n2,73,0,0 1,2,1,-2477.521395780548
5000,model1,smc,n2,73,0,0 1,2,2,-2526.718114673862
5000,model1,smc,n2,73,1,00 1 10,3,0,-1367.3488021652354
5000,model1,smc,n2,73,1,00 1 10,3,1,-1329.972974721804
5000,model1,smc,n2,73,1,00 1 10,3,2,-1361.0462318541513
5000,model1,smc,n2,73,2,000 1 10 100,4,0,-1129.459236505221
5000,model1,smc,n2,73,2,000 1 10 100,4,1,-1097.6129059193834
5000,model1,smc,n2,73,2,000 1 10 100,4,2,-1118.1710798614654
5000,model1,smc,n1,74,0,0 1,2,0,-831.406674556742
5000,model1,smc,n1,74,0,0 1,2,1,-827.5109702026192
5000,model1,smc,n1,74,0,0 1,2,2,-835.0837640380785
5000,model1,smc,n1,74,1,00 1 10,3,0,-443.6626506523808
5000,model1,smc,n1,74,1,00 1 10,3,1,-436.91510346567964
5000,model1,smc,n1,74,1,00 1 10,3,2,-444.0942077630457
5000,model1,smc,n1,74,2,000 1 10 100,4,0,-370.1794789632154
5000,model1,smc,n1,74,2,000 1 10 100,4,1,-375.9411862238244
5000,model1,smc,n1,74,2,000 1 10 100,4,2,-371.78511354581667
5000,model1,smc,n2,74,0,0 1,2,0,-2482.583575135728
5000,model1,smc,n2,74,0,0 1,2,1,-2525.638727151055
5000,model1,smc,n2,74,0,0 1,2,2,-2498.6677112965795
5000,model1,smc,n2,74,1,00 1 10,3,0,-1326.3660504612324
5000,model1,smc,n2,74,1,00 1 10,3,1,-1350.44525736159
5000,model1,smc,n2,74,1,00 1 10,3,2,-1335.4403998782127
5000,model1,smc,n2,74,2,000 1 10 100,4,0,-1103.1253115767056
5000,model1,smc,n2,74,2,000 1 10 100,4,1,-1131.9758670880053
5000,model1,smc,n2,74,2,000 1 10 100,4,2,-1116.491804993673
5000,model1,smc,n1,75,0,0 1,2,0,-849.4586132195215
5000,model1,smc,n1,75,0,0 1,2,1,-871.5463882655276
5000,model1,smc,n1,75,0,0 1,2,2,-841.713600946863
5000,model1,smc,n1,75,1,00 1 10,3,0,-447.419712662085
5000,model1,smc,n1,75,1,00 1 10,3,1,-463.82396146821486
5000,model1,smc,n1,75,1,00 1 10,3,2,-448.62883278069205
5000,model1,smc,n1,75,2,000 1 10 100,4,0,-386.38963326409527
5000,model1,smc,n1,75,2,000 1 10 100,4,1,-383.95021041666774
5000,model1,smc,n1,75,2,000 1 10 100,4,2,-380.6244555016196
5000,model1,smc,n2,75,0,0 1,2,0,-2464.8250199577355
5000,model1,smc,n2,75,0,0 1,2,1,-2527.353253023658
5000,model1,smc,n2,75,0,0 1,2,2,-2493.200947005509
5000,model1,smc,n2,75,1,00 1 10,3,0,-1307.3188890725046
5000,model1,smc,n2,75,1,00 1 10,3,1,-1345.8389068647693
5000,model1,smc,n2,75,1,00 1 10,3,2,-1333.1289236321434
5000,model1,smc,n2,75,2,000 1 10 100,4,0,-1106.4917601112202
5000,model1,smc,n2,75,2,000 1 10 100,4,1,-1130.159327437451
5000,model1,smc,n2,75,2,000 1 10 100,4,2,-1108.920644396586
5000,model1,smc,n1,76,0,0 1,2,0,-834.7722370401164
5000,model1,smc,n1,76,0,0 1,2,1,-816.8934075927942
5000,model1,smc,n1,76,0,0 1,2,2,-862.9398453471633
5000,model1,smc,n1,76,1,00 1 10,3,0,-445.963712752921
5000,model1,smc,n1,76,1,00 1 10,3,1,-440.16388647824124
5000,model1,smc,n1,76,1,00 1 10,3,2,-466.7046993931834
5000,model1,smc,n1,76,2,000 1 10 100,4,0,-370.17705604626644
5000,model1,smc,n1,76,2,000 1 10 100,4,1,-356.05220169396915
5000,model1,smc,n1,76,2,000 1 10 100,4,2,-384.34054366372834
5000,model1,smc,n2,76,0,0 1,2,0,-2539.170952973741
5000,model1,smc,n2,76,0,0 1,2,1,-2480.1230149929493
5000,model1,smc,n2,76,0,0 1,2,2,-2594.429360560074
5000,model1,smc,n2,76,1,00 1 10,3,0,-1366.1143275379702
5000,model1,smc,n2,76,1,00 1 10,3,1,-1339.9562328847073
5000,model1,smc,n2,76,1,00 1 10,3,2,-1411.5274976328865
5000,model1,smc,n2,76,2,000 1 10 100,4,0,-1132.6870295483868
5000,model1,smc,n2,76,2,000 1 10 100,4,1,-1070.2718037814725
5000,model1,smc,n2,76,2,000 1 10 100,4,2,-1138.4594455161873
5000,model1,smc,n1,77,0,0 1,2,0,-803.316428461901
5000,model1,smc,n1,77,0,0 1,2,1,-842.8883199713812
5000,model1,smc,n1,77,0,0 1,2,2,-874.2482836816114
5000,model1,smc,n1,77,1,00 1 10,3,0,-430.765485546698
5000,model1,smc,n1,77,1,00 1 10,3,1,-451.115519469832
5000,model1,smc,n1,77,1,00 1 10,3,2,-472.2171156215071
5000,model1,smc,n1,77,2,000 1 10 100,4,0,-359.6447101893425
5000,model1,smc,n1,77,2,000 1 10 100,4,1,-369.9329424192478
5000,model1,smc,n1,77,2,000 1 10 100,4,2,-384.73923624937987
5000,model1,smc,n2,77,0,0 1,2,0,-2450.6441614037717
5000,model1,smc,n2,77,0,0 1,2,1,-2525.5559327185993
5000,model1,smc,n2,77,0,0 1,2,2,-2531.6856513102316
5000,model1,smc,n2,77,1,00 1 10,3,0,-1317.5478019843354
5000,model1,smc,n2,77,1,00 1 10,3,1,-1365.3220379268378
5000,model1,smc,n2,77,1,00 1 10,3,2,-1347.4030618550287
5000,model1,smc,n2,77,2,000 1 10 100,4,0,-1076.324621577513
5000,model1,smc,n2,77,2,000 1 10 100,4,1,-1105.135154945354
5000,model1,smc,n2,77,2,000 1 10 100,4,2,-1132.9915019398727
5000,model1,smc,n1,78,0,0 1,2,0,-829.8216995699734
5000,model1,smc,n1,78,0,0 1,2,1,-811.4277255607897
5000,model1,smc,n1,78,0,0 1,2,2,-829.0027524530137
5000,model1,smc,n1,78,1,00 1 10,3,0,-437.03554703346094
5000,model1,smc,n1,78,1,00 1 10,3,1,-434.1404103287532
5000,model1,smc,n1,78,1,00 1 10,3,2,-445.31440758229996
5000,model1,smc,n1,78,2,000 1 10 100,4,0,-376.18190284886117
5000,model1,smc,n1,78,2,000 1 10 100,4,1,-358.5836827102883
5000,model1,smc,n1,78,2,000 1 10 100,4,2,-365.09718249442216
5000,model1,smc,n2,78,0,0 1,2,0,-2494.7334004685044
5000,model1,smc,n2,78,0,0 1,2,1,-2445.2142429159744
5000,model1,smc,n2,78,0,0 1,2,2,-2451.5301067272767
5000,model1,smc,n2,78,1,00 1 10,3,0,-1323.530704581096
5000,model1,smc,n2,78,1,00 1 10,3,1,-1301.51424260077
5000,model1,smc,n2,78,1,00 1 10,3,2,-1311.1941881091102
5000,model1,smc,n2,78,2,000 1 10 100,4,0,-1110.9783798522321
5000,model1,smc,n2,78,2,000 1 10 100,4,1,-1090.0341177889352
5000,model1,smc,n2,78,2,000 1 10 100,4,2,-1086.6972436136728
5000,model1,smc,n1,79,0,0 1,2,0,-831.0871946082916
5000,model1,smc,n1,79,0,0 1,2,1,-795.422724878297
5000,model1,smc,n1,79,0,0 1,2,2,-882.6113224929027
5000,model1,smc,n1,79,1,00 1 10,3,0,-448.08221027849856
5000,model1,smc,n1,79,1,00 1 10,3,1,-422.34096754160373
5000,model1,smc,n1,79,1,00 1 10,3,2,-476.3066869323454
5000,model1,smc,n1,79,2,000 1 10 100,4,0,-357.86098325814726
5000,model1,smc,n1,79,2,000 1 10 100,4,1,-356.1865692511388
5000,model1,smc,n1,79,2,000 1 10 100,4,2,-391.0987573585101
5000,model1,smc,n2,79,0,0 1,2,0,-2507.137368692851
5000,model1,smc,n2,79,0,0 1,2,1,-2499.5483330636707
5000,model1,smc,n2,79,0,0 1,2,2,-2555.663654620179
5000,model1,smc,n2,79,1,00 1 10,3,0,-1351.5532950677439
5000,model1,smc,n2,79,1,00 1 10,3,1,-1342.88118741575
5000,model1,smc,n2,79,1,00 1 10,3,2,-1375.7454386241225
5000,model1,smc,n2,79,2,000 1 10 100,4,0,-1099.4586990051494
5000,model1,smc,n2,79,2,000 1 10 100,4,1,-1094.8780518918547
5000,model1,smc,n2,79,2,000 1 10 100,4,2,-1139.0800620468733
5000,model1,smc,n1,80,0,0 1,2,0,-858.2682289636488
5000,model1,smc,n1,80,0,0 1,2,1,-811.4277255607897
5000,model1,smc,n1,80,0,0 1,2,2,-883.2646821027188
5000,model1,smc,n1,80,1,00 1 10,3,0,-457.1167399488068
5000,model1,smc,n1,80,1,00 1 10,3,1,-435.59249091267696
5000,model1,smc,n1,80,1,00 1 10,3,2,-477.2492552072325
5000,model1,smc,n1,80,2,000 1 10 100,4,0,-373.8834666613776
5000,model1,smc,n1,80,2,000 1 10 100,4,1,-349.0227088048093
5000,model1,smc,n1,80,2,000 1 10 100,4,2,-383.6755969132196
5000,model1,smc,n2,80,0,0 1,2,0,-2527.571887002896
5000,model1,smc,n2,80,0,0 1,2,1,-2501.1892094890136
5000,model1,smc,n2,80,0,0 1,2,2,-2595.061900740454
5000,model1,smc,n2,80,1,00 1 10,3,0,-1346.574215518958
5000,model1,smc,n2,80,1,00 1 10,3,1,-1345.3254422166624
5000,model1,smc,n2,80,1,00 1 10,3,2,-1398.7439040031586
5000,model1,smc,n2,80,2,000 1 10 100,4,0,-1119.0300321500588
5000,model1,smc,n2,80,2,000 1 10 100,4,1,-1098.684969092274
5000,model1,smc,n2,80,2,000 1 10 100,4,2,-1140.83093866407
5000,model1,smc,n1,81,0,0 1,2,0,-747.1728404851178
5000,model1,smc,n1,81,0,0 1,2,1,-822.2083468709893
5000,model1,smc,n1,81,0,0 1,2,2,-835.3159190890037
5000,model1,smc,n1,81,1,00 1 10,3,0,-394.0156694098014
5000,model1,smc,n1,81,1,00 1 10,3,1,-435.5781776403643
5000,model1,smc,n1,81,1,00 1 10,3,2,-448.4145653854332
5000,model1,smc,n1,81,2,000 1 10 100,4,0,-334.331426700041
5000,model1,smc,n1,81,2,000 1 10 100,4,1,-367.74038112977973
5000,model1,smc,n1,81,2,000 1 10 100,4,2,-373.85013504578774
5000,model1,smc,n2,81,0,0 1,2,0,-2450.0980551713187
5000,model1,smc,n2,81,0,0 1,2,1,-2488.725796401852
5000,model1,smc,n2,81,0,0 1,2,2,-2410.978159427529
5000,model1,smc,n2,81,1,00 1 10,3,0,-1304.6994127418811
5000,model1,smc,n2,81,1,00 1 10,3,1,-1324.1310899001196
5000,model1,smc,n2,81,1,00 1 10,3,2,-1289.6334081043433
5000,model1,smc,n2,81,2,000 1 10 100,4,0,-1094.9907935582767
5000,model1,smc,n2,81,2,000 1 10 100,4,1,-1112.6106069774632
5000,model1,smc,n2,81,2,000 1 10 100,4,2,-1065.0442140998546
5000,model1,smc,n1,82,0,0 1,2,0,-854.4247340920394
5000,model1,smc,n1,82,0,0 1,2,1,-841.8260060521104
5000,model1,smc,n1,82,0,0 1,2,2,-865.5318489385629
5000,model1,smc,n1,82,1,00 1 10,3,0,-461.48847689025536
5000,model1,smc,n1,82,1,00 1 10,3,1,-451.9039354577155
5000,model1,smc,n1,82,1,00 1 10,3,2,-461.72802489091526
5000,model1,smc,n1,82,2,000 1 10 100,4,0,-371.1728896250543
5000,model1,smc,n1,82,2,000 1 10 100,4,1,-369.0215061585611
5000,model1,smc,n1,82,2,000 1 10 100,4,2,-388.55459294197897
5000,model1,smc,n2,82,0,0 1,2,0,-2537.4271362846093
5000,model1,smc,n2,82,0,0 1,2,1,-2522.003874777538
5000,model1,smc,n2,82,0,0 1,2,2,-2538.3147970688915
5000,model1,smc,n2,82,1,00 1 10,3,0,-1362.261517554781
5000,model1,smc,n2,82,1,00 1 10,3,1,-1359.0852783500452
5000,model1,smc,n2,82,1,00 1 10,3,2,-1344.7442753765888
5000,model1,smc,n2,82,2,000 1 10 100,4,0,-1116.5761962837319
5000,model1,smc,n2,82,2,000 1 10 100,4,1,-1105.990370566443
5000,model1,smc,n2,82,2,000 1 10 100,4,2,-1141.20161961392
5000,model1,smc,n1,83,0,0 1,2,0,-847.9827858976944
5000,model1,smc,n1,83,0,0 1,2,1,-818.4212074472161
5000,model1,smc,n1,83,0,0 1,2,2,-807.033908397319
5000,model1,smc,n1,83,1,00 1 10,3,0,-454.071510979865
5000,model1,smc,n1,83,1,00 1 10,3,1,-436.8972107866538
5000,model1,smc,n1,83,1,00 1 10,3,2,-431.80206930856497
5000,model1,smc,n1,83,2,000 1 10 100,4,0,-374.1476119606386
5000,model1,smc,n1,83,2,000 1 10 100,4,1,-365.52112839186367
5000,model1,smc,n1,83,2,000 1 10 100,4,2,-348.37326948719743
5000,model1,smc,n2,83,0,0 1,2,0,-2502.146699386659
5000,model1,smc,n2,83,0,0 1,2,1,-2521.3091129802406
5000,model1,smc,n2,83,0,0 1,2,2,-2543.452539428262
5000,model1,smc,n2,83,1,00 1 10,3,0,-1340.932131481189
5000,model1,smc,n2,83,1,00 1 10,3,1,-1349.8582694690492
5000,model1,smc,n2,83,1,00 1 10,3,2,-1367.2878623393258
5000,model1,smc,n2,83,2,000 1 10 100,4,0,-1092.442780649991
5000,model1,smc,n2,83,2,000 1 10 100,4,1,-1108.5321587293977
5000,model1,smc,n2,83,2,000 1 10 100,4,2,-1103.070909825139
5000,model1,smc,n1,84,0,0 1,2,0,-844.0429433719638
5000,model1,smc,n1,84,0,0 1,2,1,-823.866030826267
5000,model1,smc,n1,84,0,0 1,2,2,-885.1092510526698
5000,model1,smc,n1,84,1,00 1 10,3,0,-450.4556367090006
5000,model1,smc,n1,84,1,00 1 10,3,1,-439.22532274271805
5000,model1,smc,n1,84,1,00 1 10,3,2,-469.2725748526449
5000,model1,smc,n1,84,2,000 1 10 100,4,0,-374.38687536974044
5000,model1,smc,n1,84,2,000 1 10 100,4,1,-364.50632916388605
5000,model1,smc,n1,84,2,000 1 10 100,4,2,-393.58885035430217
5000,model1,smc,n2,84,0,0 1,2,0,-2506.2748786472293
5000,model1,smc,n2,84,0,0 1,2,1,-2468.7502641607266
5000,model1,smc,n2,84,0,0 1,2,2,-2578.937218219843
5000,model1,smc,n2,84,1,00 1 10,3,0,-1341.1420009204005
5000,model1,smc,n2,84,1,00 1 10,3,1,-1318.913268099333
5000,model1,smc,n2,84,1,00 1 10,3,2,-1376.489625748974
5000,model1,smc,n2,84,2,000 1 10 100,4,0,-1106.089247750436
5000,model1,smc,n2,84,2,000 1 10 100,4,1,-1079.9899175680684
5000,model1,smc,n2,84,2,000 1 10 100,4,2,-1142.9243490932959
5000,model1,smc,n1,85,0,0 1,2,0,-881.316373776237
5000,model1,smc,n1,85,0,0 1,2,1,-876.6559940902869
5000,model1,smc,n1,85,0,0 1,2,2,-864.881877645419
5000,model1,smc,n1,85,1,00 1 10,3,0,-477.0404386110439
5000,model1,smc,n1,85,1,00 1 10,3,1,-469.4329926226718
5000,model1,smc,n1,85,1,00 1 10,3,2,-466.5782099451052
5000,model1,smc,n2,85,0,0 1,2,0,-2573.1386575272263
5000,model1,smc,n2,85,0,0 1,2,1,-2548.260792836132
5000,model1,smc,n2,85,0,0 1,2,2,-2610.4730484845563
5000,model1,smc,n2,85,1,00 1 10,3,0,-1393.0718263233048
5000,model1,smc,n2,85,1,00 1 10,3,1,-1375.552649195819
5000,model1,smc,n2,85,1,00 1 10,3,2,-1405.5487210073886
5000,model1,smc,n1,86,0,0 1,2,0,-853.3989160881557
5000,model1,smc,n1,86,0,0 1,2,1,-851.056290407033
5000,model1,smc,n1,86,0,0 1,2,2,-852.6346825911289
5000,model1,smc,n1,86,1,00 1 10,3,0,-459.48674288776584
5000,model1,smc,n1,86,1,00 1 10,3,1,-459.13663013573023
5000,model1,smc,n1,86,1,00 1 10,3,2,-464.13441080978487
5000,model1,smc,n1,86,2,000 1 10 100,4,0,-379.5658292892565
5000,model1,smc,n1,86,2,000 1 10 100,4,1,-367.3648094878847
5000,model1,smc,n1,86,2,000 1 10 100,4,2,-376.7877131267017
5000,model1,smc,n2,86,0,0 1,2,0,-2537.6710936714676
5000,model1,smc,n2,86,0,0 1,2,1,-2556.371915792819
5000,model1,smc,n2,86,0,0 1,2,2,-2578.2004260546255
5000,model1,smc,n2,86,1,00 1 10,3,0,-1369.461065695999
5000,model1,smc,n2,86,1,00 1 10,3,1,-1373.037462643566
5000,model1,smc,n2,86,1,00 1 10,3,2,-1397.906307110018
5000,model1,smc,n2,86,2,000 1 10 100,4,0,-1114.6341314258018
5000,model1,smc,n2,86,2,000 1 10 100,4,1,-1129.6858373923926
5000,model1,smc,n2,86,2,000 1 10 100,4,2,-1132.9156640414449
5000,model1,smc,n1,87,0,0 1,2,0,-859.5257948132781
5000,model1,smc,n1,87,0,0 1,2,1,-856.5216686886815
5000,model1,smc,n1,87,0,0 1,2,2,-837.1244335345232
5000,model1,smc,n1,87,1,00 1 10,3,0,-465.37001502708756
5000,model1,smc,n1,87,1,00 1 10,3,1,-460.5974340198389
5000,model1,smc,n1,87,1,00 1 10,3,2,-452.22112198233503
5000,model1,smc,n1,87,2,000 1 10 100,4,0,-366.96759421055225
5000,model1,smc,n1,87,2,000 1 10 100,4,1,-387.06844044960087
5000,model1,smc,n1,87,2,000 1 10 100,4,2,-356.9595536979258
5000,model1,smc,n2,87,0,0 1,2,0,-2525.7853034796444
5000,model1,smc,n2,87,0,0 1,2,1,-2574.4954720960727
5000,model1,smc,n2,87,0,0 1,2,2,-2570.2488798328704
5000,model1,smc,n2,87,1,00 1 10,3,0,-1362.937141894097
5000,model1,smc,n2,87,1,00 1 10,3,1,-1390.1348845830323
5000,model1,smc,n2,87,1,00 1 10,3,2,-1395.537049222612
5000,model1,smc,n2,87,2,000 1 10 100,4,0,-1104.6968225995872
5000,model1,smc,n2,87,2,000 1 10 100,4,1,-1142.4844190301023
5000,model1,smc,n2,87,2,000 1 10 100,4,2,-1113.9602826237754
5000,model1,smc,n1,88,0,0 1,2,0,-843.2046841877337
5000,model1,smc,n1,88,0,0 1,2,1,-825.7934391886038
5000,model1,smc,n1,88,0,0 1,2,2,-815.2344812409623
5000,model1,smc,n1,88,1,00 1 10,3,0,-446.1680559736938
5000,model1,smc,n1,88,1,00 1 10,3,1,-444.6917083765559
5000,model1,smc,n1,88,1,00 1 10,3,2,-439.2180892388294
5000,model1,smc,n1,88,2,000 1 10 100,4,0,-384.1414451954342
5000,model1,smc,n1,88,2,000 1 10 100,4,1,-355.10964470317236
5000,model1,smc,n1,88,2,000 1 10 100,4,2,-361.6780880254778
5000,model1,smc,n2,88,0,0 1,2,0,-2532.32391454818
5000,model1,smc,n2,88,0,0 1,2,1,-2505.049808434056
5000,model1,smc,n2,88,0,0 1,2,2,-2463.3501218550623
5000,model1,smc,n2,88,1,00 1 10,3,0,-1365.7442660446031
5000,model1,smc,n2,88,1,00 1 10,3,1,-1356.7637341494162
5000,model1,smc,n2,88,1,00 1 10,3,2,-1327.4796228129098
5000,model1,smc,n2,88,2,000 1 10 100,4,0,-1125.3348991656203
5000,model1,smc,n2,88,2,000 1 10 100,4,1,-1086.502887757252
5000,model1,smc,n2,88,2,000 1 10 100,4,2,-1079.5576378185228
5000,model1,smc,n1,89,0,0 1,2,0,-865.5318489385629
5000,model1,smc,n1,89,0,0 1,2,1,-861.9965770501549
5000,model1,smc,n1,89,0,0 1,2,2,-865.1586837103166
5000,model1,smc,n1,89,1,00 1 10,3,0,-462.75595292090526
5000,model1,smc,n1,89,1,00 1 10,3,1,-458.04177205797373
5000,model1,smc,n1,89,1,00 1 10,3,2,-453.8038739376378
5000,model1,smc,n1,89,2,000 1 10 100,4,0,-385.042220742309
5000,model1,smc,n1,89,2,000 1 10 100,4,1,-385.86484562805845
5000,model1,smc,n1,89,2,000 1 10 100,4,2,-392.5781438855498
5000,model1,smc,n2,89,0,0 1,2,0,-2591.801871606991
5000,model1,smc,n2,89,0,0 1,2,1,-2552.0638824029884
5000,model1,smc,n2,89,0,0 1,2,2,-2568.8688443540777
5000,model1,smc,n2,89,1,00 1 10,3,0,-1393.0971219661099
5000,model1,smc,n2,89,1,00 1 10,3,1,-1362.012862078648
5000,model1,smc,n2,89,1,00 1 10,3,2,-1381.922391695066
5000,model1,smc,n2,89,2,000 1 10 100,4,0,-1138.980035537827
5000,model1,smc,n2,89,2,000 1 10 100,4,1,-1132.2549671484178
5000,model1,smc,n2,89,2,000 1 10 100,4,2,-1145.1972109950136
5000,model1,smc,n1,90,0,0 1,2,0,-852.4377029112501
5000,model1,smc,n1,90,0,0 1,2,1,-845.321774556096
5000,model1,smc,n1,90,0,0 1,2,2,-863.458466558235
5000,model1,smc,n1,90,1,00 1 10,3,0,-453.8570712716121
5000,model1,smc,n1,90,1,00 1 10,3,1,-455.05819356655445
5000,model1,smc,n1,90,1,00 1 10,3,2,-464.7554802962251
5000,model1,smc,n1,90,2,000 1 10 100,4,0,-377.22915189783856
5000,model1,smc,n1,90,2,000 1 10 100,4,1,-378.0179930093439
5000,model1,smc,n1,90,2,000 1 10 100,4,2,-380.0069873351482
5000,model1,smc,n2,90,0,0 1,2,0,-2480.1581710626588
5000,model1,smc,n2,90,0,0 1,2,1,-2544.2512308734135
5000,model1,smc,n2,90,0,0 1,2,2,-2518.482863905828
5000,model1,smc,n2,90,1,00 1 10,3,0,-1325.8535895249481
5000,model1,smc,n2,90,1,00 1 10,3,1,-1370.2038841780843
5000,model1,smc,n2,90,1,00 1 10,3,2,-1359.6164442147335
5000,model1,smc,n2,90,2,000 1 10 100,4,0,-1102.732035659395
5000,model1,smc,n2,90,2,000 1 10 100,4,1,-1124.6268912978314
5000,model1,smc,n2,90,2,000 1 10 100,4,2,-1090.7476396029765
5000,model1,smc,n1,91,0,0 1,2,0,-824.1632324340528
5000,model1,smc,n1,91,0,0 1,2,1,-834.6350204655612
5000,model1,smc,n1,91,0,0 1,2,2,-819.343965553355
5000,model1,smc,n1,91,1,00 1 10,3,0,-436.7286861579816
5000,model1,smc,n1,91,1,00 1 10,3,1,-453.6188959467888
5000,model1,smc,n1,91,1,00 1 10,3,2,-443.9060881262161
5000,model1,smc,n2,91,0,0 1,2,0,-2479.136008058532
5000,model1,smc,n2,91,0,0 1,2,1,-2473.492263471697
5000,model1,smc,n2,91,0,0 1,2,2,-2479.4908655070576
5000,model1,smc,n2,91,1,00 1 10,3,0,-1324.8832749144958
5000,model1,smc,n2,91,1,00 1 10,3,1,-1339.5859718050306
5000,model1,smc,n2,91,1,00 1 10,3,2,-1341.7950975815936
5000,model1,smc,n1,92,0,0 1,2,0,-855.0013961120976
5000,model1,smc,n1,92,0,0 1,2,1,-804.852908284932
5000,model1,smc,n1,92,0,0 1,2,2,-848.4359031230817
5000,model1,smc,n1,92,1,00 1 10,3,0,-458.6082438405625
5000,model1,smc,n1,92,1,00 1 10,3,1,-427.1216883587984
5000,model1,smc,n1,92,1,00 1 10,3,2,-451.100423109772
5000,model1,smc,n2,92,0,0 1,2,0,-2481.576642560277
5000,model1,smc,n2,92,0,0 1,2,1,-2482.4813810653186
5000,model1,smc,n2,92,0,0 1,2,2,-2468.3065158428267
5000,model1,smc,n2,92,1,00 1 10,3,0,-1324.6613035689006
5000,model1,smc,n2,92,1,00 1 10,3,1,-1326.4188256212642
5000,model1,smc,n2,92,1,00 1 10,3,2,-1308.2145022819327
5000,model1,smc,n1,93,0,0 1,2,0,-832.019572387073
5000,model1,smc,n1,93,0,0 1,2,1,-839.2833155616963
5000,model1,smc,n1,93,0,0 1,2,2,-835.6430040359357
5000,model1,smc,n1,93,1,00 1 10,3,0,-440.0000497231727
5000,model1,smc,n1,93,1,00 1 10,3,1,-448.8165855430359
5000,model1,smc,n1,93,1,00 1 10,3,2,-449.1458619069391
5000,model1,smc,n1,93,2,000 1 10 100,4,0,-370.47678114034227
5000,model1,smc,n1,93,2,000 1 10 100,4,1,-362.2034539078358
5000,model1,smc,n1,93,2,000 1 10 100,4,2,-363.6543617775387
5000,model1,smc,n2,93,0,0 1,2,0,-2547.199137584691
5000,model1,smc,n2,93,0,0 1,2,1,-2551.6985760491493
5000,model1,smc,n2,93,0,0 1,2,2,-2547.199137584691
5000,model1,smc,n2,93,1,00 1 10,3,0,-1348.076815169848
5000,model1,smc,n2,93,1,00 1 10,3,1,-1359.2758787131152
5000,model1,smc,n2,93,1,00 1 10,3,2,-1351.3485391355348
5000,model1,smc,n2,93,2,000 1 10 100,4,0,-1142.6767840058822
5000,model1,smc,n2,93,2,000 1 10 100,4,1,-1131.5068637699208
5000,model1,smc,n2,93,2,000 1 10 100,4,2,-1130.1965411601373
5000,model1,smc,n1,94,0,0 1,2,0,-833.8986353261021
5000,model1,smc,n1,94,0,0 1,2,1,-817.4778346472266
5000,model1,smc,n1,94,0,0 1,2,2,-848.3241658076948
5000,model1,smc,n1,94,1,00 1 10,3,0,-443.25604387801286
5000,model1,smc,n1,94,1,00 1 10,3,1,-436.931927357697
5000,model1,smc,n1,94,1,00 1 10,3,2,-454.8215876749987
5000,model1,smc,n2,94,0,0 1,2,0,-2502.6673045616103
5000,model1,smc,n2,94,0,0 1,2,1,-2493.2326394168344
5000,model1,smc,n2,94,0,0 1,2,2,-2550.0030584366023
5000,model1,smc,n2,94,1,00 1 10,3,0,-1331.4914873295293
5000,model1,smc,n2,94,1,00 1 10,3,1,-1333.505418609508
5000,model1,smc,n2,94,1,00 1 10,3,2,-1367.1432020978777
5000,model1,smc,n1,95,0,0 1,2,0,-832.2453298227465
5000,model1,smc,n1,95,0,0 1,2,1,-828.7884177464947
5000,model1,smc,n1,95,0,0 1,2,2,-816.6970243620062
5000,model1,smc,n1,95,1,00 1 10,3,0,-451.79134691077144
5000,model1,smc,n1,95,1,00 1 10,3,1,-446.64545705721
5000,model1,smc,n1,95,1,00 1 10,3,2,-433.05688069365755
5000,model1,smc,n1,95,2,000 1 10 100,4,0,-364.82381828355915
5000,model1,smc,n1,95,2,000 1 10 100,4,1,-366.2514607396317
5000,model1,smc,n1,95,2,000 1 10 100,4,2,-358.9408879036376
5000,model1,smc,n2,95,0,0 1,2,0,-2439.2478182722853
5000,model1,smc,n2,95,0,0 1,2,1,-2442.1332816717277
5000,model1,smc,n2,95,0,0 1,2,2,-2438.556885915768
5000,model1,smc,n2,95,1,00 1 10,3,0,-1308.5358696802389
5000,model1,smc,n2,95,1,00 1 10,3,1,-1295.642236326243
5000,model1,smc,n2,95,1,00 1 10,3,2,-1299.98284972989
5000,model1,smc,n2,95,2,000 1 10 100,4,0,-1079.6510294206619
5000,model1,smc,n2,95,2,000 1 10 100,4,1,-1108.5286750323048
5000,model1,smc,n2,95,2,000 1 10 100,4,2,-1083.6254691689714
5000,model1,smc,n1,96,0,0 1,2,0,-805.0293287693175
5000,model1,smc,n1,96,0,0 1,2,1,-835.2049168138121
5000,model1,smc,n1,96,0,0 1,2,2,-824.6457469161533
5000,model1,smc,n1,96,1,00 1 10,3,0,-423.812922556807
5000,model1,smc,n1,96,1,00 1 10,3,1,-450.8270650600253
5000,model1,smc,n1,96,1,00 1 10,3,2,-435.30532371495883
5000,model1,smc,n1,96,2,000 1 10 100,4,0,-362.7598238745253
5000,model1,smc,n1,96,2,000 1 10 100,4,1,-366.63747371571844
5000,model1,smc,n1,96,2,000 1 10 100,4,2,-364.3131618947206
5000,model1,smc,n2,96,0,0 1,2,0,-2508.088942288184
5000,model1,smc,n2,96,0,0 1,2,1,-2528.4179321487236
5000,model1,smc,n2,96,0,0 1,2,2,-2479.179212359769
5000,model1,smc,n2,96,1,00 1 10,3,0,-1329.3631556125715
5000,model1,smc,n2,96,1,00 1 10,3,1,-1352.4816331420107
5000,model1,smc,n2,96,1,00 1 10,3,2,-1304.9503898557173
5000,model1,smc,n2,96,2,000 1 10 100,4,0,-1132.2611595284893
5000,model1,smc,n2,96,2,000 1 10 100,4,1,-1117.612226632093
5000,model1,smc,n2,96,2,000 1 10 100,4,2,-1112.795068408802
5000,model1,smc,n1,97,0,0 1,2,0,-818.7075883022509
5000,model1,smc,n1,97,0,0 1,2,1,-830.6207444640427
5000,model1,smc,n1,97,0,0 1,2,2,-842.0597962690238
5000,model1,smc,n1,97,1,00 1 10,3,0,-436.6626496552444
5000,model1,smc,n1,97,1,00 1 10,3,1,-444.9474380600234
5000,model1,smc,n1,97,1,00 1 10,3,2,-457.60059209073995
5000,model1,smc,n2,97,0,0 1,2,0,-2447.231124467692
5000,model1,smc,n2,97,0,0 1,2,1,-2474.664343500404
5000,model1,smc,n2,97,0,0 1,2,2,-2507.8781078032102
5000,model1,smc,n2,97,1,00 1 10,3,0,-1309.963243535966
5000,model1,smc,n2,97,1,00 1 10,3,1,-1322.4340523962267
5000,model1,smc,n2,97,1,00 1 10,3,2,-1355.7996536013734
5000,model1,smc,n1,98,0,0 1,2,0,-845.4132069026882
5000,model1,smc,n1,98,0,0 1,2,1,-828.214779300336
5000,model1,smc,n1,98,0,0 1,2,2,-797.4990476049153
5000,model1,smc,n1,98,1,00 1 10,3,0,-452.91098990198964
5000,model1,smc,n1,98,1,00 1 10,3,1,-444.41963652900034
5000,model1,smc,n1,98,1,00 1 10,3,2,-426.0304674451796
5000,model1,smc,n1,98,2,000 1 10 100,4,0,-364.0407807207598
5000,model1,smc,n1,98,2,000 1 10 100,4,1,-359.266763501666
5000,model1,smc,n1,98,2,000 1 10 100,4,2,-352.96084584818993
5000,model1,smc,n2,98,0,0 1,2,0,-2463.5518273633443
5000,model1,smc,n2,98,0,0 1,2,1,-2470.410241024314
5000,model1,smc,n2,98,0,0 1,2,2,-2414.6428188872133
5000,model1,smc,n2,98,1,00 1 10,3,0,-1322.7724448697313
5000,model1,smc,n2,98,1,00 1 10,3,1,-1324.9773075202056
5000,model1,smc,n2,98,1,00 1 10,3,2,-1293.1682323533987
5000,model1,smc,n2,98,2,000 1 10 100,4,0,-1074.5003093407113
5000,model1,smc,n2,98,2,000 1 10 100,4,1,-1082.5409562626764
5000,model1,smc,n2,98,2,000 1 10 100,4,2,-1055.3368037038033
5000,model1,smc,n1,99,0,0 1,2,0,-854.7602909442766
5000,model1,smc,n1,99,0,0 1,2,1,-866.2752421258863
5000,model1,smc,n1,99,0,0 1,2,2,-831.406674556742
5000,model1,smc,n1,99,1,00 1 10,3,0,-459.4527401283706
5000,model1,smc,n1,99,1,00 1 10,3,1,-457.22580213429046
5000,model1,smc,n1,99,1,00 1 10,3,2,-443.6626506523808
5000,model1,smc,n1,99,2,000 1 10 100,4,0,-377.0353563370962
5000,model1,smc,n1,99,2,000 1 10 100,4,1,-387.49134653021326
5000,model1,smc,n1,99,2,000 1 10 100,4,2,-368.5430101238133
5000,model1,smc,n2,99,0,0 1,2,0,-2587.2546433222246
5000,model1,smc,n2,99,0,0 1,2,1,-2552.516456456824
5000,model1,smc,n2,99,0,0 1,2,2,-2508.2236721394406
5000,model1,smc,n2,99,1,00 1 10,3,0,-1379.706588618987
5000,model1,smc,n2,99,1,00 1 10,3,1,-1356.212883652896
5000,model1,smc,n2,99,1,00 1 10,3,2,-1342.1736803419467
5000,model1,smc,n2,99,2,000 1 10 100,4,0,-1164.9163775729853
5000,model1,smc,n2,99,2,000 1 10 100,4,1,-1142.5542051066066
5000,model1,smc,n2,99,2,000 1 10 100,4,2,-1123.463297442632
