model_name,sample_idx,method,c,tree_idx,tree,num_contexts,likelihood,opt,opt_idx
model1,0,smc,0.0,0,000000 000010 000100 001000 001010 1 10000 100000 100010 10010 100100 10100 101000 101010,14,-6710.434639949401,0,5
model1,0,smc,0.0004544854164123535,1,000000 000010 000100 001000 1 10000 100000 100010 10010 100100 1010 10100 101000,13,-6710.43688455138,0,5
model1,0,smc,0.025176420688041712,2,000000 000100 001000 1 10 10000 100000 100100 10100 101000,10,-6710.81088152707,0,5
model1,0,smc,0.06163027590117083,3,000000 001000 1 10 100 10000 100000 101000,8,-6711.4212093113865,0,5
model1,0,smc,0.0662937644598102,4,000000 1 10 100 1000 10000 100000,7,-6711.749469201022,0,5
model1,0,smc,0.09822318455522656,5,000 1 10 100,4,-6713.208596317973,1,5
model1,0,smc,1.9873346087601047,6,00 1 10,3,-6723.049367884209,0,5
model1,0,smc,12.284490319709334,7,0 1,2,-6783.878992479931,0,5
model1,1,smc,0.0,0,000000 000010 000100 001000 001010 1 10000 100000 100010 10010 100100 10100 101000 101010,14,-6846.201102529944,0,7
model1,1,smc,0.010877847671508789,1,000000 000010 00100 001000 001010 1 10000 100000 100010 10010 10100 101000 101010,13,-6846.254954369447,0,7
model1,1,smc,0.014506201483133196,2,00000 000010 00100 001000 001010 1 10000 100010 10010 10100 101000 101010,12,-6846.326779375024,0,7
model1,1,smc,0.016622104983433528,3,00000 000010 00100 001010 1 1000 10000 100010 10010 10100 101010,11,-6846.409078138983,0,7
model1,1,smc,0.08065026599700355,4,00000 0010 00100 001010 1 1000 10000 10100 101010,9,-6847.207726216171,0,7
model1,1,smc,0.09205526496171199,5,000 0010 00100 001010 1 10100 101010,7,-6848.1193689868705,0,7
model1,1,smc,0.20321980887771357,6,00 0010 001010 1 101010,5,-6850.131952420931,0,7
model1,1,smc,0.2475774308875024,7,00 1 10,3,-6852.583816092855,1,7
model1,1,smc,8.81685686238416,8,0 1,2,-6896.242626198296,0,7
model1,2,smc,0.0,0,000000 000010 000100 001000 001010 1 10000 100000 100010 10010 100100 10100 101000 101010,14,-6800.963702935505,0,7
model1,2,smc,0.0019082799553871155,1,000000 00010 000100 001000 001010 1 10000 100000 10010 100100 10100 101000 101010,13,-6800.973150671471,0,7
model1,2,smc,0.015021251759339549,2,00000 00010 000100 001000 001010 1 10000 10010 100100 10100 101000 101010,12,-6801.047505863219,0,7
model1,2,smc,0.01636417856583966,3,00000 00010 00100 001000 001010 1 10000 10010 10100 101000 101010,11,-6801.12853293543,0,7
model1,2,smc,0.0232333890508713,4,00000 00010 001000 001010 1 100 10000 10010 101000 101010,10,-6801.243566583617,0,7
model1,2,smc,0.03177135766461728,5,00000 0010 001000 001010 1 100 10000 101000 101010,9,-6801.400859407429,0,7
model1,2,smc,0.11780892028042927,6,00000 001000 1 10 100 10000 101000,7,-6802.567572652156,0,7
model1,2,smc,0.16759686729703865,7,000 1 10 100,4,-6805.057190065556,1,7
model1,2,smc,1.4405040800460347,8,00 1 10,3,-6812.19016207367,0,7
model1,2,smc,10.04174074871068,9,0 1,2,-6861.914287955544,0,7
model1,3,smc,0.0,0,000000 000010 000100 001000 001010 1 10000 100000 100010 10010 100100 10100 101000 101010,14,-6841.461452484998,0,6
model1,3,smc,0.00024214386940002441,1,00000 000010 000100 001000 001010 1 10000 100010 10010 100100 10100 101000 101010,13,-6841.462648234417,0,6
model1,3,smc,0.0030063079322073527,2,00000 000100 0010 001000 001010 1 10000 100100 10100 101000 101010,11,-6841.492420483202,0,6
model1,3,smc,0.0049471725079627046,3,00000 000100 0010 001010 1 1000 10000 100100 10100 101010,10,-6841.516912268277,0,6
model1,3,smc,0.007048681104325688,4,0000 000100 0010 001010 1 1000 100100 10100 101010,9,-6841.551815232323,0,6
model1,3,smc,0.03440682737309557,5,0000 0010 001010 1 100 1000 101010,7,-6841.892550019465,0,6
model1,3,smc,0.06816308500644147,6,0000 1 10 100 1000,5,-6842.56756942482,1,6
model1,3,smc,0.4775334371124161,7,000 1 10 100,4,-6844.932192213208,0,6
model1,3,smc,1.0397867155396525,8,00 1 10,3,-6850.080948157245,0,6
model1,3,smc,8.684089183929995,9,0 1,2,-6893.08231532689,0,6
model1,4,smc,0.0,0,000000 000010 000100 001000 001010 1 10000 100000 100010 10010 100100 10100 101000 101010,14,-6756.14617255881,0,7
model1,4,smc,0.00024586915969848633,1,00000 000010 000100 001000 001010 1 10000 100010 10010 100100 10100 101000 101010,13,-6756.147375186626,0,7
model1,4,smc,0.005841252436522559,2,0000 000010 000100 001000 001010 1 100010 10010 100100 10100 101000 101010,12,-6756.176295464041,0,7
model1,4,smc,0.030593654651214986,3,0000 000010 001000 001010 1 100 100010 10010 101000 101010,10,-6756.479275866841,0,7
model1,4,smc,0.038565288097275455,4,0000 00010 001000 001010 1 100 10010 101000 101010,9,-6756.670212596628,0,7
model1,4,smc,0.045672593753874786,5,000 00010 001010 1 100 10010 101010,7,-6757.122490758306,0,7
model1,4,smc,0.046380334255987796,6,000 0010 001010 1 100 101010,6,-6757.352148168572,0,7
model1,4,smc,0.10384971291070628,7,000 1 10 100,4,-6758.380620759036,1,7
model1,4,smc,0.634682710795435,8,00 1 10,3,-6761.523370242026,0,7
model1,4,smc,7.074825920602425,9,0 1,2,-6796.556063668861,0,7
model1,5,smc,0.0,0,000000 000010 000100 001000 001010 1 10000 100000 100010 10010 100100 10100 101000 101010,14,-6707.468565568753,0,7
model1,5,smc,0.001430511474609375,1,00000 000010 000100 001000 001010 1 10000 100010 10010 100100 10100 101000 101010,13,-6707.475644833841,0,7
model1,5,smc,0.017225697149569896,2,0000 000010 000100 001000 001010 1 100010 10010 100100 10100 101000 101010,12,-6707.560926929436,0,7
model1,5,smc,0.024035293206996905,3,0000 000010 00100 001000 001010 1 100010 10010 10100 101000 101010,11,-6707.679924390744,0,7
model1,5,smc,0.02404274342944005,4,0000 000010 00100 001000 1 100010 10010 1010 10100 101000,10,-6707.798970838419,0,7
model1,5,smc,0.13141534768007518,5,0000 00100 001000 1 10 10100 101000,7,-6709.751158619082,0,7
model1,5,smc,0.14275215090536642,6,0000 001000 1 10 100 101000,6,-6710.458010627313,0,7
model1,5,smc,0.23080031883179933,7,000 1 10 100,4,-6712.743721726895,1,7
model1,5,smc,0.7867610750040073,8,00 1 10,3,-6716.639558909617,0,7
model1,5,smc,7.108562065433885,9,0 1,2,-6751.839330733031,0,7
model1,6,smc,0.0,0,000000 000010 000100 001000 001010 1 10000 100000 100010 10010 100100 10100 101000 101010,14,-6837.19883513688,0,6
model1,6,smc,0.02386420965194702,1,000000 000100 0010 001000 001010 1 10000 100000 100100 10100 101000 101010,12,-6837.43514851824,0,6
model1,6,smc,0.048226911016448215,2,000000 000100 0010 001010 1 1000 10000 100000 100100 10100 101010,11,-6837.673955516844,0,6
model1,6,smc,0.06498910042633321,3,000000 000100 1 10 1000 10000 100000 100100 10100,9,-6838.317542979836,0,6
model1,6,smc,0.06928380185032995,4,00000 000100 1 10 1000 10000 100100 10100,8,-6838.660618095579,0,6
model1,6,smc,0.07348907180235678,5,000 000100 1 10 100100 10100,6,-6839.388406818981,0,6
model1,6,smc,0.11928850880648426,6,000 1 10 100,4,-6840.569768950281,1,6
model1,6,smc,1.5932166898283562,7,00 1 10,3,-6848.458967775826,0,6
model1,6,smc,12.3297125570093,8,0 1,2,-6909.512541392625,0,6
model1,7,smc,0.0,0,000000 000010 000100 001000 001010 1 10000 100000 100010 10010 100100 10100 101000 101010,14,-6726.521199821126,0,7
model1,7,smc,0.0077858567237854,1,000000 000010 000100 001000 1 10000 100000 100010 10010 100100 1010 10100 101000,13,-6726.559752559608,0,7
model1,7,smc,0.061101381248374054,2,000000 000010 000100 1 1000 10000 100000 100010 10010 100100 1010 10100,12,-6726.862287517271,0,7
model1,7,smc,0.08641536030047837,3,000000 000100 0010 1 1000 10000 100000 100100 1010 10100,10,-6727.718028196795,0,7
model1,7,smc,0.092006054627715,4,000 000100 0010 1 100100 1010 10100,7,-6729.08479900952,0,7
model1,7,smc,0.19248099371080218,5,000 000100 1 10 100100 10100,6,-6730.037909947569,0,7
model1,7,smc,0.29672662426611945,6,000 00100 1 10 10100,5,-6731.5072109447865,0,7
model1,7,smc,0.3923650907917624,7,000 1 10 100,4,-6733.450084797197,1,7
model1,7,smc,0.752083465809414,8,00 1 10,3,-6737.17420688136,0,7
model1,7,smc,8.510807139737999,9,0 1,2,-6779.317536518671,0,7
model1,8,smc,0.0,0,000000 000010 000100 001000 001010 1 10000 100000 100010 10010 100100 10100 101000 101010,14,-6596.587186518,0,5
model1,8,smc,0.03867596387863159,1,0000 000010 000100 001000 001010 1 100010 10010 100100 10100 101000 101010,12,-6596.9701944951785,0,5
model1,8,smc,0.03921981419108267,2,0000 000010 000100 001000 1 100010 10010 100100 1010 10100 101000,11,-6597.164397472892,0,5
model1,8,smc,0.2625036495864915,3,0000 000010 001000 1 100 100010 10010 1010 101000,9,-6599.764082905506,0,5
model1,8,smc,0.31400481230561406,4,0000 001000 1 10 100 101000,6,-6604.428625749628,0,5
model1,8,smc,0.38940201150824993,5,000 1 10 100,4,-6608.2850319085455,1,5
model1,8,smc,0.7458058713247873,6,00 1 10,3,-6611.9780544144705,0,5
model1,8,smc,9.47079815201251,7,0 1,2,-6658.875014697078,0,5
model1,9,smc,0.0,0,000000 000010 000100 001000 001010 1 10000 100000 100010 10010 100100 10100 101000 101010,14,-6727.18478079228,0,7
model1,9,smc,0.0010132789611816406,1,000000 000010 00100 001000 001010 1 10000 100000 100010 10010 10100 101000 101010,13,-6727.189790975599,0,7
model1,9,smc,0.006221224244207235,2,000000 000010 00100 001000 1 10000 100000 100010 10010 1010 10100 101000,12,-6727.220590681967,0,7
model1,9,smc,0.031079777100731662,3,00000 000010 00100 001000 1 10000 100010 10010 1010 10100 101000,11,-6727.374489621501,0,7
model1,9,smc,0.03261450129999567,4,00000 000010 00100 1 1000 10000 100010 10010 1010 10100,10,-6727.535974230297,0,7
model1,9,smc,0.07790362639152751,5,000 000010 00100 1 100010 10010 1010 10100,8,-6728.307469997359,0,7
model1,9,smc,0.1336476343241266,6,000 000010 1 100 100010 10010 1010,7,-6728.969244001186,0,7
model1,9,smc,0.1728868016606856,7,000 1 10 100,4,-6731.5374176267,1,7
model1,9,smc,1.014392128849672,8,00 1 10,3,-6736.560397666267,0,7
model1,9,smc,11.395163749699027,9,0 1,2,-6792.986322252407,0,7
model1,10,smc,0.0,0,000000 000010 000100 001000 001010 1 10000 100000 100010 10010 100100 10100 101000 101010,14,-6742.836339779285,0,5
model1,10,smc,0.015474855899810791,1,000000 000010 00100 001000 001010 1 10000 100000 100010 10010 10100 101000 101010,13,-6742.9129516273715,0,5
model1,10,smc,0.12615725555331636,2,00000 000010 00100 001000 001010 1 10000 100010 10010 10100 101000 101010,12,-6743.537635578907,0,5
model1,10,smc,0.15467134740474323,3,000 000010 00100 001010 1 100010 10010 10100 101010,9,-6745.835312055665,0,5
model1,10,smc,0.20737907120424148,4,000 00100 1 10 10100,5,-6749.942829231877,0,5
model1,10,smc,0.2113709260629057,5,000 1 10 100,4,-6750.989483239355,1,5
model1,10,smc,1.6639811567759129,6,00 1 10,3,-6759.229086880129,0,5
model1,10,smc,7.079108881618651,7,0 1,2,-6794.283018028382,0,5
model1,11,smc,0.0,0,000000 000010 000100 001000 001010 1 10000 100000 100010 10010 100100 10100 101000 101010,14,-6783.231055612072,0,6
model1,11,smc,0.004023313522338867,1,000000 00010 000100 001000 001010 1 10000 100000 10010 100100 10100 101000 101010,13,-6783.2509442487935,0,6
model1,11,smc,0.017627964219890657,2,000000 00010 000100 001010 1 1000 10000 100000 10010 100100 10100 101010,12,-6783.33823315538,0,6
model1,11,smc,0.021382924451463538,3,000 00010 000100 001010 1 10010 100100 10100 101010,9,-6783.655853964643,0,6
model1,11,smc,0.030040128856559524,4,000 00010 00100 001010 1 10010 10100 101010,8,-6783.804592915863,0,6
model1,11,smc,0.07074765537251915,5,000 0010 001010 1 100 101010,6,-6784.505227115831,0,6
model1,11,smc,0.2440832350592025,6,000 1 10 100,4,-6786.922474699553,1,6
model1,11,smc,0.7542891571694207,7,00 1 10,3,-6790.657520609362,0,6
model1,11,smc,6.614272793940852,8,0 1,2,-6823.409688227863,0,6
model1,12,smc,0.0,0,000000 000010 000100 001000 001010 1 10000 100000 100010 10010 100100 10100 101000 101010,14,-6797.186603140893,0,8
model1,12,smc,0.019297003746032715,1,0000 000010 000100 001000 001010 1 100010 10010 100100 10100 101000 101010,12,-6797.377710420787,0,8
model1,12,smc,0.022113214518615365,2,0000 00010 000100 001000 001010 1 10010 100100 10100 101000 101010,11,-6797.487188196922,0,8
model1,12,smc,0.035063613465986354,3,000 00010 000100 001010 1 10010 100100 10100 101010,9,-6797.834437950572,0,8
model1,12,smc,0.045702296444735196,4,000 00010 00100 001010 1 10010 10100 101010,8,-6798.0607322496535,0,8
model1,12,smc,0.05762586072194514,5,000 00010 00100 1 10010 1010 10100,7,-6798.346077174183,0,8
model1,12,smc,0.10107263887006385,6,000 00010 1 100 10010 1010,6,-6798.846549063266,0,8
model1,12,smc,0.26623351862286326,7,000 0010 1 100 1010,5,-6800.164862939687,0,8
model1,12,smc,0.37185628320686603,8,000 1 10 100,4,-6802.006195167067,1,8
model1,12,smc,0.4801518278685142,9,00 1 10,3,-6804.383774363952,0,8
model1,12,smc,10.649256847063484,10,0 1,2,-6857.116163560494,0,8
model1,13,smc,0.0,0,00000 000010 000100 001000 001010 1 10000 100010 10010 100100 10100 101000 101010,13,-6771.340407617158,0,7
model1,13,smc,0.010676681995391846,1,00000 000100 0010 001000 001010 1 10000 100100 10100 101000 101010,11,-6771.446125898157,0,7
model1,13,smc,0.07957072962405665,2,00000 000100 0010 001010 1 1000 10000 100100 10100 101010,10,-6771.840124468043,0,7
model1,13,smc,0.08012943424160582,3,0000 000100 0010 001010 1 1000 100100 10100 101010,9,-6772.236889596508,0,7
model1,13,smc,0.08228975634844507,4,0000 000100 0010 1 1000 100100 1010 10100,8,-6772.6443382757025,0,7
model1,13,smc,0.1686277736590037,5,0000 0010 1 100 1000 1010,6,-6774.31432761244,0,7
model1,13,smc,0.219386356038263,6,0000 1 10 100 1000,5,-6775.400655963449,0,7
model1,13,smc,0.33768689898493454,7,000 1 10 100,4,-6777.072776632849,1,7
model1,13,smc,0.5396585749819336,8,00 1 10,3,-6779.7450237253515,0,7
model1,13,smc,9.27364933736634,9,0 1,2,-6825.665756936552,0,7
model1,14,smc,0.0,0,000000 000010 000100 001000 001010 1 10000 100000 100010 10010 100100 10100 101000 101010,14,-6695.474734857543,0,9
model1,14,smc,5.21540641784668e-05,1,00000 000010 000100 001000 001010 1 10000 100010 10010 100100 10100 101000 101010,13,-6695.474992328213,0,9
model1,14,smc,0.023208556144016512,2,00000 000010 00100 001000 001010 1 10000 100010 10010 10100 101000 101010,12,-6695.589912834428,0,9
model1,14,smc,0.028650952638013743,3,00000 000010 001000 001010 1 100 10000 100010 10010 101000 101010,11,-6695.731783568204,0,9
model1,14,smc,0.03431306942300351,4,00000 000010 001000 1 100 10000 100010 10010 1010 101000,10,-6695.901692382298,0,9
model1,14,smc,0.054877123187199624,5,00000 001000 1 10 100 10000 101000,7,-6696.716891765953,0,9
model1,14,smc,0.05899684205102777,6,00000 1 10 100 1000 10000,6,-6697.009015063988,0,9
model1,14,smc,0.07419795791172532,7,0000 1 10 100 1000,5,-6697.376422623991,0,9
model1,14,smc,0.23211192813908882,8,000 1 10 100,4,-6698.525751620125,0,9
model1,14,smc,0.3323203998827762,9,00 1 10,3,-6700.171294636746,1,9
model1,14,smc,10.634404898545506,10,0 1,2,-6752.830112692623,0,9
model1,15,smc,0.0,0,000000 000010 000100 001000 001010 1 10000 100000 100010 10010 100100 10100 101000 101010,14,-6800.857718276112,0,7
model1,15,smc,0.0001043081283569336,1,000000 00010 000100 001000 001010 1 10000 100000 10010 100100 10100 101000 101010,13,-6800.8582106449485,0,7
model1,15,smc,0.01271068786845575,2,000000 00010 000100 001010 1 1000 10000 100000 10010 100100 10100 101010,12,-6800.921135184179,0,7
model1,15,smc,0.016063363905267504,3,000000 00010 00100 001010 1 1000 10000 100000 10010 10100 101010,11,-6801.000656463127,0,7
model1,15,smc,0.032472740473480574,4,000000 00010 001010 1 100 1000 10000 100000 10010 101010,10,-6801.161446991377,0,7
model1,15,smc,0.05930892010438182,5,000000 00010 1 100 1000 10000 100000 10010 1010,9,-6801.455127295607,0,7
model1,15,smc,0.11489855781361472,6,000 00010 1 100 10010 1010,6,-6803.161863846086,0,7
model1,15,smc,0.142950996490438,7,000 1 10 100,4,-6804.577574701378,1,7
model1,15,smc,1.911498039181513,8,00 1 10,3,-6814.042819414987,0,7
model1,15,smc,7.7943857639264875,9,0 1,2,-6852.638586765803,0,7
model1,16,smc,0.0,0,000000 000010 000100 001000 001010 1 10000 100000 100010 10010 100100 10100 101000 101010,14,-6784.901118991597,0,7
model1,16,smc,0.002160901203751564,1,00000 000010 000100 001000 001010 1 10000 100010 10010 100100 10100 101000 101010,13,-6784.91181892049,0,7
model1,16,smc,0.0025706813655858307,2,00000 00010 000100 001000 001010 1 10000 10010 100100 10100 101000 101010,12,-6784.924531177897,0,7
model1,16,smc,0.002965560106997511,3,00000 00010 001000 001010 1 100 10000 10010 101000 101010,10,-6784.953899467241,0,7
model1,16,smc,0.012964179964701202,4,00000 00010 001010 1 100 1000 10000 10010 101010,9,-6785.01808027483,0,7
model1,16,smc,0.05355389060482696,5,000 00010 001010 1 100 10010 101010,7,-6785.548393985935,0,7
model1,16,smc,0.21391884168277406,6,000 0010 001010 1 100 101010,6,-6786.60766321478,0,7
model1,16,smc,0.3958893721373273,7,000 1 10 100,4,-6790.528347857676,1,7
model1,16,smc,1.029699766579613,8,00 1 10,3,-6795.6271206869715,0,7
model1,16,smc,11.31998023715986,9,0 1,2,-6851.680759672585,0,7
model1,17,smc,0.0,0,000000 000010 000100 001000 001010 1 10000 100000 100010 10010 100100 10100 101000 101010,14,-6756.876680701993,0,9
model1,17,smc,0.01615285873413086,1,00000 000010 000100 001000 001010 1 10000 100010 10010 100100 10100 101000 101010,13,-6756.956643665222,0,9
model1,17,smc,0.023759655772614963,2,0000 000010 000100 001000 001010 1 100010 10010 100100 10100 101000 101010,12,-6757.074287292541,0,9
model1,17,smc,0.056361847157442135,3,0000 000100 0010 001000 001010 1 100100 10100 101000 101010,10,-6757.632434658629,0,9
model1,17,smc,0.060504834226449145,4,0000 0010 001000 001010 1 100 101000 101010,8,-6758.231642865451,0,9
model1,17,smc,0.09911652050747759,5,0000 0010 001000 1 100 1010 101000,7,-6758.722429574761,0,9
model1,17,smc,0.11140754152284095,6,0000 0010 1 100 1000 1010,6,-6759.2740611633635,0,9
model1,17,smc,0.13966874588158948,7,0000 1 10 100 1000,5,-6759.965644281452,0,9
model1,17,smc,0.20110396868887714,8,000 1 10 100,4,-6760.96145315127,0,9
model1,17,smc,0.7807568723203999,9,00 1 10,3,-6764.827547488282,1,9
model1,17,smc,9.35252092288828,10,0 1,2,-6811.138827256029,0,9
model1,18,smc,0.0,0,000000 000010 000100 001000 001010 1 10000 100000 100010 10010 100100 10100 101000 101010,14,-6810.9982507651275,0,7
model1,18,smc,0.0005066394805908203,1,000000 000010 000100 001000 1 10000 100000 100010 10010 100100 1010 10100 101000,13,-6811.000751060506,0,7
model1,18,smc,0.006377691041947742,2,000000 00010 000100 001000 1 10000 100000 10010 100100 1010 10100 101000,12,-6811.032324591339,0,7
model1,18,smc,0.008031698836694329,3,000000 000100 0010 001000 1 10000 100000 100100 1010 10100 101000,11,-6811.072077467286,0,7
model1,18,smc,0.020690031931763206,4,000000 000100 0010 1 1000 10000 100000 100100 1010 10100,10,-6811.174513958376,0,7
model1,18,smc,0.028706524917334254,5,000000 000100 1 10 1000 10000 100000 100100 10100,9,-6811.316627599263,0,7
model1,18,smc,0.04977555713858499,6,000 000100 1 10 100100 10100,6,-6812.056026454282,0,7
model1,18,smc,0.2029181701436223,7,000 1 10 100,4,-6814.065608167543,1,7
model1,18,smc,1.6783536637516332,8,00 1 10,3,-6822.376369786638,0,7
model1,18,smc,5.6589202008085255,9,0 1,2,-6850.397885205681,0,7
model1,19,smc,0.0,0,000000 000010 000100 001000 001010 1 10000 100000 100010 10010 100100 10100 101000 101010,14,-6776.083187749782,0,6
model1,19,smc,0.0003203749656677246,1,00000 000010 000100 001000 001010 1 10000 100010 10010 100100 10100 101000 101010,13,-6776.084758516041,0,6
model1,19,smc,0.001601874007217674,2,0000 000010 000100 001000 001010 1 100010 10010 100100 10100 101000 101010,12,-6776.092686934502,0,6
model1,19,smc,0.012412631818299312,3,0000 000010 000100 001000 1 100010 10010 100100 1010 10100 101000,11,-6776.1541476320235,0,6
model1,19,smc,0.03274476150429381,4,000 000010 000100 1 100010 10010 100100 1010 10100,9,-6776.478433277612,0,6
model1,19,smc,0.1325052272941942,5,000 000100 1 10 100100 10100,6,-6778.446810950891,0,6
model1,19,smc,0.1560800656487164,6,000 1 10 100,4,-6779.992540384084,1,6
model1,19,smc,1.3029772397587007,7,00 1 10,3,-6786.444534061832,0,6
model1,19,smc,8.441183155924474,8,0 1,2,-6828.243104852314,0,6
model1,20,smc,0.0,0,000000 000010 000100 001000 001010 1 10000 100000 100010 10010 100100 10100 101000 101010,14,-6731.19971358424,0,7
model1,20,smc,0.002868473529815674,1,000000 000010 00100 001000 001010 1 10000 100000 100010 10010 10100 101000 101010,13,-6731.213904787481,0,7
model1,20,smc,0.018592833669284214,2,000000 000010 00100 001000 1 10000 100000 100010 10010 1010 10100 101000,12,-6731.305966272441,0,7
model1,20,smc,0.047768222340195864,3,00000 000010 00100 001000 1 10000 100010 10010 1010 10100 101000,11,-6731.542496932236,0,7
model1,20,smc,0.05804904127721691,4,0000 000010 00100 001000 1 100010 10010 1010 10100 101000,10,-6731.829921343781,0,7
model1,20,smc,0.0888685147094633,5,0000 00100 001000 1 10 10100 101000,7,-6733.150063565931,0,7
model1,20,smc,0.12964574398502485,6,000 00100 1 10 10100,5,-6734.434007742004,0,7
model1,20,smc,0.24911462088200567,7,000 1 10 100,4,-6735.667556587496,1,7
model1,20,smc,1.607051091820959,8,00 1 10,3,-6743.625228384595,0,7
model1,20,smc,9.246992533635852,9,0 1,2,-6789.413964705409,0,7
model1,21,smc,0.0,0,000000 000010 000100 001000 001010 1 10000 100000 100010 10010 100100 10100 101000 101010,14,-6828.165273677565,0,6
model1,21,smc,0.0012973323464393616,1,00000 000010 000100 001000 001010 1 10000 100010 10010 100100 10100 101000 101010,13,-6828.171697491807,0,6
model1,21,smc,0.008122046465330879,2,00000 000010 001000 001010 1 100 10000 100010 10010 101000 101010,11,-6828.252068290434,0,6
model1,21,smc,0.015826287313400172,3,0000 000010 001000 001010 1 100 100010 10010 101000 101010,10,-6828.330435048852,0,6
model1,21,smc,0.016141064379800237,4,0000 000010 001010 1 100 1000 100010 10010 101010,9,-6828.410357774952,0,6
model1,21,smc,0.08718005700752732,5,0000 1 10 100 1000,5,-6830.137113679569,0,6
model1,21,smc,0.21074873874254163,6,000 1 10 100,4,-6831.180657165658,1,6
model1,21,smc,0.8638147695294682,7,00 1 10,3,-6835.45801914634,0,6
model1,21,smc,9.137315590840275,8,0 1,2,-6880.703660987236,0,6
model1,22,smc,0.0,0,000000 000010 000100 001000 001010 1 10000 100000 100010 10010 100100 10100 101000 101010,14,-6747.048878425969,0,6
model1,22,smc,0.01154094934463501,1,000000 00010 000100 001000 001010 1 10000 100000 10010 100100 10100 101000 101010,13,-6747.106009255007,0,6
model1,22,smc,0.03369846459055914,2,00000 00010 000100 001000 001010 1 10000 10010 100100 10100 101000 101010,12,-6747.272869360746,0,6
model1,22,smc,0.04127519437489152,3,00000 00010 000100 001010 1 1000 10000 10010 100100 10100 101010,11,-6747.477243754693,0,6
model1,22,smc,0.1713739427500783,4,00 00010 001010 1 10010 101010,6,-6751.720167507014,0,6
model1,22,smc,0.17389137585112668,5,00 0010 001010 1 101010,5,-6752.581209174106,0,6
model1,22,smc,0.3199799642022626,6,00 1 10,3,-6755.750123187159,1,6
model1,22,smc,11.642760056981917,7,0 1,2,-6813.402078471982,0,6
model1,23,smc,0.0,0,000000 000010 000100 001000 001010 1 10000 100000 100010 10010 100100 10100 101000 101010,14,-6786.099773864568,0,5
model1,23,smc,0.014185905456542969,1,000000 000010 000100 001000 1 10000 100000 100010 10010 100100 1010 10100 101000,13,-6786.170005889555,0,5
model1,23,smc,0.03285653069795558,2,000000 000010 000100 1 1000 10000 100000 100010 10010 100100 1010 10100,12,-6786.332699348284,0,5
model1,23,smc,0.06592096580163571,3,000000 000010 1 100 1000 10000 100000 100010 10010 1010,10,-6786.985545642578,0,5
model1,23,smc,0.09414004415440805,4,000000 1 10 100 1000 10000 100000,7,-6788.383925469107,0,5
model1,23,smc,0.2576271493518816,5,0000 1 10 100 1000,5,-6790.935306051659,1,5
model1,23,smc,0.2612909462452774,6,000 1 10 100,4,-6792.229124873272,0,5
model1,23,smc,1.3793961146922231,7,00 1 10,3,-6799.059519420982,0,5
model1,23,smc,10.367736319339125,8,0 1,2,-6850.397885205681,0,5
model1,24,smc,0.0,0,000000 000010 000100 001000 001010 1 10000 100000 100010 10010 100100 10100 101000 101010,14,-6744.629420719053,0,9
model1,24,smc,0.004537403583526611,1,000000 00010 000100 001000 001010 1 10000 100000 10010 100100 10100 101000 101010,13,-6744.651886387881,0,9
model1,24,smc,0.030509891846941528,2,000000 00010 00100 001000 001010 1 10000 100000 10010 10100 101000 101010,12,-6744.802947903403,0,9
model1,24,smc,0.062329379839644275,3,000000 00010 00100 001010 1 1000 10000 100000 10010 10100 101010,11,-6745.11157793008,0,9
model1,24,smc,0.06618829948074031,4,000000 0010 00100 001010 1 1000 10000 100000 10100 101010,10,-6745.439298758496,0,9
model1,24,smc,0.12183676900933908,5,000000 0010 00100 1 1000 10000 100000 1010 10100,9,-6746.0425696137645,0,9
model1,24,smc,0.14903221034412828,6,00000 0010 00100 1 1000 10000 1010 10100,8,-6746.780537208529,0,9
model1,24,smc,0.21341583283509738,7,000 0010 00100 1 1010 10100,6,-6748.8940557511305,0,9
model1,24,smc,0.25063794030017816,8,000 0010 1 100 1010,5,-6750.13514720859,0,9
model1,24,smc,0.3398213656078538,9,000 1 10 100,4,-6751.817825191134,1,9
model1,24,smc,0.8576794000481012,10,00 1 10,3,-6756.06483145524,0,9
model1,24,smc,11.7751948888228,11,0 1,2,-6814.372550461363,0,9
model1,25,smc,0.0,0,000000 000010 000100 001000 001010 1 10000 100000 100010 10010 100100 10100 101000 101010,14,-6783.237125084559,0,7
model1,25,smc,0.013239681720733643,1,00000 000010 000100 001000 001010 1 10000 100010 10010 100100 10100 101000 101010,13,-6783.302682211181,0,7
model1,25,smc,0.016998400100776134,2,00000 000010 000100 001000 1 10000 100010 10010 100100 1010 10100 101000,12,-6783.386850509911,0,7
model1,25,smc,0.025052203913182962,3,0000 000010 000100 001000 1 100010 10010 100100 1010 10100 101000,11,-6783.510886596585,0,7
model1,25,smc,0.034845501395881474,4,0000 000100 001000 1 10 100100 10100 101000,8,-6784.028512662413,0,7
model1,25,smc,0.062220751857655354,5,000 000100 1 10 100100 10100,6,-6784.6447023065475,0,7
model1,25,smc,0.1460926750609033,6,000 00100 1 10 10100,5,-6785.368111037044,0,7
model1,25,smc,0.22693019983553758,7,000 1 10 100,4,-6786.4917941916065,1,7
model1,25,smc,0.555306995779639,8,00 1 10,3,-6789.24150722975,0,7
model1,25,smc,8.266287558144185,9,0 1,2,-6830.17404081588,0,7
model1,26,smc,0.0,0,000000 000010 000100 001000 001010 1 10000 100000 100010 10010 100100 10100 101000 101010,14,-6803.593631916114,0,5
model1,26,smc,0.0017210841178894043,1,000000 000100 0010 001000 001010 1 10000 100000 100100 10100 101000 101010,12,-6803.610675214226,0,5
model1,26,smc,0.07980290000197954,2,0000 000100 0010 001000 001010 1 100100 10100 101000 101010,10,-6804.400959205401,0,5
model1,26,smc,0.11221520216197572,3,0000 000100 001000 1 10 100100 10100 101000,8,-6805.512276343007,0,5
model1,26,smc,0.16322532729679537,4,0000 001000 1 10 100 101000,6,-6807.128720892437,0,5
model1,26,smc,0.2317036032267952,5,000 1 10 100,4,-6809.42335985066,1,5
model1,26,smc,1.2514686211355432,6,00 1 10,3,-6815.620279671993,0,5
model1,26,smc,11.344716369709932,7,0 1,2,-6871.796408060405,0,5
model1,27,smc,0.0,0,000000 000010 000100 001000 001010 1 10000 100000 100010 10010 100100 10100 101000 101010,14,-6787.219050870006,0,8
model1,27,smc,0.000433996319770813,1,000000 000010 000100 001010 1 1000 10000 100000 100010 10010 100100 10100 101010,13,-6787.2211971065035,0,8
model1,27,smc,0.005239616633540001,2,000000 000010 00100 001010 1 1000 10000 100000 100010 10010 10100 101010,12,-6787.247124856921,0,8
model1,27,smc,0.011334127695351356,3,000000 000010 001010 1 100 1000 10000 100000 100010 10010 101010,11,-6787.303221368394,0,8
model1,27,smc,0.014671912139307856,4,000000 0010 001010 1 100 1000 10000 100000 101010,9,-6787.448509669725,0,8
model1,27,smc,0.02066200316189826,5,000000 0010 1 100 1000 10000 100000 1010,8,-6787.5508139069,0,8
model1,27,smc,0.05917991306786319,6,000000 1 10 100 1000 10000 100000,7,-6787.843852003141,0,8
model1,27,smc,0.11100746725421906,7,0000 1 10 100 1000,5,-6788.943190022089,0,8
model1,27,smc,0.23014559700364734,8,000 1 10 100,4,-6790.082795798285,1,8
model1,27,smc,0.2392460157215154,9,00 1 10,3,-6791.267479215819,0,8
model1,27,smc,11.488566217510732,10,0 1,2,-6848.155907202838,0,8
model1,28,smc,0.0,0,000000 000010 000100 001000 001010 1 10000 100000 100010 10010 100100 10100 101000 101010,14,-6731.546984547378,0,8
model1,28,smc,7.450580596923828e-06,1,000000 00010 000100 001000 001010 1 10000 100000 10010 100100 10100 101000 101010,13,-6731.54701020728,0,8
model1,28,smc,0.0002533197366316742,2,00000 00010 000100 001000 001010 1 10000 10010 100100 10100 101000 101010,12,-6731.548262078441,0,8
model1,28,smc,0.00430643352788976,3,00000 000100 0010 001000 001010 1 10000 100100 10100 101000 101010,11,-6731.56955542917,0,8
model1,28,smc,0.014115038402802567,4,00000 0010 00100 001000 001010 1 10000 10100 101000 101010,10,-6731.639445819631,0,8
model1,28,smc,0.04051915062714152,5,0000 0010 00100 001000 001010 1 10100 101000 101010,9,-6731.840066868212,0,8
model1,28,smc,0.04552646629360675,6,0000 0010 001000 001010 1 100 101000 101010,8,-6732.065500237293,0,8
model1,28,smc,0.07686075494559122,7,0000 001000 1 10 100 101000,6,-6732.826640591052,0,8
model1,28,smc,0.19420425951434828,8,000 1 10 100,4,-6734.74987400443,1,8
model1,28,smc,1.7774781902619599,9,00 1 10,3,-6743.551480855478,0,8
model1,28,smc,7.946068895380282,10,0 1,2,-6782.898341386465,0,8
model1,29,smc,0.0,0,000000 000010 000100 001000 001010 1 10000 100000 100010 10010 100100 10100 101000 101010,14,-6795.42731327929,0,9
model1,29,smc,0.00943988561630249,1,000000 00010 000100 001000 001010 1 10000 100000 10010 100100 10100 101000 101010,13,-6795.474054167691,0,9
model1,29,smc,0.010870370083182479,2,000000 00010 000100 001000 1 10000 100000 10010 100100 1010 10100 101000,12,-6795.527880319045,0,9
model1,29,smc,0.01587705139299133,3,00000 00010 000100 001000 1 10000 10010 100100 1010 10100 101000,11,-6795.606474699225,0,9
model1,29,smc,0.018771510041040176,4,00000 000100 0010 001000 1 10000 100100 1010 10100 101000,10,-6795.699426193567,0,9
model1,29,smc,0.04264227405936462,5,00000 000100 0010 1 1000 10000 100100 1010 10100,9,-6795.910548667315,0,9
model1,29,smc,0.046024549169960696,6,00000 0010 00100 1 1000 10000 1010 10100,8,-6796.138429459705,0,9
model1,29,smc,0.10901340951539534,7,00000 00100 1 10 1000 10000 10100,7,-6796.678221360327,0,9
model1,29,smc,0.22459886241360788,8,00000 1 10 100 1000 10000,6,-6797.790360410668,0,9
model1,29,smc,0.40196218290570795,9,000 1 10 100,4,-6801.771176538732,1,9
model1,29,smc,0.7647519863346952,10,00 1 10,3,-6805.558012712374,0,9
model1,29,smc,8.149586205726003,11,0 1,2,-6845.912652005414,0,9
model1,30,smc,0.0,0,000000 000010 000100 001000 001010 1 10000 100000 100010 10010 100100 10100 101000 101010,14,-6712.117592781851,0,7
model1,30,smc,0.0011622905731201172,1,000000 000010 000100 001010 1 1000 10000 100000 100010 10010 100100 10100 101010,13,-6712.123326731638,0,7
model1,30,smc,0.010907627340017712,2,00000 000010 000100 001010 1 1000 10000 100010 10010 100100 10100 101010,12,-6712.177302016824,0,7
model1,30,smc,0.015634917599475134,3,0000 000010 000100 001010 1 1000 100010 10010 100100 10100 101010,11,-6712.254720515048,0,7
model1,30,smc,0.03308363172199376,4,000 000010 000100 001010 1 100010 10010 100100 10100 101010,10,-6712.418513905755,0,7
model1,30,smc,0.03433897148468226,5,000 00010 000100 001010 1 10010 100100 10100 101010,9,-6712.588544950515,0,7
model1,30,smc,0.10973366881719222,6,000 00010 001010 1 100 10010 101010,7,-6713.675284028919,0,7
model1,30,smc,0.11891076959660665,7,000 1 10 100,4,-6715.441730924563,1,7
model1,30,smc,0.5591279142710807,8,00 1 10,3,-6718.210388831778,0,7
model1,30,smc,8.445723771332222,9,0 1,2,-6760.031433561346,0,7
model1,31,smc,0.0,0,000000 000010 000100 001000 001010 1 10000 100000 100010 10010 100100 10100 101000 101010,14,-6695.318953149489,0,4
model1,31,smc,0.012786127626895905,1,000000 000010 001000 001010 1 100 10000 100000 100010 10010 101000 101010,12,-6695.445577637538,0,4
model1,31,smc,0.03339763175216198,2,000000 001000 1 10 100 10000 100000 101000,8,-6696.107067135586,0,4
model1,31,smc,0.06041908255171115,3,000000 1 10 100 1000 10000 100000,7,-6696.406229068695,0,4
model1,31,smc,0.1294631850143414,4,000 1 10 100,4,-6698.329434441543,1,4
model1,31,smc,0.4241392848353374,5,00 1 10,3,-6700.429655797994,0,4
model1,31,smc,11.573281577028954,6,0 1,2,-6757.737565746407,0,4
model1,32,smc,0.0,0,000000 000010 000100 001000 001010 1 10000 100000 100010 10010 100100 10100 101000 101010,14,-6717.416582275554,0,8
model1,32,smc,0.001080334186553955,1,000000 00010 000100 001000 001010 1 10000 100000 10010 100100 10100 101000 101010,13,-6717.421924819522,0,8
model1,32,smc,0.02288068590972081,2,000000 00010 000100 001010 1 1000 10000 100000 10010 100100 10100 101010,12,-6717.535208621194,0,8
model1,32,smc,0.04698966141108522,3,000000 000100 0010 001010 1 1000 10000 100000 100100 10100 101010,11,-6717.767862936812,0,8
model1,32,smc,0.05932666334753141,4,000000 000100 0010 1 1000 10000 100000 100100 1010 10100,10,-6718.061617508882,0,8
model1,32,smc,0.08452153711598857,5,000000 000100 1 10 1000 10000 100000 100100 10100,9,-6718.480136881519,0,8
model1,32,smc,0.10088024631280187,6,000 000100 1 10 100100 10100,6,-6719.978735882709,0,8
model1,32,smc,0.1089922915623201,7,000 00100 1 10 10100,5,-6720.518429377145,0,8
model1,32,smc,0.28230716210389595,8,00 1 10,3,-6723.314233209021,1,8
model1,32,smc,9.464298635679752,9,0 1,2,-6770.179011181468,0,8
model1,33,smc,0.0,0,000000 000010 000100 001000 001010 1 10000 100000 100010 10010 100100 10100 101000 101010,14,-6865.345370952106,0,8
model1,33,smc,0.00021606683731079102,1,000000 000010 00100 001000 001010 1 10000 100000 100010 10010 10100 101000 101010,13,-6865.346435905471,0,8
model1,33,smc,0.01090019479632609,2,000000 00010 00100 001000 001010 1 10000 100000 10010 10100 101000 101010,12,-6865.4003759179905,0,8
model1,33,smc,0.03867535373917155,3,000000 0010 00100 001000 001010 1 10000 100000 10100 101000 101010,11,-6865.591881675383,0,8
model1,33,smc,0.05642126395614966,4,000000 0010 00100 001000 1 10000 100000 1010 10100 101000,10,-6865.871243959769,0,8
model1,33,smc,0.05752382545462673,5,000000 0010 001000 1 100 10000 100000 1010 101000,9,-6866.156050668523,0,8
model1,33,smc,0.08124374484023505,6,000000 001000 1 10 100 10000 100000 101000,8,-6866.558314459973,0,8
model1,33,smc,0.081802447588044,7,0000 001000 1 10 100 101000,6,-6867.368443813201,0,8
model1,33,smc,0.1573315253114265,8,000 1 10 100,4,-6868.926568054211,1,8
model1,33,smc,1.265185898025282,9,00 1 10,3,-6875.1914434914415,0,8
model1,33,smc,10.678424207107117,10,0 1,2,-6928.068261812017,0,8
model1,34,smc,0.0,0,000000 000010 000100 001000 001010 1 10000 100000 100010 10010 100100 10100 101000 101010,14,-6790.816894685797,0,5
model1,34,smc,0.0001825392246246338,1,000000 000010 00100 001000 001010 1 10000 100000 100010 10010 10100 101000 101010,13,-6790.817793240569,0,5
model1,34,smc,0.03484262750785838,2,000000 000010 00100 001010 1 1000 10000 100000 100010 10010 10100 101010,12,-6790.990313952874,0,5
model1,34,smc,0.049936451906922405,3,000000 000010 001010 1 100 1000 10000 100000 100010 10010 101010,11,-6791.237556403951,0,5
model1,34,smc,0.0951569593757558,4,000 000010 001010 1 100 100010 10010 101010,8,-6792.65103114479,0,5
model1,34,smc,0.16592772911054748,5,000 1 10 100,4,-6795.937532747216,1,5
model1,34,smc,2.4364248237784225,6,00 1 10,3,-6808.00208212286,0,5
model1,34,smc,9.466551443403384,7,0 1,2,-6854.878012634095,0,5
model1,35,smc,0.0,0,000000 000010 000100 001000 001010 1 10000 100000 100010 10010 100100 10100 101000 101010,14,-6756.474838011072,0,5
model1,35,smc,0.002123415470123291,1,000000 000100 0010 001000 001010 1 10000 100000 100100 10100 101000 101010,12,-6756.495850816247,0,5
model1,35,smc,0.04146603922999814,2,000000 000100 0010 001010 1 1000 10000 100000 100100 10100 101010,11,-6756.701175673683,0,5
model1,35,smc,0.08738015937961391,3,000 000100 0010 001010 1 100100 10100 101010,8,-6757.9992006367065,0,5
model1,35,smc,0.1065434284008269,4,000 000100 1 10 100100 10100,6,-6759.054335270718,0,5
model1,35,smc,0.35410326096930145,5,000 1 10 100,4,-6762.56115089338,1,5
model1,35,smc,0.6256935273328463,6,00 1 10,3,-6765.65942447093,0,5
model1,35,smc,10.750610614525723,7,0 1,2,-6818.89369345956,0,5
model1,36,smc,0.0,0,000000 000010 000100 001000 001010 1 10000 100000 100010 10010 100100 10100 101000 101010,14,-6834.3808845665535,0,10
model1,36,smc,0.0005662441253662109,1,000000 000010 00100 001000 001010 1 10000 100000 100010 10010 10100 101000 101010,13,-6834.383684106966,0,10
model1,36,smc,0.0066617434731353065,2,00000 000010 00100 001000 001010 1 10000 100010 10010 10100 101000 101010,12,-6834.416670643015,0,10
model1,36,smc,0.008673373432022142,3,00000 000010 00100 001000 1 10000 100010 10010 1010 10100 101000,11,-6834.459618958791,0,10
model1,36,smc,0.009688497428948537,4,00000 000010 00100 1 1000 10000 100010 10010 1010 10100,10,-6834.507593769133,0,10
model1,36,smc,0.017738693772288934,5,00000 00010 00100 1 1000 10000 10010 1010 10100,9,-6834.595428132531,0,10
model1,36,smc,0.02106153482861463,6,00000 0010 00100 1 1000 10000 1010 10100,8,-6834.699698202296,0,10
model1,36,smc,0.04269710948687226,7,00000 0010 1 100 1000 10000 1010,7,-6834.911117143162,0,10
model1,36,smc,0.10329495691447041,8,000 0010 1 100 1010,5,-6835.934029163443,0,10
model1,36,smc,0.3036294758452147,9,000 1 10 100,4,-6837.437494191399,0,10
model1,36,smc,0.5104734700572235,10,00 1 10,3,-6839.965216322975,1,10
model1,36,smc,8.418588633516183,11,0 1,2,-6881.651891109956,0,10
model1,37,smc,0.0,0,000000 000010 000100 001000 001010 1 10000 100000 100010 10010 100100 10100 101000 101010,14,-6594.089964772051,0,6
model1,37,smc,0.004861503839492798,1,000000 000010 000100 001010 1 1000 10000 100000 100010 10010 100100 10100 101010,13,-6594.114029288564,0,6
model1,37,smc,0.005360687885869186,2,000000 000010 000100 1 1000 10000 100000 100010 10010 100100 1010 10100,12,-6594.140561104424,0,6
model1,37,smc,0.012215148545002753,3,000000 000010 1 100 1000 10000 100000 100010 10010 1010,10,-6594.261461048645,0,6
model1,37,smc,0.020321182196807428,4,000000 0010 1 100 1000 10000 100000 1010,8,-6594.462666904601,0,6
model1,37,smc,0.19645319937611305,5,000 0010 1 100 1010,5,-6597.3809771405195,0,6
model1,37,smc,1.0943273758066603,6,000 1 10 100,4,-6602.7997825901975,1,6
model1,37,smc,1.6504333624809024,7,00 1 10,3,-6610.972291959797,0,6
model1,37,smc,8.723908972338284,8,0 1,2,-6654.170844779948,0,6
model1,38,smc,0.0,0,000000 000010 000100 001000 001010 1 10000 100000 100010 10010 100100 10100 101000 101010,14,-6749.477478208873,0,6
model1,38,smc,0.03110058605670929,1,00000 000010 000100 001000 001010 1 10000 100010 10010 100100 10100 101000 101010,13,-6749.631476445013,0,6
model1,38,smc,0.05432260125090571,2,00000 000010 000100 001010 1 1000 10000 100010 10010 100100 10100 101010,12,-6749.900455902851,0,6
model1,38,smc,0.07658624226420258,3,00000 000010 000100 1 1000 10000 100010 10010 100100 1010 10100,11,-6750.279689484168,0,6
model1,38,smc,0.09987318974414626,4,00000 000010 1 100 1000 10000 100010 10010 1010,9,-6751.2687544688115,0,6
model1,38,smc,0.15034847243027927,5,00000 1 10 100 1000 10000,6,-6753.502214495922,0,6
model1,38,smc,0.24978381450212625,6,00 1 10,3,-6757.212739442895,1,6
model1,38,smc,10.694099709239538,7,0 1,2,-6810.167174820057,0,6
model1,39,smc,0.0,0,000000 000010 000100 001000 001010 1 10000 100000 100010 10010 100100 10100 101000 101010,14,-6796.941454183942,0,7
model1,39,smc,0.00036135315895080566,1,000000 00010 000100 001000 001010 1 10000 100000 10010 100100 10100 101000 101010,13,-6796.943236290335,0,7
model1,39,smc,0.002164392360337608,2,00000 00010 000100 001000 001010 1 10000 10010 100100 10100 101000 101010,12,-6796.953936219228,0,7
model1,39,smc,0.005211666633428039,3,00000 000100 001000 1 10 10000 100100 10100 101000,9,-6797.031350999357,0,7
model1,39,smc,0.020801844029182635,4,00000 00100 001000 1 10 10000 10100 101000,8,-6797.134349864434,0,7
model1,39,smc,0.08517264787362666,5,0000 00100 001000 1 10 10100 101000,7,-6797.556102891657,0,7
model1,39,smc,0.09966900790778309,6,0000 001000 1 10 100 101000,6,-6798.049632769288,0,7
model1,39,smc,0.2367621598881007,7,000 1 10 100,4,-6800.394396025838,1,7
model1,39,smc,0.6920377184991844,8,00 1 10,3,-6803.821182701995,0,7
model1,39,smc,9.40612474688142,9,0 1,2,-6850.397885205681,0,7
model1,40,smc,0.0,0,000000 000010 000100 001000 001010 1 10000 100000 100010 10010 100100 10100 101000 101010,14,-6829.66910192886,0,6
model1,40,smc,2.9802322387695312e-05,1,000000 000010 00100 001000 001010 1 10000 100000 100010 10010 10100 101000 101010,13,-6829.669238402622,0,6
model1,40,smc,6.70552231518684e-05,2,000000 00010 00100 001000 001010 1 10000 100000 10010 10100 101000 101010,12,-6829.66956668755,0,6
model1,40,smc,0.004373490230635843,3,000000 00010 001000 001010 1 100 10000 100000 10010 101000 101010,11,-6829.69120208901,0,6
model1,40,smc,0.06290473942389813,4,000000 0010 001000 001010 1 100 10000 100000 101000 101010,10,-6830.002669436678,0,6
model1,40,smc,0.08523876986719703,5,000 0010 001010 1 100 101010,6,-6831.690915754415,0,6
model1,40,smc,0.6648700808068253,6,000 1 10 100,4,-6838.275447843608,1,6
model1,40,smc,1.838160084589901,7,00 1 10,3,-6847.377537575607,0,6
model1,40,smc,6.538599074632509,8,0 1,2,-6879.755003200116,0,6
model1,41,smc,0.0,0,000000 000010 000100 001000 001010 1 10000 100000 100010 10010 100100 10100 101000 101010,14,-6784.501073110156,0,5
model1,41,smc,0.00022351741790771484,1,000000 000010 000100 001000 1 10000 100000 100010 10010 100100 1010 10100 101000,13,-6784.502163749864,0,5
model1,41,smc,0.013038510315865892,2,000000 000100 001000 1 10 10000 100000 100100 10100 101000,10,-6784.69583312036,0,5
model1,41,smc,0.015392832389187535,3,000000 001000 1 10 100 10000 100000 101000,8,-6784.848206296365,0,5
model1,41,smc,0.10759837916027208,4,00000 001000 1 10 100 10000 101000,7,-6785.380975531543,0,5
model1,41,smc,0.14609469361996102,5,000 1 10 100,4,-6787.5512341161375,1,5
model1,41,smc,1.6309190577310306,6,00 1 10,3,-6795.6271206869715,0,5
model1,41,smc,11.319983976269633,7,0 1,2,-6851.680759672585,0,5
model1,42,smc,0.0,0,000000 000010 000100 001000 001010 1 10000 100000 100010 10010 100100 10100 101000 101010,14,-6773.358736419439,0,7
model1,42,smc,0.0005997717380523682,1,000000 000010 001000 001010 1 100 10000 100000 100010 10010 101000 101010,12,-6773.364665014099,0,7
model1,42,smc,0.0017480910950926076,2,000000 00010 001000 001010 1 100 10000 100000 10010 101000 101010,11,-6773.373319420511,0,7
model1,42,smc,0.003923653023206906,3,000000 0010 001000 001010 1 100 10000 100000 101000 101010,10,-6773.392739410515,0,7
model1,42,smc,0.04579558739345656,4,0000 0010 001000 001010 1 100 101000 101010,8,-6773.846252814794,0,7
model1,42,smc,0.05917560454178798,5,0000 0010 001000 1 100 1010 101000,7,-6774.139259881688,0,7
model1,42,smc,0.2006304855783819,6,000 0010 1 100 1010,5,-6776.126193038219,0,7
model1,42,smc,0.3375060362153409,7,000 1 10 100,4,-6777.797430522669,1,7
model1,42,smc,1.48696514705824,8,00 1 10,3,-6785.16048700484,0,7
model1,42,smc,12.074963999864817,9,0 1,2,-6844.952601338731,0,7
model1,43,smc,0.0,0,000000 000010 000100 001000 001010 1 10000 100000 100010 10010 100100 10100 101000 101010,14,-6837.27638714339,0,8
model1,43,smc,0.014476478099822998,1,000000 000010 000100 001000 1 10000 100000 100010 10010 100100 1010 10100 101000,13,-6837.348070670916,0,8
model1,43,smc,0.019155307244833608,2,000000 00010 000100 001000 1 10000 100000 10010 100100 1010 10100 101000,12,-6837.442894160715,0,8
model1,43,smc,0.03201824183961444,3,000000 00010 00100 001000 1 10000 100000 10010 1010 10100 101000,11,-6837.60143284012,0,8
model1,43,smc,0.0425228877576113,4,000000 00010 00100 1 1000 10000 100000 10010 1010 10100,10,-6837.811980454777,0,8
model1,43,smc,0.08999767473802814,5,000000 00010 1 100 1000 10000 100000 10010 1010,9,-6838.257621770577,0,8
model1,43,smc,0.10780135720771465,6,0000 00010 1 100 1000 10010 1010,7,-6839.325163326742,0,8
model1,43,smc,0.1611518417756625,7,0000 1 10 100 1000,5,-6840.921126958379,0,8
model1,43,smc,0.38870861414078656,8,00 1 10,3,-6844.770671592052,1,8
model1,43,smc,7.70569976389307,9,0 1,2,-6882.9273064133495,0,8
model1,44,smc,0.0,0,000000 000010 000100 001000 001010 1 10000 100000 100010 10010 100100 10100 101000 101010,14,-6754.778861901394,0,6
model1,44,smc,0.002175569534301758,1,00000 000010 000100 001000 001010 1 10000 100010 10010 100100 10100 101000 101010,13,-6754.789627499664,0,6
model1,44,smc,0.013336490705562198,2,0000 000010 000100 001000 001010 1 100010 10010 100100 10100 101000 101010,12,-6754.85563694729,0,6
model1,44,smc,0.048792858014070545,3,0000 000010 000100 001010 1 1000 100010 10010 100100 10100 101010,11,-6755.097231290116,0,6
model1,44,smc,0.054577669277538696,4,000 000010 000100 001010 1 100010 10010 100100 10100 101010,10,-6755.367480280354,0,6
model1,44,smc,0.06644142374463377,5,000 000100 1 10 100100 10100,6,-6756.683466351179,0,6
model1,44,smc,0.30436644649287226,6,000 1 10 100,4,-6759.697745516891,1,6
model1,44,smc,0.35809710853659427,7,00 1 10,3,-6761.470918116496,0,6
model1,44,smc,11.140091776098489,8,0 1,2,-6816.633765871843,0,6
model1,45,smc,0.0,0,000000 000010 000100 001000 001010 1 10000 100000 100010 10010 100100 10100 101000 101010,14,-6877.061632559295,0,6
model1,45,smc,0.007443130016326904,1,000000 000010 000100 001010 1 1000 10000 100000 100010 10010 100100 10100 101010,13,-6877.098483290469,0,6
model1,45,smc,0.010173727156115309,2,000 000010 000100 001010 1 100010 10010 100100 10100 101010,10,-6877.249589143235,0,6
model1,45,smc,0.01482279484997844,3,000 000010 00100 001010 1 100010 10010 10100 101010,9,-6877.322958372197,0,6
model1,45,smc,0.03961014163864608,4,000 000010 00100 1 100010 10010 1010 10100,8,-6877.519097050531,0,6
model1,45,smc,0.04540995913376468,5,000 00100 1 10 10100,5,-6878.193645967057,0,6
model1,45,smc,0.06692528170036365,6,000 1 10 100,4,-6878.525021228442,1,6
model1,45,smc,0.3147449832355832,7,00 1 10,3,-6880.083555128087,0,6
model1,45,smc,9.757475367821101,8,0 1,2,-6928.4000715962975,0,6
model1,46,smc,0.0,0,000000 000010 000100 001000 001010 1 10000 100000 100010 10010 100100 10100 101000 101010,14,-6771.58683006007,0,8
model1,46,smc,0.008009374141693115,1,00000 000010 000100 001000 001010 1 10000 100010 10010 100100 10100 101000 101010,13,-6771.626488767926,0,8
model1,46,smc,0.04417763826985999,2,0000 000010 000100 001000 001010 1 100010 10010 100100 10100 101000 101010,12,-6771.8452430684665,0,8
model1,46,smc,0.04698253401536376,3,0000 000100 0010 001000 001010 1 100100 10100 101000 101010,10,-6772.310533520025,0,8
model1,46,smc,0.05133326422888869,4,0000 0010 00100 001000 001010 1 10100 101000 101010,9,-6772.564706458481,0,8
model1,46,smc,0.05747563725018797,5,0000 0010 001000 001010 1 100 101000 101010,8,-6772.849307360379,0,8
model1,46,smc,0.07354096736497387,6,0000 0010 001010 1 100 1000 101010,7,-6773.21346035275,0,8
model1,46,smc,0.10158082796816986,7,000 0010 001010 1 100 101010,6,-6773.71644594311,0,8
model1,46,smc,0.24068470371874912,8,000 1 10 100,4,-6776.100044552813,1,8
model1,46,smc,0.5832501565222207,9,00 1 10,3,-6778.988141246638,0,8
model1,46,smc,11.311619444558518,10,0 1,2,-6835.000371648512,0,8
model1,47,smc,0.0,0,000000 000010 000100 001000 001010 1 10000 100000 100010 10010 100100 10100 101000 101010,14,-6775.995294519127,0,8
model1,47,smc,0.00043213367462158203,1,000000 00010 000100 001000 001010 1 10000 100000 10010 100100 10100 101000 101010,13,-6775.997433057517,0,8
model1,47,smc,0.0020340071185120934,2,000000 00010 000100 001010 1 1000 10000 100000 10010 100100 10100 101010,12,-6776.007489211732,0,8
model1,47,smc,0.03625065931549025,3,00000 00010 000100 001010 1 1000 10000 10010 100100 10100 101010,11,-6776.186992260988,0,8
model1,47,smc,0.08768573837521157,4,0000 00010 000100 001010 1 1000 10010 100100 10100 101010,10,-6776.621181418479,0,8
model1,47,smc,0.14723523455216114,5,0000 00010 001010 1 100 1000 10010 101010,8,-6778.07925768669,0,8
model1,47,smc,0.15331404908319243,6,0000 0010 001010 1 100 1000 101010,7,-6778.838428611427,0,8
model1,47,smc,0.22490753613399522,7,00 0010 001010 1 101010,5,-6781.065797529713,0,8
model1,47,smc,0.3126358962687211,8,00 1 10,3,-6784.1619386048205,1,8
model1,47,smc,13.18270537813248,9,0 1,2,-6849.439317293889,0,8
model1,48,smc,0.0,0,000000 000010 000100 001000 001010 1 10000 100000 100010 10010 100100 10100 101000 101010,14,-6644.133159004176,0,8
model1,48,smc,0.010583549737930298,1,000000 00010 000100 001000 001010 1 10000 100000 10010 100100 10100 101000 101010,13,-6644.185564690538,0,8
model1,48,smc,0.014904795013981342,2,000000 00010 00100 001000 001010 1 10000 100000 10010 10100 101000 101010,12,-6644.259350389646,0,8
model1,48,smc,0.02298098362599845,3,00000 00010 00100 001000 001010 1 10000 10010 10100 101000 101010,11,-6644.373132202302,0,8
model1,48,smc,0.03707683421257639,4,00000 0010 00100 001000 001010 1 10000 10100 101000 101010,10,-6644.5567075943545,0,8
model1,48,smc,0.04197150268021611,5,00000 0010 001000 001010 1 100 10000 101000 101010,9,-6644.764536789216,0,8
model1,48,smc,0.11842294266345732,6,00000 001000 1 10 100 10000 101000,7,-6645.937307343028,0,8
model1,48,smc,0.20522399501697566,7,000 1 10 100,4,-6648.985906550048,0,8
model1,48,smc,0.4517444379876829,8,00 1 10,3,-6651.222824129077,1,8
model1,48,smc,13.999415774731848,9,0 1,2,-6720.5443192288985,0,8
model1,49,smc,0.0,0,000000 000010 000100 001000 001010 1 10000 100000 100010 10010 100100 10100 101000 101010,14,-6760.70602142078,0,7
model1,49,smc,0.0117570161819458,1,000000 000010 000100 001000 1 10000 100000 100010 10010 100100 1010 10100 101000,13,-6760.76422061478,0,7
model1,49,smc,0.041633141850905275,2,000000 00010 000100 001000 1 10000 100000 10010 100100 1010 10100 101000,12,-6760.970373107624,0,7
model1,49,smc,0.04528362235614067,3,000000 00010 000100 1 1000 10000 100000 10010 100100 1010 10100,11,-6761.194588816186,0,7
model1,49,smc,0.06305909763876588,4,000000 00010 00100 1 1000 10000 100000 10010 1010 10100,10,-6761.5068101194565,0,7
model1,49,smc,0.0662363695010173,5,000000 00100 1 10 1000 10000 100000 10100,8,-6762.162774804792,0,7
model1,49,smc,0.14396542910364485,6,000 00100 1 10 10100,5,-6764.301362203995,0,7
model1,49,smc,0.30309380181120005,7,00 1 10,3,-6767.303022131322,1,7
model1,49,smc,10.93984111265154,8,0 1,2,-6821.4742820662805,0,7
model1,50,smc,0.0,0,000000 000010 000100 001000 001010 1 10000 100000 100010 10010 100100 10100 101000 101010,14,-6747.624307056847,0,5
model1,50,smc,0.028930604457855225,1,00000 000010 000100 001000 001010 1 10000 100010 10010 100100 10100 101000 101010,13,-6747.767552155254,0,5
model1,50,smc,0.044471616309271766,2,00000 000010 00100 001000 001010 1 10000 100010 10010 10100 101000 101010,12,-6747.9877293007585,0,5
model1,50,smc,0.10559074291018994,3,00000 00100 001000 1 10 10000 10100 101000,8,-6750.07914035704,0,5
model1,50,smc,0.1811385736510799,4,000 00100 1 10 10100,5,-6752.769985377988,0,5
model1,50,smc,0.39768200205035054,5,000 1 10 100,4,-6754.739196311233,1,5
model1,50,smc,0.6815020168155211,6,00 1 10,3,-6758.113816224593,0,5
model1,50,smc,8.680673630087497,7,0 1,2,-6801.098271472225,0,5
model1,51,smc,0.0,0,000000 000010 000100 001000 001010 1 10000 100000 100010 10010 100100 10100 101000 101010,14,-6649.290240316988,0,6
model1,51,smc,0.004656612873077393,1,000000 00010 000100 001000 001010 1 10000 100000 10010 100100 10100 101000 101010,13,-6649.313282860801,0,6
model1,51,smc,0.03209312039648138,2,000000 00010 000100 001010 1 1000 10000 100000 10010 100100 10100 101010,12,-6649.472194533463,0,6
model1,51,smc,0.03595413595085515,3,000000 000100 1 10 1000 10000 100000 100100 10100,9,-6650.00630068503,0,6
model1,51,smc,0.1318511131126507,4,000000 1 10 100 1000 10000 100000,7,-6651.312066715786,0,6
model1,51,smc,0.14200357653287526,5,00000 1 10 100 1000 10000,6,-6652.015223007652,0,6
model1,51,smc,0.2067456306512817,6,000 1 10 100,4,-6654.062705945724,1,6
model1,51,smc,0.7393172756445412,7,00 1 10,3,-6657.723613717779,0,6
model1,51,smc,12.01647607627863,8,0 1,2,-6717.226121836878,0,6
model1,52,smc,0.0,0,000000 000010 000100 001000 001010 1 10000 100000 100010 10010 100100 10100 101000 101010,14,-6735.118245160326,0,7
model1,52,smc,0.00408664345741272,1,000000 000010 000100 001010 1 1000 10000 100000 100010 10010 100100 10100 101010,13,-6735.138477341314,0,7
model1,52,smc,0.011246592890257201,2,000000 00010 000100 001010 1 1000 10000 100000 10010 100100 10100 101010,12,-6735.194160883021,0,7
model1,52,smc,0.012162993690441725,3,000000 00010 000100 1 1000 10000 100000 10010 100100 1010 10100,11,-6735.25438145579,0,7
model1,52,smc,0.026467760450494683,4,000000 000100 1 10 1000 10000 100000 100100 10100,9,-6735.516460946036,0,7
model1,52,smc,0.0650373743900802,5,00000 000100 1 10 1000 10000 100100 10100,8,-6735.838507336969,0,7
model1,52,smc,0.07602555130025372,6,00000 1 10 100 1000 10000,6,-6736.591402746239,0,7
model1,52,smc,0.15976106848604021,7,00 1 10,3,-6738.964663489099,1,7
model1,52,smc,9.990539660155832,8,0 1,2,-6788.4352523123,0,7
model1,53,smc,0.0,0,000000 000010 000100 001000 001010 1 10000 100000 100010 10010 100100 10100 101000 101010,14,-6757.583670515934,0,4
model1,53,smc,0.00019383151084184647,1,000000 000010 000100 001010 1 1000 10000 100000 100010 10010 100100 10100 101010,13,-6757.584630040131,0,4
model1,53,smc,0.06148973431957007,2,000 000010 000100 001010 1 100010 10010 100100 10100 101010,10,-6758.498061683878,0,4
model1,53,smc,0.1098976531260394,3,000 000100 1 10 100100 10100,6,-6760.67477203363,0,4
model1,53,smc,0.12174147248694424,4,000 1 10 100,4,-6761.880366961132,1,4
model1,53,smc,0.6057474226189676,5,00 1 10,3,-6764.879861722861,0,4
model1,53,smc,10.059899794561128,6,0 1,2,-6814.693882700734,0,4
model1,54,smc,0.0,0,000000 000010 000100 001000 001010 1 10000 100000 100010 10010 100100 10100 101000 101010,14,-6767.6742007842395,0,7
model1,54,smc,0.0011473894119262695,1,00000 000010 000100 001000 001010 1 10000 100010 10010 100100 10100 101000 101010,13,-6767.6798795231225,0,7
model1,54,smc,0.00426545023646252,2,00000 000010 000100 001000 1 10000 100010 10010 100100 1010 10100 101000,12,-6767.7009978952065,0,7
model1,54,smc,0.029358791616277913,3,00000 000010 000100 1 1000 10000 100010 10010 100100 1010 10100,11,-6767.846370532786,0,7
model1,54,smc,0.033277566895734426,4,0000 000010 000100 1 1000 100010 10010 100100 1010 10100,10,-6768.011151427647,0,7
model1,54,smc,0.04810323549357984,5,000 000010 000100 1 100010 10010 100100 1010 10100,9,-6768.24931276112,0,7
model1,54,smc,0.0906121583526864,6,000 000100 1 10 100100 10100,6,-6769.595333117497,0,7
model1,54,smc,0.5683238527854366,7,000 1 10 100,4,-6775.223695108883,1,7
model1,54,smc,1.1343560005566284,8,00 1 10,3,-6780.840718952718,0,7
model1,54,smc,8.857143956345446,9,0 1,2,-6824.699015333852,0,7
model1,55,smc,0.0,0,000000 000010 000100 001000 001010 1 10000 100000 100010 10010 100100 10100 101000 101010,14,-6713.027976825292,0,6
model1,55,smc,0.03593415021896362,1,000000 000010 000100 001010 1 1000 10000 100000 100010 10010 100100 10100 101010,13,-6713.205912882459,0,6
model1,55,smc,0.03817288878243952,2,000000 000010 001010 1 100 1000 10000 100000 100010 10010 101010,11,-6713.583950537349,0,6
model1,55,smc,0.044732624151696064,3,000000 0010 001010 1 100 1000 10000 100000 101010,9,-6714.026956026043,0,6
model1,55,smc,0.04801058632440359,4,000000 1 10 100 1000 10000 100000,7,-6714.502391114022,0,6
model1,55,smc,0.10882383581680795,5,0000 1 10 100 1000,5,-6715.580102217893,0,6
model1,55,smc,0.45669766986119764,6,000 1 10 100,4,-6717.841543323766,1,6
model1,55,smc,0.838996010717989,7,00 1 10,3,-6721.996035691682,0,6
model1,55,smc,9.069363847256131,8,0 1,2,-6766.905196480167,0,6
model1,56,smc,0.0,0,000000 000010 000100 001000 001010 1 10000 100000 100010 10010 100100 10100 101000 101010,14,-6785.581419799731,0,8
model1,56,smc,0.0008046627044677734,1,000000 000010 000100 001000 1 10000 100000 100010 10010 100100 1010 10100 101000,13,-6785.585368729694,0,8
model1,56,smc,0.0009611246452045918,2,000000 000010 000100 1 1000 10000 100000 100010 10010 100100 1010 10100,12,-6785.590112043453,0,8
model1,56,smc,0.02282853666247799,3,000000 000010 1 100 1000 10000 100000 100010 10010 1010,10,-6785.816194097047,0,8
model1,56,smc,0.038526193238414844,4,00000 000010 1 100 1000 10000 100010 10010 1010,9,-6786.006959283196,0,8
model1,56,smc,0.04701943347469368,5,00000 0010 1 100 1000 10000 1010,7,-6786.472614597463,0,8
model1,56,smc,0.09139091847337023,6,0000 0010 1 100 1000 1010,6,-6786.9251553155755,0,8
model1,56,smc,0.20509579371936487,7,0000 1 10 100 1000,5,-6787.940730048829,0,8
model1,56,smc,0.3830618375330894,8,00 1 10,3,-6791.7343205562065,1,8
model1,56,smc,8.477648394025914,9,0 1,2,-6833.713427620141,0,8
model1,57,smc,0.0,0,000000 000010 000100 001000 001010 1 10000 100000 100010 10010 100100 10100 101000 101010,14,-6655.398667110119,0,5
model1,57,smc,0.006198999471962452,1,000000 000010 000100 001010 1 1000 10000 100000 100010 10010 100100 10100 101010,13,-6655.429362904763,0,5
model1,57,smc,0.018380547719238152,2,000000 000010 000100 1 1000 10000 100000 100010 10010 100100 1010 10100,12,-6655.520365224979,0,5
model1,57,smc,0.018946771028850028,3,000000 000010 1 100 1000 10000 100000 100010 10010 1010,10,-6655.707998724949,0,5
model1,57,smc,0.13502241804482948,4,000 000010 1 100 100010 10010 1010,7,-6657.713739759769,0,5
model1,57,smc,0.510951675595088,5,000 1 10 100,4,-6665.303942351677,1,5
model1,57,smc,0.7863126065734567,6,00 1 10,3,-6669.197560636974,0,5
model1,57,smc,11.569202073291102,7,0 1,2,-6726.4852847886905,0,5
model1,58,smc,0.0,0,000000 000010 000100 001000 001010 1 10000 100000 100010 10010 100100 10100 101000 101010,14,-6829.359977542713,0,6
model1,58,smc,0.0027939677238464355,1,000000 000010 001000 001010 1 100 10000 100000 100010 10010 101000 101010,12,-6829.387647409762,0,6
model1,58,smc,0.007517609426743732,2,0000 000010 001000 001010 1 100 100010 10010 101000 101010,10,-6829.462052414218,0,6
model1,58,smc,0.06737467396483315,3,000 000010 001010 1 100 100010 10010 101010,8,-6830.1292552517,0,6
model1,58,smc,0.0839723307099452,4,000 00010 001010 1 100 10010 101010,7,-6830.545051796509,0,6
model1,58,smc,0.14145135567893055,5,000 00010 1 100 10010 1010,6,-6831.245467850153,0,6
model1,58,smc,0.1843564211681698,6,000 1 10 100,4,-6833.071239207038,1,6
model1,58,smc,1.8083267184420135,7,00 1 10,3,-6842.025581292926,0,6
model1,58,smc,12.480161256401015,8,0 1,2,-6903.824139448057,0,6
model1,59,smc,0.0,0,000000 000010 000100 001000 001010 1 10000 100000 100010 10010 100100 10100 101000 101010,14,-6721.4161276642335,0,7
model1,59,smc,0.00017974525690078735,1,000000 000010 00100 001000 001010 1 10000 100000 100010 10010 10100 101000 101010,13,-6721.4170163141625,0,7
model1,59,smc,0.0015282998601512388,2,000000 000010 00100 001010 1 1000 10000 100000 100010 10010 10100 101010,12,-6721.424571399211,0,7
model1,59,smc,0.009813320159862398,3,000000 00010 00100 001010 1 1000 10000 100000 10010 10100 101010,11,-6721.473133468422,0,7
model1,59,smc,0.12156983566573659,4,000000 00100 1 10 1000 10000 100000 10100,8,-6723.279042820943,0,7
model1,59,smc,0.14475040499665848,5,00000 00100 1 10 1000 10000 10100,7,-6723.995778131106,0,7
model1,59,smc,0.2581526550345064,6,000 00100 1 10 10100,5,-6726.552375292993,0,7
model1,59,smc,0.2669844813481083,7,000 1 10 100,4,-6727.874401316326,1,7
model1,59,smc,0.9874171828445195,8,00 1 10,3,-6732.76383032269,0,7
model1,59,smc,7.093929570111809,9,0 1,2,-6767.891122476614,0,7
model1,60,smc,0.0,0,000000 000010 000100 001000 001010 1 10000 100000 100010 10010 100100 10100 101000 101010,14,-6762.858371392344,0,7
model1,60,smc,0.00877678394317627,1,000000 000010 001000 001010 1 100 10000 100000 100010 10010 101000 101010,12,-6762.945252289837,0,7
model1,60,smc,0.008808448354880039,2,000000 000010 001010 1 100 1000 10000 100000 100010 10010 101010,11,-6762.98886542938,0,7
model1,60,smc,0.03339679379190484,3,000000 00010 001010 1 100 1000 10000 100000 10010 101010,10,-6763.1542365250125,0,7
model1,60,smc,0.048118215896808224,4,000000 0010 001010 1 100 1000 10000 100000 101010,9,-6763.39250556592,0,7
model1,60,smc,0.14510053997646263,5,000000 0010 1 100 1000 10000 100000 1010,8,-6764.1109816971275,0,7
model1,60,smc,0.20239749875222485,6,000 0010 1 100 1010,5,-6767.117633753353,0,7
model1,60,smc,0.4014485588633131,7,000 1 10 100,4,-6769.10550061032,1,7
model1,60,smc,1.0881681072546583,8,00 1 10,3,-6774.493814810021,0,7
model1,60,smc,7.400427759660843,9,0 1,2,-6811.138827256029,0,7
model1,61,smc,0.0,0,000000 000010 000100 001000 001010 1 10000 100000 100010 10010 100100 10100 101000 101010,14,-6802.532953491545,0,8
model1,61,smc,0.0012367963790893555,1,000000 00010 000100 001000 001010 1 10000 100000 10010 100100 10100 101000 101010,13,-6802.539072888884,0,8
model1,61,smc,0.010717636736878866,2,000000 00010 000100 001000 1 10000 100000 10010 100100 1010 10100 101000,12,-6802.592135286095,0,8
model1,61,smc,0.015016529591384685,3,00000 00010 000100 001000 1 10000 10010 100100 1010 10100 101000,11,-6802.6664904778445,0,8
model1,61,smc,0.03452156378069132,4,00000 000100 001000 1 10 10000 100100 10100 101000,9,-6803.0083363830145,0,8
model1,61,smc,0.04464620372683646,5,00000 000100 1 10 1000 10000 100100 10100,8,-6803.229395550826,0,8
model1,61,smc,0.1365111094963909,6,00000 00100 1 10 1000 10000 10100,7,-6803.905345945066,0,8
model1,61,smc,0.14552385066807144,7,00000 1 10 100 1000 10000,6,-6804.625913103884,0,8
model1,61,smc,0.27674997544346525,8,000 1 10 100,4,-6807.366671743946,1,8
model1,61,smc,0.384812955087352,9,00 1 10,3,-6809.272145239147,0,8
model1,61,smc,8.757812119868259,10,0 1,2,-6852.638586765803,0,8
model1,62,smc,0.0,0,000000 000010 000100 001000 001010 1 10000 100000 100010 10010 100100 10100 101000 101010,14,-6748.368120117888,0,5
model1,62,smc,0.0002980232238769531,1,000000 000010 00100 001000 001010 1 10000 100000 100010 10010 10100 101000 101010,13,-6748.36959546141,0,5
model1,62,smc,0.002205370719821076,2,000000 000010 00100 001010 1 1000 10000 100000 100010 10010 10100 101010,12,-6748.380497187754,0,5
model1,62,smc,0.10037751294134206,3,000000 0010 00100 001010 1 1000 10000 100000 10100 101010,10,-6749.374567050576,0,5
model1,62,smc,0.11134442811973894,4,000000 00100 1 10 1000 10000 100000 10100,8,-6750.477258099711,0,5
model1,62,smc,0.22202422727137983,5,000000 1 10 100 1000 10000 100000,7,-6751.576658753028,1,5
model1,62,smc,0.4967392033780297,6,000 1 10 100,4,-6758.955802112162,0,5
model1,62,smc,1.6527616022090657,7,00 1 10,3,-6767.139846132176,0,5
model1,62,smc,7.70939818938467,8,0 1,2,-6805.314795246413,0,5
model1,63,smc,0.0,0,000000 000010 000100 001000 001010 1 10000 100000 100010 10010 100100 10100 101000 101010,14,-6831.509850610621,0,7
model1,63,smc,0.0010058283805847168,1,000000 00010 000100 001000 001010 1 10000 100000 10010 100100 10100 101000 101010,13,-6831.514827829495,0,7
model1,63,smc,0.0012964004393323236,2,000000 000100 0010 001000 001010 1 10000 100000 100100 10100 101000 101010,12,-6831.52123133468,0,7
model1,63,smc,0.015795192688367342,3,000000 0010 00100 001000 001010 1 10000 100000 10100 101000 101010,11,-6831.599421439046,0,7
model1,63,smc,0.019654471517616894,4,000000 0010 001000 001010 1 100 10000 100000 101000 101010,10,-6831.69673128225,0,7
model1,63,smc,0.09246054571357872,5,000000 0010 001010 1 100 1000 10000 100000 101010,9,-6832.15457211514,0,7
model1,63,smc,0.13075689744938646,6,000000 1 10 100 1000 10000 100000,7,-6833.449510160017,0,7
model1,63,smc,0.22988329433205076,7,000 1 10 100,4,-6836.864427209892,1,7
model1,63,smc,2.3604398879934267,8,00 1 10,3,-6848.552704577125,0,7
model1,63,smc,9.183404346402348,9,0 1,2,-6894.026563602092,0,7
model1,64,smc,0.0,0,000000 000010 000100 001000 001010 1 10000 100000 100010 10010 100100 10100 101000 101010,14,-6841.375871989644,0,8
model1,64,smc,0.0008195638656616211,1,000000 000010 000100 001000 1 10000 100000 100010 10010 100100 1010 10100 101000,13,-6841.379908638341,0,8
model1,64,smc,0.013522782961183921,2,000000 000010 00100 001000 1 10000 100000 100010 10010 1010 10100 101000,12,-6841.446853057854,0,8
model1,64,smc,0.01934152903184468,3,000000 00010 00100 001000 1 10000 100000 10010 1010 10100 101000,11,-6841.542614908994,0,8
model1,64,smc,0.03470403193112094,4,0000 00010 00100 001000 1 10010 1010 10100 101000,9,-6841.88624254826,0,8
model1,64,smc,0.14679861810676476,5,0000 0010 00100 001000 1 1010 10100 101000,8,-6842.613149812199,0,8
model1,64,smc,0.15382990121870221,6,000 0010 00100 1 1010 10100,6,-6844.136588193809,0,8
model1,64,smc,0.1734347271992352,7,000 0010 1 100 1010,5,-6844.995391112547,0,8
model1,64,smc,0.36485567800055196,8,000 1 10 100,4,-6846.802059044197,1,8
model1,64,smc,1.5149814958785373,9,00 1 10,3,-6854.303823986016,0,8
model1,64,smc,10.446950261892638,10,0 1,2,-6906.034429462424,0,8
model1,65,smc,0.0,0,000000 000010 000100 001000 001010 1 10000 100000 100010 10010 100100 10100 101000 101010,14,-6718.042896737792,0,7
model1,65,smc,0.0023171305656433105,1,000000 000010 000100 001000 1 10000 100000 100010 10010 100100 1010 10100 101000,13,-6718.054362229133,0,7
model1,65,smc,0.019006353760175898,2,00000 000010 000100 001000 1 10000 100010 10010 100100 1010 10100 101000,12,-6718.148452253553,0,7
model1,65,smc,0.026829166009367772,3,00000 000010 000100 1 1000 10000 100010 10010 100100 1010 10100,11,-6718.28127999771,0,7
model1,65,smc,0.040686502318193124,4,00000 000010 1 100 1000 10000 100010 10010 1010,9,-6718.684173191581,0,7
model1,65,smc,0.08418690237731145,5,000 000010 1 100 100010 10010 1010,7,-6719.517910160101,0,7
model1,65,smc,0.10220309758479702,6,000 0010 1 100 1010,5,-6720.530061465849,0,7
model1,65,smc,0.1408674313279816,7,000 1 10 100,4,-6721.227598583675,1,7
model1,65,smc,0.9986643557869999,8,00 1 10,3,-6726.172696326403,0,7
model1,65,smc,9.150005606020919,9,0 1,2,-6771.481179216865,0,7
model1,66,smc,0.0,0,000000 000010 000100 001000 001010 1 10000 100000 100010 10010 100100 10100 101000 101010,14,-6765.004692465153,0,6
model1,66,smc,0.005297362804412842,1,000000 000010 000100 001010 1 1000 10000 100000 100010 10010 100100 10100 101010,13,-6765.03091263863,0,6
model1,66,smc,0.03477899787329708,2,000000 000010 001010 1 100 1000 10000 100000 100010 10010 101010,11,-6765.375318174517,0,6
model1,66,smc,0.04716100149811682,3,000 000010 001010 1 100 100010 10010 101010,8,-6766.075807149868,0,6
model1,66,smc,0.17500090528808848,4,000 0010 001010 1 100 101010,6,-6767.808868251346,0,6
model1,66,smc,0.29294700381933253,5,000 1 10 100,4,-6770.710065000081,0,6
model1,66,smc,0.3795688269439882,6,00 1 10,3,-6772.589590981234,1,6
model1,66,smc,9.872219913500977,7,0 1,2,-6821.4742820662805,0,6
model1,67,smc,0.0,0,000000 000010 000100 001000 001010 1 10000 100000 100010 10010 100100 10100 101000 101010,14,-6714.824956002468,0,7
model1,67,smc,0.0006742775440216064,1,000000 00010 000100 001000 001010 1 10000 100000 10010 100100 10100 101000 101010,13,-6714.828294149333,0,7
model1,67,smc,0.028040223171987844,2,000000 00010 00100 001000 001010 1 10000 100000 10010 10100 101000 101010,12,-6714.967131977043,0,7
model1,67,smc,0.05849835109615621,3,000000 00010 001000 001010 1 100 10000 100000 10010 101000 101010,11,-6715.256796835344,0,7
model1,67,smc,0.08154775044378501,4,00000 00010 001000 001010 1 100 10000 10010 101000 101010,10,-6715.660563586025,0,7
model1,67,smc,0.12007959318606166,5,0000 00010 001000 001010 1 100 10010 101000 101010,9,-6716.255164577049,0,7
model1,67,smc,0.13312987549381672,6,000 00010 001010 1 100 10010 101010,7,-6717.573592337566,0,7
model1,67,smc,0.26144033516906173,7,000 1 10 100,4,-6721.457345124388,1,7
model1,67,smc,0.589474248718775,8,00 1 10,3,-6724.376259621224,0,7
model1,67,smc,10.896995294824002,9,0 1,2,-6778.3353802532765,0,7
model1,68,smc,0.0,0,000000 000010 000100 001000 001010 1 10000 100000 100010 10010 100100 10100 101000 101010,14,-6729.512253181872,0,8
model1,68,smc,0.0011343508958816528,1,000000 000010 000100 001010 1 1000 10000 100000 100010 10010 100100 10100 101010,13,-6729.517867060777,0,8
model1,68,smc,0.001164153150656766,2,00000 000010 000100 001010 1 1000 10000 100010 10010 100100 10100 101010,12,-6729.523629122117,0,8
model1,68,smc,0.0031087501588258756,3,00000 000010 00100 001010 1 1000 10000 100010 10010 10100 101010,11,-6729.539019667762,0,8
model1,68,smc,0.024268267493965823,4,0000 000010 00100 001010 1 1000 100010 10010 10100 101010,10,-6729.65917901809,0,8
model1,68,smc,0.02586261435387923,5,00 000010 001010 1 100010 10010 101010,7,-6730.043294729732,0,8
model1,68,smc,0.15010579483912373,6,00 000010 1 100010 10010 1010,6,-6730.786573557865,0,8
model1,68,smc,0.15055269546990047,7,00 0010 1 1010,4,-6732.277502642488,0,8
model1,68,smc,0.1868859170283331,8,00 1 10,3,-6733.202913336886,1,8
model1,68,smc,11.613793204636998,9,0 1,2,-6790.711435629732,0,8
model1,69,smc,0.0,0,000000 000010 000100 001000 001010 1 10000 100000 100010 10010 100100 10100 101000 101010,14,-6713.310342248932,0,7
model1,69,smc,0.005947425961494446,1,000000 000010 000100 001000 1 10000 100000 100010 10010 100100 1010 10100 101000,13,-6713.3397922989525,0,7
model1,69,smc,0.03494474072185394,2,000000 000100 001000 1 10 10000 100000 100100 10100 101000,10,-6713.858892689395,0,7
model1,69,smc,0.03655395365587119,3,000000 00100 001000 1 10 10000 100000 10100 101000,9,-6714.039868050869,0,7
model1,69,smc,0.0526762969719444,4,000000 00100 1 10 1000 10000 100000 10100,8,-6714.3007064245685,0,7
model1,69,smc,0.09026982831582775,5,000000 1 10 100 1000 10000 100000,7,-6714.74769553639,0,7
model1,69,smc,0.1242010958892443,6,0000 1 10 100 1000,5,-6715.977696722573,0,7
model1,69,smc,0.37871115980427916,7,000 1 10 100,4,-6717.852974596433,1,7
model1,69,smc,1.792266526640921,8,00 1 10,3,-6726.727808826791,0,7
model1,69,smc,13.642714077796771,9,0 1,2,-6794.283018028382,0,7
model1,70,smc,0.0,0,000000 000010 000100 001000 001010 1 10000 100000 100010 10010 100100 10100 101000 101010,14,-6786.894256352724,0,6
model1,70,smc,0.013131648302078247,1,000000 00010 000100 001000 001010 1 10000 100000 10010 100100 10100 101000 101010,13,-6786.959273389256,0,6
model1,70,smc,0.023606889499760975,2,000000 00010 00100 001000 001010 1 10000 100000 10010 10100 101000 101010,12,-6787.076139914348,0,6
model1,70,smc,0.09296106964898311,3,0000 00010 00100 001000 001010 1 10010 10100 101000 101010,10,-6787.99674271776,0,6
model1,70,smc,0.09437641676910075,4,0000 00100 001000 1 10 10100 101000,7,-6789.3986531081155,0,6
model1,70,smc,0.19129017413530852,5,0000 001000 1 10 100 101000,6,-6790.345862821267,0,6
model1,70,smc,0.2273669789877418,6,000 1 10 100,4,-6792.597578783502,1,6
model1,70,smc,1.3915437713044019,7,00 1 10,3,-6799.488145809945,0,6
model1,70,smc,9.18150590646503,8,0 1,2,-6844.952601338731,0,6
model1,71,smc,0.0,0,000000 000010 000100 001000 001010 1 10000 100000 100010 10010 100100 10100 101000 101010,14,-6817.556096533004,0,7
model1,71,smc,0.0007897615432739258,1,000000 00010 000100 001000 001010 1 10000 100000 10010 100100 10100 101000 101010,13,-6817.559989944364,0,7
model1,71,smc,0.0019073468675578908,2,000000 00010 00100 001000 001010 1 10000 100000 10010 10100 101000 101010,12,-6817.56940894213,0,7
model1,71,smc,0.017672948100122696,3,000000 00010 001000 001010 1 100 10000 100000 10010 101000 101010,11,-6817.656920406379,0,7
model1,71,smc,0.027194453544952285,4,000000 001000 1 10 100 10000 100000 101000,8,-6818.0608199813305,0,7
model1,71,smc,0.032536229283799664,5,000000 1 10 100 1000 10000 100000,7,-6818.221929730121,0,7
model1,71,smc,0.08275732486483048,6,00000 1 10 100 1000 10000,6,-6818.63170587383,0,7
model1,71,smc,0.15263592830705391,7,000 1 10 100,4,-6820.143325335678,1,7
model1,71,smc,0.43071843820644157,8,00 1 10,3,-6822.2761303404695,0,7
model1,71,smc,9.742472291170133,9,0 1,2,-6870.518337214737,0,7
model1,72,smc,0.0,0,000000 000010 000100 001000 001010 1 10000 100000 100010 10010 100100 10100 101000 101010,14,-6693.921363173847,0,7
model1,72,smc,0.0009685754776000977,1,000000 000100 0010 001000 001010 1 10000 100000 100100 10100 101000 101010,12,-6693.930884828368,0,7
model1,72,smc,0.001356004918129372,2,000000 000100 0010 001010 1 1000 10000 100000 100100 10100 101010,11,-6693.937571245041,0,7
model1,72,smc,0.0031217877307669756,3,000000 000100 0010 1 1000 10000 100000 100100 1010 10100,10,-6693.953014678749,0,7
model1,72,smc,0.04410717569748465,4,000000 0010 00100 1 1000 10000 100000 1010 10100,9,-6694.171416524465,0,7
model1,72,smc,0.07493588975519196,5,000000 0010 1 100 1000 10000 100000 1010,8,-6694.542478031226,0,7
model1,72,smc,0.1233313324047979,6,000000 1 10 100 1000 10000 100000,7,-6695.1531746557885,0,7
model1,72,smc,0.14166268847708888,7,000 1 10 100,4,-6697.257555474027,1,7
model1,72,smc,0.9167206472481959,8,00 1 10,3,-6701.796901450066,0,7
model1,72,smc,9.177458926657582,9,0 1,2,-6747.24132586783,0,7
model1,73,smc,0.0,0,000000 000010 000100 001000 001010 1 10000 100000 100010 10010 100100 10100 101000 101010,14,-6768.260721910208,0,6
model1,73,smc,0.03870576620101929,1,00000 000010 000100 001000 001010 1 10000 100010 10010 100100 10100 101000 101010,13,-6768.452375337186,0,6
model1,73,smc,0.04049562962263331,2,0000 000010 000100 001000 001010 1 100010 10010 100100 10100 101000 101010,12,-6768.652896532208,0,6
model1,73,smc,0.10531788093546515,3,0000 000100 0010 001000 001010 1 100100 10100 101000 101010,10,-6769.695888753979,0,6
model1,73,smc,0.13152350247146477,4,000 000100 0010 001010 1 100100 10100 101010,8,-6770.998417421879,0,6
model1,73,smc,0.3296940573659233,5,000 0010 001010 1 100 101010,6,-6774.263513366568,0,6
model1,73,smc,0.34648031535931845,6,000 1 10 100,4,-6777.694870800729,1,6
model1,73,smc,1.5567850703224804,7,00 1 10,3,-6785.403671153041,0,6
model1,73,smc,12.931940500702584,8,0 1,2,-6849.439317293889,0,6
model1,74,smc,0.0,0,000000 000010 000100 001000 001010 1 10000 100000 100010 10010 100100 10100 101000 101010,14,-6797.881017343793,0,7
model1,74,smc,0.004455447196960449,1,000000 000010 000100 001010 1 1000 10000 100000 100010 10010 100100 10100 101010,13,-6797.9030643068145,0,7
model1,74,smc,0.012494552024788774,2,000000 00010 000100 001010 1 1000 10000 100000 10010 100100 10100 101010,12,-6797.964930940996,0,7
model1,74,smc,0.015460274651048468,3,0000 00010 000100 001010 1 1000 10010 100100 10100 101010,10,-6798.118039790426,0,7
model1,74,smc,0.020824526810081456,4,0000 00010 001010 1 100 1000 10010 101010,8,-6798.324223072388,0,7
model1,74,smc,0.08441258371212759,5,000 00010 001010 1 100 10010 101010,7,-6798.742209839226,0,7
model1,74,smc,0.10233937891338889,6,000 0010 001010 1 100 101010,6,-6799.248962998098,0,7
model1,74,smc,0.11322244917616979,7,000 1 10 100,4,-6800.370239755922,1,7
model1,74,smc,0.8389718625497227,8,00 1 10,3,-6804.52460894738,0,7
model1,74,smc,9.329628231747645,9,0 1,2,-6850.722502609413,0,7
model1,75,smc,0.0,0,000000 000010 000100 001000 001010 1 10000 100000 100010 10010 100100 10100 101000 101010,14,-6766.118618617622,0,7
model1,75,smc,0.009194016456604004,1,000000 000100 0010 001000 001010 1 10000 100000 100100 10100 101000 101010,12,-6766.209612911685,0,7
model1,75,smc,0.01136954598646156,2,000000 0010 001000 001010 1 100 10000 100000 101000 101010,10,-6766.322185227132,0,7
model1,75,smc,0.012949265981437969,3,00000 0010 001000 001010 1 100 10000 101000 101010,9,-6766.386306585193,0,7
model1,75,smc,0.014089175290025055,4,00000 0010 001010 1 100 1000 10000 101010,8,-6766.456067971018,0,7
model1,75,smc,0.030884173331961844,5,00000 1 10 100 1000 10000,6,-6766.761923591033,0,7
model1,75,smc,0.08069567823863262,6,0000 1 10 100 1000,5,-6767.161503151141,0,7
model1,75,smc,0.21259809223230816,7,000 1 10 100,4,-6768.214225631663,1,7
model1,75,smc,0.8668905295861417,8,00 1 10,3,-6772.506841929446,0,7
model1,75,smc,11.645837985308809,9,0 1,2,-6830.17404081588,0,7
model1,76,smc,0.0,0,000000 000010 000100 001000 001010 1 10000 100000 100010 10010 100100 10100 101000 101010,14,-6745.806052809482,0,6
model1,76,smc,0.0022202730178833008,1,000000 000010 000100 001000 1 10000 100000 100010 10010 100100 1010 10100 101000,13,-6745.817027890422,0,6
model1,76,smc,0.011540907955742696,2,000000 000010 000100 1 1000 10000 100000 100010 10010 100100 1010 10100,12,-6745.874167004043,0,6
model1,76,smc,0.01915522556946462,3,000000 000010 1 100 1000 10000 100000 100010 10010 1010,10,-6746.0638080819535,0,6
model1,76,smc,0.029026866658876,4,00000 000010 1 100 1000 10000 100010 10010 1010,9,-6746.207523384344,0,6
model1,76,smc,0.05147416277240814,5,00000 1 10 100 1000 10000,6,-6746.972179646078,0,6
model1,76,smc,0.05170510699314408,6,000 1 10 100,4,-6747.48421108352,1,6
model1,76,smc,0.5244775077032069,7,00 1 10,3,-6750.081279396407,0,6
model1,76,smc,10.696404329034419,8,0 1,2,-6803.04712920436,0,6
model1,77,smc,0.0,0,000000 000010 000100 001000 001010 1 10000 100000 100010 10010 100100 10100 101000 101010,14,-6764.93462191481,0,6
model1,77,smc,0.008217990398406982,1,00000 000010 000100 001000 001010 1 10000 100010 10010 100100 10100 101000 101010,13,-6764.9753098672045,0,6
model1,77,smc,0.029012219065260858,2,00000 000010 001000 001010 1 100 10000 100010 10010 101000 101010,11,-6765.2626185663585,0,6
model1,77,smc,0.08337222599882468,3,000 000010 001010 1 100 100010 10010 101010,8,-6766.501121840493,0,6
model1,77,smc,0.08499618173818471,4,000 0010 001010 1 100 101010,6,-6767.342851101203,0,6
model1,77,smc,0.2411971235029451,5,000 0010 1 100 1010,5,-6768.53719028774,0,6
model1,77,smc,0.7707597790613909,6,000 1 10 100,4,-6772.353790491122,1,6
model1,77,smc,1.2329507750962354,7,00 1 10,3,-6778.459011222016,0,6
model1,77,smc,12.52119761810707,8,0 1,2,-6840.4607720994345,0,6
model1,78,smc,0.0,0,000000 000010 000100 001000 001010 1 10000 100000 100010 10010 100100 10100 101000 101010,14,-6708.209889302589,0,6
model1,78,smc,0.01814216375350952,1,000000 000010 000100 001000 1 10000 100000 100010 10010 100100 1010 10100 101000,13,-6708.299706770839,0,6
model1,78,smc,0.02043685931285566,2,000000 000100 0010 001000 1 10000 100000 100100 1010 10100 101000,11,-6708.502036066301,0,6
model1,78,smc,0.03711057714406284,3,000000 0010 001000 1 100 10000 100000 1010 101000,9,-6708.869489710847,0,6
model1,78,smc,0.05674139988648366,4,000000 0010 1 100 1000 10000 100000 1010,8,-6709.150444549581,0,6
model1,78,smc,0.30159929263323815,5,000 0010 1 100 1010,5,-6713.630746405632,0,6
model1,78,smc,0.7151251479015425,6,000 1 10 100,4,-6717.171846590096,1,6
model1,78,smc,0.8673794808226121,7,00 1 10,3,-6721.46687892823,0,6
model1,78,smc,8.913033713863094,8,0 1,2,-6765.601929250577,0,6
model1,79,smc,0.0,0,000000 000010 000100 001000 001010 1 10000 100000 100010 10010 100100 10100 101000 101010,14,-6780.661721044646,0,6
model1,79,smc,0.00013783574104309082,1,000000 000010 000100 001000 1 10000 100000 100010 10010 100100 1010 10100 101000,13,-6780.66239663421,0,6
model1,79,smc,0.016469503907323713,2,000000 00010 000100 001000 1 10000 100000 10010 100100 1010 10100 101000,12,-6780.743946291315,0,6
model1,79,smc,0.030274974999924237,3,000000 000100 001000 1 10 10000 100000 100100 10100 101000,10,-6781.043739727377,0,6
model1,79,smc,0.03577317054482945,4,000000 00100 001000 1 10 10000 100000 10100 101000,9,-6781.220857083554,0,6
model1,79,smc,0.06307014471359385,5,000000 001000 1 10 100 10000 100000 101000,8,-6781.533153067171,0,6
model1,79,smc,0.15930460429065646,6,000 1 10 100,4,-6784.688418552313,1,6
model1,79,smc,1.3828662201872621,7,00 1 10,3,-6791.535992101997,0,6
model1,79,smc,10.334008859810679,8,0 1,2,-6842.707326256618,0,6
model1,80,smc,0.0,0,000000 000010 000100 001000 001010 1 10000 100000 100010 10010 100100 10100 101000 101010,14,-6820.0917650233605,0,7
model1,80,smc,0.023737549781799316,1,00000 000010 000100 001000 001010 1 10000 100010 10010 100100 10100 101000 101010,13,-6820.209296758938,0,7
model1,80,smc,0.0280735818258826,2,00000 000010 000100 001010 1 1000 10000 100010 10010 100100 10100 101010,12,-6820.348291153763,0,7
model1,80,smc,0.04106666482119743,3,0000 000010 000100 001010 1 1000 100010 10010 100100 10100 101010,11,-6820.55162592647,0,7
model1,80,smc,0.04601344400873604,4,000 000010 000100 001010 1 100010 10010 100100 10100 101010,10,-6820.779462016053,0,7
model1,80,smc,0.14979793046214274,5,000 000010 000100 1 100010 10010 100100 1010 10100,9,-6821.521207782996,0,7
model1,80,smc,0.25498723121870215,6,000 000100 1 10 100100 10100,6,-6825.309085163371,0,7
model1,80,smc,0.26428081389558133,7,000 1 10 100,4,-6827.926345742545,1,7
model1,80,smc,1.2187318771637865,8,00 1 10,3,-6833.961173394498,0,7
model1,80,smc,7.4486161151928165,9,0 1,2,-6870.844803285692,0,7
model1,81,smc,0.0,0,000000 000010 000100 001000 001010 1 10000 100000 100010 10010 100100 10100 101000 101010,14,-6783.675596151469,0,5
model1,81,smc,0.020347535610198975,1,000000 000100 0010 001000 001010 1 10000 100000 100100 10100 101000 101010,12,-6783.877095390726,0,5
model1,81,smc,0.07393738091254765,2,000000 000100 0010 001010 1 1000 10000 100000 100100 10100 101010,11,-6784.243203395833,0,5
model1,81,smc,0.11563211400293391,3,000 000100 0010 001010 1 100100 10100 101010,8,-6785.960917967233,0,5
model1,81,smc,0.2288472998165288,4,000 0010 001010 1 100 101010,6,-6788.227277034159,0,5
model1,81,smc,0.2575193717144044,5,000 1 10 100,4,-6790.777615899538,1,5
model1,81,smc,0.5844909747417892,6,00 1 10,3,-6793.671858232413,0,5
model1,81,smc,11.068524424625451,7,0 1,2,-6848.4803192330955,0,5
model1,82,smc,0.0,0,000000 000010 000100 001000 001010 1 10000 100000 100010 10010 100100 10100 101000 101010,14,-6829.344105062884,0,8
model1,82,smc,1.6763806343078613e-05,1,000000 000010 00100 001000 001010 1 10000 100000 100010 10010 10100 101000 101010,13,-6829.344186145929,0,8
model1,82,smc,0.008452683404373829,2,000000 00010 00100 001000 001010 1 10000 100000 10010 10100 101000 101010,12,-6829.38603781333,0,8
model1,82,smc,0.009480846144987202,3,000000 0010 00100 001000 001010 1 10000 100000 10100 101000 101010,11,-6829.432953515434,0,8
model1,82,smc,0.024592199698428466,4,000000 0010 00100 001000 1 10000 100000 1010 10100 101000,10,-6829.554724994556,0,8
model1,82,smc,0.048838921632003165,5,000000 00100 001000 1 10 10000 100000 10100 101000,9,-6829.796555985889,0,8
model1,82,smc,0.06760137601024849,6,000000 00100 1 10 1000 10000 100000 10100,8,-6830.131297432088,0,8
model1,82,smc,0.14130000425088052,7,000 00100 1 10 10100,5,-6832.230304006771,0,8
model1,82,smc,0.38160456884517696,8,000 1 10 100,4,-6834.119909875886,1,8
model1,82,smc,1.3479704541766955,9,00 1 10,3,-6840.79471119035,0,8
model1,82,smc,7.41852823394059,10,0 1,2,-6877.52935519447,0,8
model1,83,smc,0.0,0,000000 000010 000100 001000 001010 1 10000 100000 100010 10010 100100 10100 101000 101010,14,-6731.854412787331,0,6
model1,83,smc,0.038953498005867004,1,000000 000010 000100 001010 1 1000 10000 100000 100010 10010 100100 10100 101010,13,-6732.047299968606,0,6
model1,83,smc,0.05417384830122551,2,000000 000010 000100 1 1000 10000 100000 100010 10010 100100 1010 10100,12,-6732.315541737418,0,6
model1,83,smc,0.07157675163747383,3,000 000010 000100 1 100010 10010 100100 1010 10100,9,-6733.378829616919,0,6
model1,83,smc,0.08427258590641665,4,000 000010 1 100 100010 10010 1010,7,-6734.213421608109,0,6
model1,83,smc,0.30532385113549,5,000 00010 1 100 10010 1010,6,-6735.72530405653,0,6
model1,83,smc,0.3550261075064765,6,000 1 10 100,4,-6739.241278929849,1,6
model1,83,smc,0.6998175010988547,7,00 1 10,3,-6742.7065814550215,0,6
model1,83,smc,7.591809328782185,8,0 1,2,-6780.29925696151,0,6
model1,84,smc,0.0,0,000000 000010 000100 001000 001010 1 10000 100000 100010 10010 100100 10100 101000 101010,14,-6726.988119402591,0,9
model1,84,smc,0.00034319236874580383,1,00000 000010 000100 001000 001010 1 10000 100010 10010 100100 10100 101000 101010,13,-6726.989818255755,0,9
model1,84,smc,0.0006933694164448778,2,00000 000010 000100 001010 1 1000 10000 100010 10010 100100 10100 101010,12,-6726.993246041313,0,9
model1,84,smc,0.0020940766262487827,3,00000 000010 000100 1 1000 10000 100010 10010 100100 1010 10100,11,-6727.003584250338,0,9
model1,84,smc,0.005275461216953232,4,0000 000010 000100 1 1000 100010 10010 100100 1010 10100,10,-6727.029697563282,0,9
model1,84,smc,0.015933404308535428,5,0000 000010 00100 1 1000 100010 10010 1010 10100,9,-6727.108590035393,0,9
model1,84,smc,0.03600835398198081,6,000 000010 00100 1 100010 10010 1010 10100,8,-6727.286885698395,0,9
model1,84,smc,0.058947039552311564,7,000 00010 00100 1 10010 1010 10100,7,-6727.57875797966,0,9
model1,84,smc,0.08682429085690534,8,000 00010 1 100 10010 1010,6,-6728.0086887185,0,9
model1,84,smc,0.1149304500067696,9,000 1 10 100,4,-6729.146893025212,1,9
model1,84,smc,1.413091231750326,10,00 1 10,3,-6736.144155846749,0,9
model1,84,smc,9.640011069233022,11,0 1,2,-6783.878992479931,0,9
model1,85,smc,0.0,0,000000 000010 000100 001000 001010 1 10000 100000 100010 10010 100100 10100 101000 101010,14,-6746.366076498124,0,8
model1,85,smc,0.043369829654693604,1,00000 000010 000100 001000 001010 1 10000 100010 10010 100100 10100 101000 101010,13,-6746.580823470366,0,8
model1,85,smc,0.048674182901997654,2,00000 000010 00100 001000 001010 1 10000 100010 10010 10100 101000 101010,12,-6746.8218316356715,0,8
model1,85,smc,0.06866959451398816,3,0000 000010 00100 001000 001010 1 100010 10010 10100 101000 101010,11,-6747.161861090239,0,8
model1,85,smc,0.09499819254368494,4,000 000010 00100 001010 1 100010 10010 10100 101010,9,-6748.102673646249,0,8
model1,85,smc,0.13841937540763066,5,000 00010 00100 001010 1 10010 10100 101010,8,-6748.788073638225,0,8
model1,85,smc,0.13988673345116787,6,000 00010 001010 1 100 10010 101010,7,-6749.480746448412,0,8
model1,85,smc,0.5384743821882438,7,000 1 10 100,4,-6757.479886243705,0,8
model1,85,smc,0.7530060791624829,8,00 1 10,3,-6761.208576442755,1,8
model1,85,smc,15.356544019195908,9,0 1,2,-6837.250229463423,0,8
model1,86,smc,0.0,0,000000 000010 000100 001000 001010 1 10000 100000 100010 10010 100100 10100 101000 101010,14,-6772.169034223916,0,6
model1,86,smc,2.2351741790771484e-05,1,000000 000010 000100 001000 1 10000 100000 100010 10010 100100 1010 10100 101000,13,-6772.1691329344585,0,6
model1,86,smc,0.0053010878587334,2,000000 000010 000100 1 1000 10000 100000 100010 10010 100100 1010 10100,12,-6772.195374937693,0,6
model1,86,smc,0.013038433775068069,3,0000 000010 000100 1 1000 100010 10010 100100 1010 10100,10,-6772.324497279266,0,6
model1,86,smc,0.04945592205404874,4,000 000010 000100 1 100010 10010 100100 1010 10100,9,-6772.56938060836,0,6
model1,86,smc,0.10083749368228542,5,000 000100 1 10 100100 10100,6,-6774.067313556678,0,6
model1,86,smc,0.10228261481451358,6,000 1 10 100,4,-6775.080226109583,1,6
model1,86,smc,0.4615813355851663,7,00 1 10,3,-6777.365856425657,0,6
model1,86,smc,11.119400136683073,8,0 1,2,-6832.4262575087205,0,6
model1,87,smc,0.0,0,000000 000010 000100 001000 001010 1 10000 100000 100010 10010 100100 10100 101000 101010,14,-6763.217045256146,0,9
model1,87,smc,0.002175569534301758,1,00000 000010 000100 001000 001010 1 10000 100010 10010 100100 10100 101000 101010,13,-6763.227810854416,0,9
model1,87,smc,0.011809128328987839,2,0000 000010 000100 001000 001010 1 100010 10010 100100 10100 101000 101010,12,-6763.286284508402,0,9
model1,87,smc,0.03529652891623281,3,0000 000010 00100 001000 001010 1 100010 10010 10100 101000 101010,11,-6763.461063167051,0,9
model1,87,smc,0.04271678333533905,4,0000 0010 00100 001000 001010 1 10100 101000 101010,9,-6763.884105652331,0,9
model1,87,smc,0.06407577297614385,5,0000 0010 001000 001010 1 100 101000 101010,8,-6764.2013884577,0,9
model1,87,smc,0.06872433947128914,6,0000 0010 001000 1 100 1010 101000,7,-6764.541665118615,0,9
model1,87,smc,0.08425666482479538,7,000 0010 1 100 1010,5,-6765.376085198553,0,9
model1,87,smc,0.13015940593558736,8,00 0010 1 1010,4,-6766.020572744954,0,9
model1,87,smc,0.3156007740301185,9,00 1 10,3,-6767.583323825691,1,9
model1,87,smc,9.253055404314345,10,0 1,2,-6813.402078471982,0,9
model1,88,smc,0.0,0,000000 000010 000100 001000 001010 1 10000 100000 100010 10010 100100 10100 101000 101010,14,-6821.445855595538,0,6
model1,88,smc,0.019259750843048096,1,000000 000010 001000 001010 1 100 10000 100000 100010 10010 101000 101010,12,-6821.636557505831,0,6
model1,88,smc,0.04678299799062979,2,000000 000010 001000 1 100 10000 100000 100010 10010 1010 101000,11,-6821.86821306283,0,6
model1,88,smc,0.05374118915714807,3,000000 000010 1 100 1000 10000 100000 100010 10010 1010,10,-6822.134318356733,0,6
model1,88,smc,0.09644705180791736,4,000000 1 10 100 1000 10000 100000,7,-6823.567041565172,0,6
model1,88,smc,0.1835275384328193,5,00000 1 10 100 1000 10000,6,-6824.475812973769,0,6
model1,88,smc,0.21302845573966375,6,000 1 10 100,4,-6826.585530635052,1,6
model1,88,smc,1.3296627555761236,7,00 1 10,3,-6833.169659065157,0,6
model1,88,smc,11.842208582876411,8,0 1,2,-6891.8092390375,0,6
model1,89,smc,0.0,0,000000 000010 000100 001000 001010 1 10000 100000 100010 10010 100100 10100 101000 101010,14,-6728.336248370309,0,5
model1,89,smc,0.0022649765014648438,1,000000 000010 001000 001010 1 100 10000 100000 100010 10010 101000 101010,12,-6728.358627973368,0,5
model1,89,smc,0.011824028105067441,2,000000 00010 001000 001010 1 100 10000 100000 10010 101000 101010,11,-6728.417177239165,0,5
model1,89,smc,0.0440842809984219,3,000000 001000 1 10 100 10000 100000 101000,8,-6729.072059420241,0,5
model1,89,smc,0.08210869151190911,4,000000 1 10 100 1000 10000 100000,7,-6729.478606202183,0,5
model1,89,smc,0.09566652140128777,5,000 1 10 100,4,-6730.899707453458,1,5
model1,89,smc,0.9799855145610941,6,00 1 10,3,-6735.752309815132,0,5
model1,89,smc,16.138099593028002,7,0 1,2,-6815.664040718368,0,5
model1,90,smc,0.0,0,000000 000010 000100 001000 001010 1 10000 100000 100010 10010 100100 10100 101000 101010,14,-6679.127710773484,0,7
model1,90,smc,0.0006565824151039124,1,000000 000010 000100 001000 1 10000 100000 100010 10010 100100 1010 10100 101000,13,-6679.130960439739,0,7
model1,90,smc,0.02896130093400784,2,000000 000100 0010 001000 1 10000 100000 100100 1010 10100 101000,11,-6679.417758726042,0,7
model1,90,smc,0.0650982488520924,3,000000 0010 001000 1 100 10000 100000 1010 101000,9,-6680.062440651332,0,7
model1,90,smc,0.07386085327026265,4,000000 0010 1 100 1000 10000 100000 1010,8,-6680.428176097343,0,7
model1,90,smc,0.15783139165490792,5,000000 1 10 100 1000 10000 100000,7,-6681.209692066833,0,7
model1,90,smc,0.17122330690410364,6,00000 1 10 100 1000 10000,6,-6682.057536974828,0,7
model1,90,smc,0.2147514513857123,7,000 1 10 100,4,-6684.184321477023,1,7
model1,90,smc,2.114816546105615,8,00 1 10,3,-6694.656329869164,0,7
model1,90,smc,9.890570422952754,9,0 1,2,-6743.6318894207925,0,7
model1,91,smc,0.0,0,000000 000010 000100 001000 001010 1 10000 100000 100010 10010 100100 10100 101000 101010,14,-6856.68726252423,0,9
model1,91,smc,1.1641532182693481e-07,1,000000 000010 000100 001010 1 1000 10000 100000 100010 10010 100100 10100 101010,13,-6856.6872628916935,0,9
model1,91,smc,0.00013795215633282537,2,000000 000010 00100 001010 1 1000 10000 100000 100010 10010 10100 101010,12,-6856.687937206314,0,9
model1,91,smc,0.0009891807546736665,3,000000 00010 00100 001010 1 1000 10000 100000 10010 10100 101010,11,-6856.692831788756,0,9
model1,91,smc,0.004930530093017121,4,0000 00010 00100 001010 1 1000 10010 10100 101010,9,-6856.741646646635,0,9
model1,91,smc,0.03361498252927267,5,0000 0010 00100 001010 1 1000 10100 101010,8,-6856.908080398865,0,9
model1,91,smc,0.03387201027873812,6,000 0010 00100 001010 1 10100 101010,7,-6857.075799661037,0,9
model1,91,smc,0.05971632345316978,7,000 0010 001010 1 100 101010,6,-6857.371498518281,0,9
model1,91,smc,0.25156075975950387,8,000 0010 1 100 1010,5,-6858.6171434275175,0,9
model1,91,smc,0.4624848307293324,9,000 1 10 100,4,-6860.907238566138,1,9
model1,91,smc,0.9880464951098582,10,00 1 10,3,-6865.799784899216,0,9
model1,91,smc,11.309689729103209,11,0 1,2,-6921.802470463593,0,9
model1,92,smc,0.0,0,000000 000010 000100 001000 001010 1 10000 100000 100010 10010 100100 10100 101000 101010,14,-6867.699416896926,0,8
model1,92,smc,0.0001564621925354004,1,000000 00010 000100 001000 001010 1 10000 100000 10010 100100 10100 101000 101010,13,-6867.700181138835,0,8
model1,92,smc,0.003792344386077673,2,0000 00010 000100 001000 001010 1 10010 100100 10100 101000 101010,11,-6867.737728425379,0,8
model1,92,smc,0.0044405399816109005,3,0000 00010 00100 001000 001010 1 10010 10100 101000 101010,10,-6867.759710203606,0,8
model1,92,smc,0.010088029917824006,4,0000 00010 00100 001010 1 1000 10010 10100 101010,9,-6867.809635376773,0,8
model1,92,smc,0.024325802170604607,5,0000 00010 001010 1 100 1000 10010 101010,8,-6867.930075569265,0,8
model1,92,smc,0.02521982834431155,6,0000 00010 1 100 1000 10010 1010,7,-6868.054944624021,0,8
model1,92,smc,0.07372066154151004,7,000 00010 1 100 10010 1010,6,-6868.4199551185675,0,8
model1,92,smc,0.09828905341979062,8,000 1 10 100,4,-6869.393312146648,1,8
model1,92,smc,0.8803121468012235,9,00 1 10,3,-6873.752357230845,0,8
model1,92,smc,8.747362928998928,10,0 1,2,-6917.067024747207,0,8
model1,93,smc,0.0,0,000000 000010 000100 001000 001010 1 10000 100000 100010 10010 100100 10100 101000 101010,14,-6794.103672362172,0,8
model1,93,smc,0.007614493370056152,1,000000 000010 000100 001010 1 1000 10000 100000 100010 10010 100100 10100 101010,13,-6794.141371203482,0,8
model1,93,smc,0.015139465173508171,2,00000 000010 000100 001010 1 1000 10000 100010 10010 100100 10100 101010,12,-6794.216304902394,0,8
model1,93,smc,0.034718998116958444,3,0000 000010 000100 001010 1 1000 100010 10010 100100 10100 101010,11,-6794.388213332478,0,8
model1,93,smc,0.05808239644868858,4,000 000010 000100 001010 1 100010 10010 100100 10100 101010,10,-6794.675811597085,0,8
model1,93,smc,0.10079161312714643,5,000 000010 00100 001010 1 100010 10010 10100 101010,9,-6795.174903518666,0,8
model1,93,smc,0.16501756954791996,6,000 0010 00100 001010 1 10100 101010,7,-6796.809100940348,0,8
model1,93,smc,0.17413407043958867,7,000 0010 001010 1 100 101010,6,-6797.671356550877,0,8
model1,93,smc,0.3192953136244999,8,000 1 10 100,4,-6800.833442773922,1,8
model1,93,smc,1.1740497021882743,9,00 1 10,3,-6806.647028532833,0,8
model1,93,smc,11.805057272850457,10,0 1,2,-6865.102642836813,0,8
model1,94,smc,0.0,0,000000 000010 000100 001000 001010 1 10000 100000 100010 10010 100100 10100 101000 101010,14,-6599.9377796331955,0,5
model1,94,smc,0.008825212717056274,1,000000 000010 000100 001010 1 1000 10000 100000 100010 10010 100100 10100 101010,13,-6599.981475578106,0,5
model1,94,smc,0.04354430548114685,2,000000 000010 000100 1 1000 10000 100000 100010 10010 100100 1010 10100,12,-6600.197091318371,0,5
model1,94,smc,0.09113446941204853,3,000000 000010 1 100 1000 10000 100000 100010 10010 1010,10,-6601.099596963129,0,5
model1,94,smc,0.11370747615783494,4,000 000010 1 100 100010 10010 1010,7,-6602.788747762574,0,5
model1,94,smc,0.3101122592126657,5,000 1 10 100,4,-6607.395492317832,1,5
model1,94,smc,0.3783321407395098,6,00 1 10,3,-6609.268892182201,0,5
model1,94,smc,8.323716773551833,7,0 1,2,-6650.485797367501,0,5
model1,95,smc,0.0,0,000000 000010 000100 001000 001010 1 10000 100000 100010 10010 100100 10100 101000 101010,14,-6734.343211575186,0,4
model1,95,smc,0.002562999725341797,1,000000 000010 001000 001010 1 100 10000 100000 100010 10010 101000 101010,12,-6734.368550169778,0,4
model1,95,smc,0.026240823489231957,2,000 000010 001010 1 100 100010 10010 101010,8,-6734.888275161911,0,4
model1,95,smc,0.09718152865269197,3,000 00010 001010 1 100 10010 101010,7,-6735.369481987171,0,4
model1,95,smc,0.11367390796186286,4,000 1 10 100,4,-6737.058127838284,1,4
model1,95,smc,0.5798401369043156,5,00 1 10,3,-6739.92931291021,0,4
model1,95,smc,9.79573063700251,6,0 1,2,-6788.4352523123,0,4
model1,96,smc,0.0,0,000000 000010 000100 001000 001010 1 10000 100000 100010 10010 100100 10100 101000 101010,14,-6754.570001283933,0,6
model1,96,smc,0.009436160326004028,1,00000 000010 000100 001000 001010 1 10000 100010 10010 100100 10100 101000 101010,13,-6754.616720315616,0,6
model1,96,smc,0.012118318721388022,2,00000 000010 000100 001000 1 10000 100010 10010 100100 1010 10100 101000,12,-6754.676721760268,0,6
model1,96,smc,0.028047273963940984,3,00000 000010 000100 1 1000 10000 100010 10010 100100 1010 10100,11,-6754.815573282212,0,6
model1,96,smc,0.09419074932951771,4,00000 000010 1 100 1000 10000 100010 10010 1010,9,-6755.748387892967,0,6
model1,96,smc,0.14818238455446892,5,00000 1 10 100 1000 10000,6,-6757.949640352278,0,6
model1,96,smc,0.18983368361543307,6,000 1 10 100,4,-6759.829593791104,1,6
model1,96,smc,1.8977260717817894,7,00 1 10,3,-6769.226646161058,0,6
model1,96,smc,10.03021649517045,8,0 1,2,-6818.89369345956,0,6
model1,97,smc,0.0,0,000000 000010 000100 001000 001010 1 10000 100000 100010 10010 100100 10100 101000 101010,14,-6727.018663664156,0,7
model1,97,smc,0.010266900062561035,1,000000 000010 000100 001000 1 10000 100000 100010 10010 100100 1010 10100 101000,13,-6727.069502307872,0,7
model1,97,smc,0.03856734933227468,2,000000 000010 000100 1 1000 10000 100000 100010 10010 100100 1010 10100,12,-6727.260475310215,0,7
model1,97,smc,0.05495736230927083,3,000000 000100 0010 1 1000 10000 100000 100100 1010 10100,10,-6727.804698331382,0,7
model1,97,smc,0.06725691882381454,4,00000 000100 0010 1 1000 10000 100100 1010 10100,9,-6728.137718933387,0,7
model1,97,smc,0.07452956972776964,5,00000 0010 1 100 1000 10000 1010,7,-6728.875821301925,0,7
model1,97,smc,0.2589636066767548,6,000 0010 1 100 1010,5,-6731.4404640665,0,7
model1,97,smc,0.3000099368992422,7,000 1 10 100,4,-6732.926007974654,1,7
model1,97,smc,0.8132721676538418,8,00 1 10,3,-6736.953123307832,0,7
model1,97,smc,8.292883636128625,9,0 1,2,-6778.017331459971,0,7
model1,98,smc,0.0,0,000000 000010 000100 001000 001010 1 10000 100000 100010 10010 100100 10100 101000 101010,14,-6768.64964366523,0,6
model1,98,smc,0.0014938414096832275,1,000000 000010 000100 001010 1 1000 10000 100000 100010 10010 100100 10100 101010,13,-6768.657039782538,0,6
model1,98,smc,0.005904571945158921,2,000000 000010 001010 1 100 1000 10000 100000 100010 10010 101010,11,-6768.715479853191,0,6
model1,98,smc,0.030402257309023947,3,000000 0010 001010 1 100 1000 10000 100000 101010,9,-6769.016567599447,0,6
model1,98,smc,0.03282354876861973,4,000000 0010 1 100 1000 10000 100000 1010,8,-6769.179090855829,0,6
model1,98,smc,0.03673112175404042,5,000000 1 10 100 1000 10000 100000,7,-6769.3609679506435,0,6
model1,98,smc,0.20707613225669314,6,000 1 10 100,4,-6772.437084903433,1,6
model1,98,smc,0.9700012358238397,7,00 1 10,3,-6777.240280805359,0,6
model1,98,smc,7.106768696231439,8,0 1,2,-6812.431173435445,0,6
model1,99,smc,0.0,0,000000 000010 000100 001000 001010 1 10000 100000 100010 10010 100100 10100 101000 101010,14,-6810.398733831376,0,6
model1,99,smc,0.0032708048820495605,1,000000 000010 000100 001010 1 1000 10000 100000 100010 10010 100100 10100 101010,13,-6810.414929308201,0,6
model1,99,smc,0.03055465254653278,2,000000 000100 0010 001010 1 1000 10000 100000 100100 10100 101010,11,-6810.717484299013,0,6
model1,99,smc,0.04560390564671722,3,000000 0010 001010 1 100 1000 10000 100000 101010,9,-6811.169060300748,0,6
model1,99,smc,0.0628299393398098,4,0000 0010 001010 1 100 1000 101010,7,-6811.791294404744,0,6
model1,99,smc,0.06677080120512299,5,000 0010 001010 1 100 101010,6,-6812.121910895597,0,6
model1,99,smc,0.07943509678369143,6,000 1 10 100,4,-6812.90855245308,1,6
model1,99,smc,2.281506624438374,7,00 1 10,3,-6824.2059826889,0,6
model1,99,smc,10.70255140127492,8,0 1,2,-6877.202272778359,0,6
