sample_idx,tree_idx,tree
0,0,000000 000001 000010 000100 000101 001000 001001 001010 10000 100000 100001 10001 100010 10010 100100 100101 10100 101000 101001 10101 101010
0,1,000000 000010 000100 001000 001010 1 10000 100000 100010 10010 100100 10100 101000 101010
0,2,000000 000010 000100 001000 1 10000 100000 100010 10010 100100 1010 10100 101000
0,3,000000 000010 00100 001000 1 10000 100000 100010 10010 1010 10100 101000
0,4,000000 000010 001000 1 100 10000 100000 100010 10010 1010 101000
0,5,000000 000010 1 100 1000 10000 100000 100010 10010 1010
0,6,000000 1 10 100 1000 10000 100000
0,7,000 1 10 100
0,8,00 1 10
0,9,0 1
1,0,000000 000001 000010 000100 000101 001000 001001 001010 10000 100000 100001 10001 100010 10010 100100 100101 10100 101000 101001 10101 101010
1,1,000000 000010 000100 001000 001010 1 10000 100000 100010 10010 100100 10100 101000 101010
1,2,00000 000010 000100 001000 001010 1 10000 100010 10010 100100 10100 101000 101010
1,3,00000 000010 00100 001000 001010 1 10000 100010 10010 10100 101000 101010
1,4,00000 00010 00100 001000 001010 1 10000 10010 10100 101000 101010
1,5,00000 00010 00100 001010 1 1000 10000 10010 10100 101010
1,6,00000 0010 00100 001010 1 1000 10000 10100 101010
1,7,00000 0010 00100 1 1000 10000 1010 10100
1,8,00000 0010 1 100 1000 10000 1010
1,9,000 0010 1 100 1010
1,10,000 1 10 100
1,11,00 1 10
1,12,0 1
2,0,000000 000001 000010 000100 000101 001000 001001 001010 10000 100000 100001 10001 100010 10010 100100 100101 10100 101000 101001 10101 101010
2,1,000000 000010 000100 001000 001010 1 10000 100000 100010 10010 100100 10100 101000 101010
2,2,00000 000010 000100 001000 001010 1 10000 100010 10010 100100 10100 101000 101010
2,3,00000 000010 000100 001010 1 1000 10000 100010 10010 100100 10100 101010
2,4,00000 000010 000100 1 1000 10000 100010 10010 100100 1010 10100
2,5,0000 000010 000100 1 1000 100010 10010 100100 1010 10100
2,6,0000 000010 1 100 1000 100010 10010 1010
2,7,000 000010 1 100 100010 10010 1010
2,8,000 00010 1 100 10010 1010
2,9,000 0010 1 100 1010
2,10,00 0010 1 1010
2,11,00 1 10
2,12,0 1
3,0,000000 000001 000010 000100 000101 001000 001001 001010 10000 100000 100001 10001 100010 10010 100100 100101 10100 101000 101001 10101 101010
3,1,000000 000010 000100 001000 001010 1 10000 100000 100010 10010 100100 10100 101000 101010
3,2,000000 000010 00100 001000 001010 1 10000 100000 100010 10010 10100 101000 101010
3,3,000000 000010 00100 001000 1 10000 100000 100010 10010 1010 10100 101000
3,4,00000 000010 00100 001000 1 10000 100010 10010 1010 10100 101000
3,5,00000 0010 00100 001000 1 10000 1010 10100 101000
3,6,00000 00100 001000 1 10 10000 10100 101000
3,7,0000 00100 001000 1 10 10100 101000
3,8,0000 001000 1 10 100 101000
3,9,000 1 10 100
3,10,00 1 10
3,11,0 1
4,0,000000 000001 000010 000100 000101 001000 001001 001010 10000 100000 100001 10001 100010 10010 100100 100101 10100 101000 101001 10101 101010
4,1,000000 000010 000100 001000 001010 1 10000 100000 100010 10010 100100 10100 101000 101010
4,2,000000 000010 000100 001010 1 1000 10000 100000 100010 10010 100100 10100 101010
4,3,000000 00010 000100 001010 1 1000 10000 100000 10010 100100 10100 101010
4,4,000000 000100 0010 001010 1 1000 10000 100000 100100 10100 101010
4,5,000000 000100 0010 1 1000 10000 100000 100100 1010 10100
4,6,000000 000100 1 10 1000 10000 100000 100100 10100
4,7,000000 1 10 100 1000 10000 100000
4,8,000 1 10 100
4,9,00 1 10
4,10,0 1
5,0,000000 000001 000010 000100 000101 001000 001001 001010 10000 100000 100001 10001 100010 10010 100100 100101 10100 101000 101001 10101 101010
5,1,000000 000010 000100 001000 001010 1 10000 100000 100010 10010 100100 10100 101000 101010
5,2,000000 000010 000100 001000 1 10000 100000 100010 10010 100100 1010 10100 101000
5,3,000000 000100 0010 001000 1 10000 100000 100100 1010 10100 101000
5,4,000000 000100 0010 1 1000 10000 100000 100100 1010 10100
5,5,000000 0010 1 100 1000 10000 100000 1010
5,6,0000 0010 1 100 1000 1010
5,7,000 0010 1 100 1010
5,8,000 1 10 100
5,9,00 1 10
5,10,0 1
6,0,000000 000001 000010 000100 000101 001000 001001 001010 10000 100000 100001 10001 100010 10010 100100 100101 10100 101000 101001 10101 101010
6,1,000000 000010 000100 001000 001010 1 10000 100000 100010 10010 100100 10100 101000 101010
6,2,00000 000010 000100 001000 001010 1 10000 100010 10010 100100 10100 101000 101010
6,3,00000 000010 000100 001010 1 1000 10000 100010 10010 100100 10100 101010
6,4,00000 00010 000100 001010 1 1000 10000 10010 100100 10100 101010
6,5,00000 00010 000100 1 1000 10000 10010 100100 1010 10100
6,6,00000 00010 00100 1 1000 10000 10010 1010 10100
6,7,00000 00010 1 100 1000 10000 10010 1010
6,8,00000 1 10 100 1000 10000
6,9,000 1 10 100
6,10,00 1 10
6,11,0 1
7,0,000000 000001 000010 000100 000101 001000 001001 001010 10000 100000 100001 10001 100010 10010 100100 100101 10100 101000 101001 10101 101010
7,1,000000 000010 000100 001000 001010 1 10000 100000 100010 10010 100100 10100 101000 101010
7,2,000000 000100 0010 001000 001010 1 10000 100000 100100 10100 101000 101010
7,3,000000 0010 00100 001000 001010 1 10000 100000 10100 101000 101010
7,4,000000 0010 001000 001010 1 100 10000 100000 101000 101010
7,5,000000 0010 001000 1 100 10000 100000 1010 101000
7,6,000000 001000 1 10 100 10000 100000 101000
7,7,000000 1 10 100 1000 10000 100000
7,8,000 1 10 100
7,9,00 1 10
7,10,0 1
8,0,000000 000001 000010 000100 000101 001000 001001 001010 10000 100000 100001 10001 100010 10010 100100 100101 10100 101000 101001 10101 101010
8,1,000000 000010 000100 001000 001010 1 10000 100000 100010 10010 100100 10100 101000 101010
8,2,000000 000010 000100 001010 1 1000 10000 100000 100010 10010 100100 10100 101010
8,3,000000 000010 00100 001010 1 1000 10000 100000 100010 10010 10100 101010
8,4,000000 00010 00100 001010 1 1000 10000 100000 10010 10100 101010
8,5,00000 00010 00100 001010 1 1000 10000 10010 10100 101010
8,6,00000 0010 00100 001010 1 1000 10000 10100 101010
8,7,00000 0010 001010 1 100 1000 10000 101010
8,8,00000 1 10 100 1000 10000
8,9,00 1 10
8,10,0 1
9,0,000000 000001 000010 000100 000101 001000 001001 001010 10000 100000 100001 10001 100010 10010 100100 100101 10100 101000 101001 10101 101010
9,1,000000 000010 000100 001000 001010 1 10000 100000 100010 10010 100100 10100 101000 101010
9,2,000000 000010 000100 001010 1 1000 10000 100000 100010 10010 100100 10100 101010
9,3,000000 00010 000100 001010 1 1000 10000 100000 10010 100100 10100 101010
9,4,000000 00010 000100 1 1000 10000 100000 10010 100100 1010 10100
9,5,000000 00010 00100 1 1000 10000 100000 10010 1010 10100
9,6,000000 00010 1 100 1000 10000 100000 10010 1010
9,7,000000 1 10 100 1000 10000 100000
9,8,00000 1 10 100 1000 10000
9,9,000 1 10 100
9,10,00 1 10
9,11,0 1
10,0,000000 000001 000010 000100 000101 001000 001001 001010 10000 100000 100001 10001 100010 10010 100100 100101 10100 101000 101001 10101 101010
10,1,000000 000010 00100 001000 001010 1 10000 100000 100010 10010 10100 101000 101010
10,2,00000 000010 00100 001000 001010 1 10000 100010 10010 10100 101000 101010
10,3,0000 000010 00100 001000 001010 1 100010 10010 10100 101000 101010
10,4,0000 00010 00100 001000 001010 1 10010 10100 101000 101010
10,5,0000 00010 00100 001010 1 1000 10010 10100 101010
10,6,0000 0010 00100 001010 1 1000 10100 101010
10,7,0000 0010 001010 1 100 1000 101010
10,8,000 0010 001010 1 100 101010
10,9,000 1 10 100
10,10,00 1 10
10,11,0 1
11,0,000000 000001 000010 000100 000101 001000 001001 001010 10000 100000 100001 10001 100010 10010 100100 100101 10100 101000 101001 10101 101010
11,1,000000 000010 000100 001000 001010 1 10000 100000 100010 10010 100100 10100 101000 101010
11,2,000000 000010 000100 001010 1 1000 10000 100000 100010 10010 100100 10100 101010
11,3,000000 00010 000100 001010 1 1000 10000 100000 10010 100100 10100 101010
11,4,000000 00010 000100 1 1000 10000 100000 10010 100100 1010 10100
11,5,000000 00010 1 100 1000 10000 100000 10010 1010
11,6,000000 1 10 100 1000 10000 100000
11,7,000 1 10 100
11,8,00 1 10
11,9,0 1
12,0,000000 000001 000010 000100 000101 001000 001001 001010 10000 100000 100001 10001 100010 10010 100100 100101 10100 101000 101001 10101 101010
12,1,000000 000010 000100 001000 001010 1 10000 100000 100010 10010 100100 10100 101000 101010
12,2,000000 000010 00100 001000 001010 1 10000 100000 100010 10010 10100 101000 101010
12,3,000000 000010 00100 001000 1 10000 100000 100010 10010 1010 10100 101000
12,4,000000 000010 001000 1 100 10000 100000 100010 10010 1010 101000
12,5,000000 00010 001000 1 100 10000 100000 10010 1010 101000
12,6,000000 00010 1 100 1000 10000 100000 10010 1010
12,7,00000 00010 1 100 1000 10000 10010 1010
12,8,00000 0010 1 100 1000 10000 1010
12,9,00 0010 1 1010
12,10,00 1 10
12,11,0 1
13,0,000000 000001 000010 000100 000101 001000 001001 001010 10000 100000 100001 10001 100010 10010 100100 100101 10100 101000 101001 10101 101010
13,1,000000 000010 000100 001000 001010 1 10000 100000 100010 10010 100100 10100 101000 101010
13,2,000000 000010 00100 001000 001010 1 10000 100000 100010 10010 10100 101000 101010
13,3,00000 000010 00100 001000 001010 1 10000 100010 10010 10100 101000 101010
13,4,0000 000010 00100 001000 001010 1 100010 10010 10100 101000 101010
13,5,0000 000010 001000 001010 1 100 100010 10010 101000 101010
13,6,0000 0010 001000 001010 1 100 101000 101010
13,7,000 0010 001010 1 100 101010
13,8,000 1 10 100
13,9,00 1 10
13,10,0 1
14,0,000000 000001 000010 000100 000101 001000 001001 001010 10000 100000 100001 10001 100010 10010 100100 100101 10100 101000 101001 10101 101010
14,1,000000 000010 000100 001000 001010 1 10000 100000 100010 10010 100100 10100 101000 101010
14,2,000000 000010 000100 001000 1 10000 100000 100010 10010 100100 1010 10100 101000
14,3,000000 000010 000100 1 1000 10000 100000 100010 10010 100100 1010 10100
14,4,000 000010 000100 1 100010 10010 100100 1010 10100
14,5,000 000010 00100 1 100010 10010 1010 10100
14,6,000 000010 1 100 100010 10010 1010
14,7,000 1 10 100
14,8,00 1 10
14,9,0 1
15,0,000000 000001 000010 000100 000101 001000 001001 001010 10000 100000 100001 10001 100010 10010 100100 100101 10100 101000 101001 10101 101010
15,1,000000 000010 000100 001000 001010 1 10000 100000 100010 10010 100100 10100 101000 101010
15,2,000000 000010 000100 001010 1 1000 10000 100000 100010 10010 100100 10100 101010
15,3,000000 000010 00100 001010 1 1000 10000 100000 100010 10010 10100 101010
15,4,000000 000010 001010 1 100 1000 10000 100000 100010 10010 101010
15,5,00000 000010 001010 1 100 1000 10000 100010 10010 101010
15,6,0000 000010 001010 1 100 1000 100010 10010 101010
15,7,000 000010 001010 1 100 100010 10010 101010
15,8,000 0010 001010 1 100 101010
15,9,000 1 10 100
15,10,00 1 10
15,11,0 1
16,0,000000 000001 000010 000100 000101 001000 001001 001010 10000 100000 100001 10001 100010 10010 100100 100101 10100 101000 101001 10101 101010
16,1,000000 000010 000100 001010 1 1000 10000 100000 100010 10010 100100 10100 101010
16,2,000000 000010 001010 1 100 1000 10000 100000 100010 10010 101010
16,3,000000 000010 1 100 1000 10000 100000 100010 10010 1010
16,4,000000 0010 1 100 1000 10000 100000 1010
16,5,000 0010 1 100 1010
16,6,000 1 10 100
16,7,00 1 10
16,8,0 1
17,0,000000 000001 000010 000100 000101 001000 001001 001010 10000 100000 100001 10001 100010 10010 100100 100101 10100 101000 101001 10101 101010
17,1,000000 000010 000100 001000 001010 1 10000 100000 100010 10010 100100 10100 101000 101010
17,2,000000 000010 000100 001000 1 10000 100000 100010 10010 100100 1010 10100 101000
17,3,000000 000010 00100 001000 1 10000 100000 100010 10010 1010 10100 101000
17,4,0000 000010 00100 001000 1 100010 10010 1010 10100 101000
17,5,000 000010 00100 1 100010 10010 1010 10100
17,6,000 000010 1 100 100010 10010 1010
17,7,000 1 10 100
17,8,00 1 10
17,9,0 1
18,0,000000 000001 000010 000100 000101 001000 001001 001010 10000 100000 100001 10001 100010 10010 100100 100101 10100 101000 101001 10101 101010
18,1,000000 000010 000100 001000 001010 1 10000 100000 100010 10010 100100 10100 101000 101010
18,2,00000 000010 000100 001000 001010 1 10000 100010 10010 100100 10100 101000 101010
18,3,00000 000010 000100 001010 1 1000 10000 100010 10010 100100 10100 101010
18,4,0000 000010 000100 001010 1 1000 100010 10010 100100 10100 101010
18,5,0000 000010 000100 1 1000 100010 10010 100100 1010 10100
18,6,0000 000010 1 100 1000 100010 10010 1010
18,7,000 000010 1 100 100010 10010 1010
18,8,000 1 10 100
18,9,00 1 10
18,10,0 1
19,0,000000 000001 000010 000100 000101 001000 001001 001010 10000 100000 100001 10001 100010 10010 100100 100101 10100 101000 101001 10101 101010
19,1,000000 000010 000100 001000 001010 1 10000 100000 100010 10010 100100 10100 101000 101010
19,2,000000 000010 000100 001000 1 10000 100000 100010 10010 100100 1010 10100 101000
19,3,000000 000010 000100 1 1000 10000 100000 100010 10010 100100 1010 10100
19,4,000000 00010 000100 1 1000 10000 100000 10010 100100 1010 10100
19,5,000000 000100 0010 1 1000 10000 100000 100100 1010 10100
19,6,00000 000100 0010 1 1000 10000 100100 1010 10100
19,7,00000 0010 1 100 1000 10000 1010
19,8,000 0010 1 100 1010
19,9,000 1 10 100
19,10,00 1 10
19,11,0 1
20,0,000000 000001 000010 000100 000101 001000 001001 001010 10000 100000 100001 10001 100010 10010 100100 100101 10100 101000 101001 10101 101010
20,1,000000 000010 000100 001000 001010 1 10000 100000 100010 10010 100100 10100 101000 101010
20,2,000000 000010 000100 001010 1 1000 10000 100000 100010 10010 100100 10100 101010
20,3,000 000010 000100 001010 1 100010 10010 100100 10100 101010
20,4,000 000010 000100 1 100010 10010 100100 1010 10100
20,5,000 00010 000100 1 10010 100100 1010 10100
20,6,000 000100 0010 1 100100 1010 10100
20,7,000 0010 1 100 1010
20,8,00 0010 1 1010
20,9,00 1 10
20,10,0 1
21,0,000000 000001 000010 000100 000101 001000 001001 001010 10000 100000 100001 10001 100010 10010 100100 100101 10100 101000 101001 10101 101010
21,1,000000 000010 000100 001000 001010 1 10000 100000 100010 10010 100100 10100 101000 101010
21,2,000000 000010 00100 001000 001010 1 10000 100000 100010 10010 10100 101000 101010
21,3,000000 000010 00100 001000 1 10000 100000 100010 10010 1010 10100 101000
21,4,0000 000010 00100 001000 1 100010 10010 1010 10100 101000
21,5,0000 000010 001000 1 100 100010 10010 1010 101000
21,6,0000 000010 1 100 1000 100010 10010 1010
21,7,0000 00010 1 100 1000 10010 1010
21,8,000 00010 1 100 10010 1010
21,9,000 1 10 100
21,10,00 1 10
21,11,0 1
22,0,000000 000001 000010 000100 000101 001000 001001 001010 10000 100000 100001 10001 100010 10010 100100 100101 10100 101000 101001 10101 101010
22,1,000000 000010 000100 001000 001010 1 10000 100000 100010 10010 100100 10100 101000 101010
22,2,000000 000010 00100 001000 001010 1 10000 100000 100010 10010 10100 101000 101010
22,3,000000 000010 001000 001010 1 100 10000 100000 100010 10010 101000 101010
22,4,000000 000010 001000 1 100 10000 100000 100010 10010 1010 101000
22,5,000000 00010 001000 1 100 10000 100000 10010 1010 101000
22,6,0000 00010 001000 1 100 10010 1010 101000
22,7,000 00010 1 100 10010 1010
22,8,000 1 10 100
22,9,00 1 10
22,10,0 1
23,0,000000 000001 000010 000100 000101 001000 001001 001010 10000 100000 100001 10001 100010 10010 100100 100101 10100 101000 101001 10101 101010
23,1,000000 000010 000100 001000 001010 1 10000 100000 100010 10010 100100 10100 101000 101010
23,2,000000 00010 000100 001000 001010 1 10000 100000 10010 100100 10100 101000 101010
23,3,000000 000100 0010 001000 001010 1 10000 100000 100100 10100 101000 101010
23,4,000000 000100 001000 1 10 10000 100000 100100 10100 101000
23,5,000000 001000 1 10 100 10000 100000 101000
23,6,000000 1 10 100 1000 10000 100000
23,7,000 1 10 100
23,8,00 1 10
23,9,0 1
24,0,000000 000001 000010 000100 000101 001000 001001 001010 10000 100000 100001 10001 100010 10010 100100 100101 10100 101000 101001 10101 101010
24,1,000000 000010 000100 001000 001010 1 10000 100000 100010 10010 100100 10100 101000 101010
24,2,000000 000010 000100 001010 1 1000 10000 100000 100010 10010 100100 10100 101010
24,3,000000 000010 00100 001010 1 1000 10000 100000 100010 10010 10100 101010
24,4,000000 000010 00100 1 1000 10000 100000 100010 10010 1010 10100
24,5,000000 00100 1 10 1000 10000 100000 10100
24,6,000000 1 10 100 1000 10000 100000
24,7,000 1 10 100
24,8,00 1 10
24,9,0 1
25,0,000000 000001 000010 000100 000101 001000 001001 001010 10000 100000 100001 10001 100010 10010 100100 100101 10100 101000 101001 10101 101010
25,1,000000 000010 000100 001000 001010 1 10000 100000 100010 10010 100100 10100 101000 101010
25,2,000000 000010 000100 001000 1 10000 100000 100010 10010 100100 1010 10100 101000
25,3,000000 000010 000100 1 1000 10000 100000 100010 10010 100100 1010 10100
25,4,000000 000010 00100 1 1000 10000 100000 100010 10010 1010 10100
25,5,000000 000010 1 100 1000 10000 100000 100010 10010 1010
25,6,00000 000010 1 100 1000 10000 100010 10010 1010
25,7,000 000010 1 100 100010 10010 1010
25,8,000 00010 1 100 10010 1010
25,9,000 1 10 100
25,10,00 1 10
25,11,0 1
26,0,000000 000001 000010 000100 000101 001000 001001 001010 10000 100000 100001 10001 100010 10010 100100 100101 10100 101000 101001 10101 101010
26,1,000000 000010 000100 001000 001010 1 10000 100000 100010 10010 100100 10100 101000 101010
26,2,000000 000010 00100 001000 001010 1 10000 100000 100010 10010 10100 101000 101010
26,3,000000 000010 001000 001010 1 100 10000 100000 100010 10010 101000 101010
26,4,00000 000010 001000 001010 1 100 10000 100010 10010 101000 101010
26,5,0000 000010 001000 001010 1 100 100010 10010 101000 101010
26,6,0000 000010 001010 1 100 1000 100010 10010 101010
26,7,000 000010 001010 1 100 100010 10010 101010
26,8,000 000010 1 100 100010 10010 1010
26,9,000 1 10 100
26,10,00 1 10
26,11,0 1
27,0,000000 000001 000010 000100 000101 001000 001001 001010 10000 100000 100001 10001 100010 10010 100100 100101 10100 101000 101001 10101 101010
27,1,000000 000010 000100 001000 1 10000 100000 100010 10010 100100 1010 10100 101000
27,2,00000 000010 000100 001000 1 10000 100010 10010 100100 1010 10100 101000
27,3,00000 000010 000100 1 1000 10000 100010 10010 100100 1010 10100
27,4,00000 00010 000100 1 1000 10000 10010 100100 1010 10100
27,5,0000 00010 000100 1 1000 10010 100100 1010 10100
27,6,0000 000100 1 10 1000 100100 10100
27,7,0000 1 10 100 1000
27,8,000 1 10 100
27,9,00 1 10
27,10,0 1
28,0,000000 000001 000010 000100 000101 001000 001001 001010 10000 100000 100001 10001 100010 10010 100100 100101 10100 101000 101001 10101 101010
28,1,000000 000010 000100 001000 001010 1 10000 100000 100010 10010 100100 10100 101000 101010
28,2,00000 000010 000100 001000 001010 1 10000 100010 10010 100100 10100 101000 101010
28,3,00000 000010 000100 001000 1 10000 100010 10010 100100 1010 10100 101000
28,4,00000 000100 001000 1 10 10000 100100 10100 101000
28,5,00000 001000 1 10 100 10000 101000
28,6,00000 1 10 100 1000 10000
28,7,000 1 10 100
28,8,00 1 10
28,9,0 1
29,0,000000 000001 000010 000100 000101 001000 001001 001010 10000 100000 100001 10001 100010 10010 100100 100101 10100 101000 101001 10101 101010
29,1,000000 000010 000100 001000 001010 1 10000 100000 100010 10010 100100 10100 101000 101010
29,2,000000 000100 0010 001000 001010 1 10000 100000 100100 10100 101000 101010
29,3,000000 0010 00100 001000 001010 1 10000 100000 10100 101000 101010
29,4,0000 0010 00100 001000 001010 1 10100 101000 101010
29,5,0000 0010 001000 001010 1 100 101000 101010
29,6,000 0010 001010 1 100 101010
29,7,000 0010 1 100 1010
29,8,000 1 10 100
29,9,00 1 10
29,10,0 1
30,0,000000 000001 000010 000100 000101 001000 001001 001010 10000 100000 100001 10001 100010 10010 100100 100101 10100 101000 101001 10101 101010
30,1,000000 000010 000100 001000 001010 1 10000 100000 100010 10010 100100 10100 101000 101010
30,2,000000 00010 000100 001000 001010 1 10000 100000 10010 100100 10100 101000 101010
30,3,000000 00010 00100 001000 001010 1 10000 100000 10010 10100 101000 101010
30,4,000000 00010 00100 001010 1 1000 10000 100000 10010 10100 101010
30,5,000000 0010 00100 001010 1 1000 10000 100000 10100 101010
30,6,000000 0010 001010 1 100 1000 10000 100000 101010
30,7,000 0010 001010 1 100 101010
30,8,000 1 10 100
30,9,00 1 10
30,10,0 1
31,0,000000 000001 000010 000100 000101 001000 001001 001010 10000 100000 100001 10001 100010 10010 100100 100101 10100 101000 101001 10101 101010
31,1,000000 000010 000100 001000 001010 1 10000 100000 100010 10010 100100 10100 101000 101010
31,2,000000 000100 0010 001000 001010 1 10000 100000 100100 10100 101000 101010
31,3,0000 000100 0010 001000 001010 1 100100 10100 101000 101010
31,4,000 000100 0010 001010 1 100100 10100 101010
31,5,000 000100 1 10 100100 10100
31,6,00 1 10
31,7,0 1
32,0,000000 000001 000010 000100 000101 001000 001001 001010 10000 100000 100001 10001 100010 10010 100100 100101 10100 101000 101001 10101 101010
32,1,000000 000010 000100 001000 001010 1 10000 100000 100010 10010 100100 10100 101000 101010
32,2,000000 000010 000100 001010 1 1000 10000 100000 100010 10010 100100 10100 101010
32,3,000000 00010 000100 001010 1 1000 10000 100000 10010 100100 10100 101010
32,4,000000 00010 001010 1 100 1000 10000 100000 10010 101010
32,5,000000 00010 1 100 1000 10000 100000 10010 1010
32,6,00000 00010 1 100 1000 10000 10010 1010
32,7,000 00010 1 100 10010 1010
32,8,000 1 10 100
32,9,00 1 10
32,10,0 1
33,0,000000 000001 000010 000100 000101 001000 001001 001010 10000 100000 100001 10001 100010 10010 100100 100101 10100 101000 101001 10101 101010
33,1,000000 000010 000100 001000 001010 1 10000 100000 100010 10010 100100 10100 101000 101010
33,2,000000 000010 00100 001000 001010 1 10000 100000 100010 10010 10100 101000 101010
33,3,000000 000010 001000 001010 1 100 10000 100000 100010 10010 101000 101010
33,4,0000 000010 001000 001010 1 100 100010 10010 101000 101010
33,5,0000 000010 001000 1 100 100010 10010 1010 101000
33,6,000 000010 1 100 100010 10010 1010
33,7,00 000010 1 100010 10010 1010
33,8,00 1 10
33,9,0 1
34,0,000000 000001 000010 000100 000101 001000 001001 001010 10000 100000 100001 10001 100010 10010 100100 100101 10100 101000 101001 10101 101010
34,1,000000 000010 000100 001000 001010 1 10000 100000 100010 10010 100100 10100 101000 101010
34,2,000000 000010 000100 001010 1 1000 10000 100000 100010 10010 100100 10100 101010
34,3,00000 000010 000100 001010 1 1000 10000 100010 10010 100100 10100 101010
34,4,00000 000010 001010 1 100 1000 10000 100010 10010 101010
34,5,0000 000010 001010 1 100 1000 100010 10010 101010
34,6,000 000010 001010 1 100 100010 10010 101010
34,7,000 00010 001010 1 100 10010 101010
34,8,000 00010 1 100 10010 1010
34,9,000 1 10 100
34,10,00 1 10
34,11,0 1
35,0,000000 000001 000010 000100 000101 001000 001001 001010 10000 100000 100001 10001 100010 10010 100100 100101 10100 101000 101001 10101 101010
35,1,000000 000010 000100 001000 001010 1 10000 100000 100010 10010 100100 10100 101000 101010
35,2,000000 00010 000100 001000 001010 1 10000 100000 10010 100100 10100 101000 101010
35,3,000000 00010 00100 001000 001010 1 10000 100000 10010 10100 101000 101010
35,4,000000 00010 001000 001010 1 100 10000 100000 10010 101000 101010
35,5,000000 00010 001000 1 100 10000 100000 10010 1010 101000
35,6,000000 001000 1 10 100 10000 100000 101000
35,7,0000 001000 1 10 100 101000
35,8,000 1 10 100
35,9,00 1 10
35,10,0 1
36,0,000000 000001 000010 000100 000101 001000 001001 001010 10000 100000 100001 10001 100010 10010 100100 100101 10100 101000 101001 10101 101010
36,1,000000 000010 000100 001000 1 10000 100000 100010 10010 100100 1010 10100 101000
36,2,000000 00010 000100 001000 1 10000 100000 10010 100100 1010 10100 101000
36,3,00000 00010 000100 001000 1 10000 10010 100100 1010 10100 101000
36,4,00000 00010 000100 1 1000 10000 10010 100100 1010 10100
36,5,00000 000100 1 10 1000 10000 100100 10100
36,6,00000 00100 1 10 1000 10000 10100
36,7,00000 1 10 100 1000 10000
36,8,000 1 10 100
36,9,00 1 10
36,10,0 1
37,0,000000 000001 000010 000100 000101 001000 001001 001010 10000 100000 100001 10001 100010 10010 100100 100101 10100 101000 101001 10101 101010
37,1,000000 000010 000100 001000 001010 1 10000 100000 100010 10010 100100 10100 101000 101010
37,2,000000 000010 000100 001010 1 1000 10000 100000 100010 10010 100100 10100 101010
37,3,000000 000010 000100 1 1000 10000 100000 100010 10010 100100 1010 10100
37,4,000000 000010 00100 1 1000 10000 100000 100010 10010 1010 10100
37,5,000000 000010 1 100 1000 10000 100000 100010 10010 1010
37,6,000 000010 1 100 100010 10010 1010
37,7,000 00010 1 100 10010 1010
37,8,000 1 10 100
37,9,00 1 10
37,10,0 1
38,0,000000 000001 000010 000100 000101 001000 001001 001010 10000 100000 100001 10001 100010 10010 100100 100101 10100 101000 101001 10101 101010
38,1,000000 000010 000100 001000 001010 1 10000 100000 100010 10010 100100 10100 101000 101010
38,2,000000 000010 00100 001000 001010 1 10000 100000 100010 10010 10100 101000 101010
38,3,000000 000010 00100 001000 1 10000 100000 100010 10010 1010 10100 101000
38,4,000000 000010 00100 1 1000 10000 100000 100010 10010 1010 10100
38,5,000 000010 00100 1 100010 10010 1010 10100
38,6,000 00010 00100 1 10010 1010 10100
38,7,000 00100 1 10 10100
38,8,000 1 10 100
38,9,00 1 10
38,10,0 1
39,0,000000 000001 000010 000100 000101 001000 001001 001010 10000 100000 100001 10001 100010 10010 100100 100101 10100 101000 101001 10101 101010
39,1,000000 000010 000100 001000 001010 1 10000 100000 100010 10010 100100 10100 101000 101010
39,2,000000 000010 00100 001000 001010 1 10000 100000 100010 10010 10100 101000 101010
39,3,000000 00010 00100 001000 001010 1 10000 100000 10010 10100 101000 101010
39,4,000000 00010 001000 001010 1 100 10000 100000 10010 101000 101010
39,5,000000 00010 001010 1 100 1000 10000 100000 10010 101010
39,6,000000 0010 001010 1 100 1000 10000 100000 101010
39,7,000 0010 001010 1 100 101010
39,8,000 1 10 100
39,9,00 1 10
39,10,0 1
40,0,000000 000001 000010 000100 000101 001000 001001 001010 10000 100000 100001 10001 100010 10010 100100 100101 10100 101000 101001 10101 101010
40,1,000000 000010 000100 001000 001010 1 10000 100000 100010 10010 100100 10100 101000 101010
40,2,00000 000010 000100 001000 001010 1 10000 100010 10010 100100 10100 101000 101010
40,3,00000 00010 000100 001000 001010 1 10000 10010 100100 10100 101000 101010
40,4,00000 00010 00100 001000 001010 1 10000 10010 10100 101000 101010
40,5,0000 00010 00100 001000 001010 1 10010 10100 101000 101010
40,6,0000 00010 001000 001010 1 100 10010 101000 101010
40,7,000 00010 001010 1 100 10010 101010
40,8,000 00010 1 100 10010 1010
40,9,00 00010 1 10010 1010
40,10,00 1 10
40,11,0 1
41,0,000000 000001 000010 000100 000101 001000 001001 001010 10000 100000 100001 10001 100010 10010 100100 100101 10100 101000 101001 10101 101010
41,1,000000 000010 000100 001000 001010 1 10000 100000 100010 10010 100100 10100 101000 101010
41,2,000000 000010 000100 001000 1 10000 100000 100010 10010 100100 1010 10100 101000
41,3,000000 000010 000100 1 1000 10000 100000 100010 10010 100100 1010 10100
41,4,000000 000010 00100 1 1000 10000 100000 100010 10010 1010 10100
41,5,000000 00100 1 10 1000 10000 100000 10100
41,6,000 00100 1 10 10100
41,7,000 1 10 100
41,8,00 1 10
41,9,0 1
42,0,000000 000001 000010 000100 000101 001000 001001 001010 10000 100000 100001 10001 100010 10010 100100 100101 10100 101000 101001 10101 101010
42,1,000000 000010 000100 001000 001010 1 10000 100000 100010 10010 100100 10100 101000 101010
42,2,000000 00010 000100 001000 001010 1 10000 100000 10010 100100 10100 101000 101010
42,3,000000 00010 00100 001000 001010 1 10000 100000 10010 10100 101000 101010
42,4,000000 0010 00100 001000 001010 1 10000 100000 10100 101000 101010
42,5,00000 0010 00100 001000 001010 1 10000 10100 101000 101010
42,6,0000 0010 00100 001000 001010 1 10100 101000 101010
42,7,0000 0010 001000 001010 1 100 101000 101010
42,8,0000 001000 1 10 100 101000
42,9,000 1 10 100
42,10,00 1 10
42,11,0 1
43,0,000000 000001 000010 000100 000101 001000 001001 001010 10000 100000 100001 10001 100010 10010 100100 100101 10100 101000 101001 10101 101010
43,1,000000 000010 000100 001000 001010 1 10000 100000 100010 10010 100100 10100 101000 101010
43,2,000000 00010 000100 001000 001010 1 10000 100000 10010 100100 10100 101000 101010
43,3,00000 00010 000100 001000 001010 1 10000 10010 100100 10100 101000 101010
43,4,0000 00010 000100 001000 001010 1 10010 100100 10100 101000 101010
43,5,0000 000100 0010 001000 001010 1 100100 10100 101000 101010
43,6,0000 000100 0010 001010 1 1000 100100 10100 101010
43,7,0000 000100 0010 1 1000 100100 1010 10100
43,8,0000 0010 1 100 1000 1010
43,9,000 0010 1 100 1010
43,10,000 1 10 100
43,11,00 1 10
43,12,0 1
44,0,000000 000001 000010 000100 000101 001000 001001 001010 10000 100000 100001 10001 100010 10010 100100 100101 10100 101000 101001 10101 101010
44,1,000000 000010 000100 001000 001010 1 10000 100000 100010 10010 100100 10100 101000 101010
44,2,000000 00010 000100 001000 001010 1 10000 100000 10010 100100 10100 101000 101010
44,3,000000 00010 000100 001000 1 10000 100000 10010 100100 1010 10100 101000
44,4,000000 00010 00100 001000 1 10000 100000 10010 1010 10100 101000
44,5,000000 00010 001000 1 100 10000 100000 10010 1010 101000
44,6,000000 0010 001000 1 100 10000 100000 1010 101000
44,7,000000 0010 1 100 1000 10000 100000 1010
44,8,000 0010 1 100 1010
44,9,000 1 10 100
44,10,00 1 10
44,11,0 1
45,0,000000 000001 000010 000100 000101 001000 001001 001010 10000 100000 100001 10001 100010 10010 100100 100101 10100 101000 101001 10101 101010
45,1,000000 000010 000100 001000 001010 1 10000 100000 100010 10010 100100 10100 101000 101010
45,2,000000 000010 00100 001000 001010 1 10000 100000 100010 10010 10100 101000 101010
45,3,000000 00010 00100 001000 001010 1 10000 100000 10010 10100 101000 101010
45,4,000000 00010 00100 001000 1 10000 100000 10010 1010 10100 101000
45,5,000000 00100 001000 1 10 10000 100000 10100 101000
45,6,000000 001000 1 10 100 10000 100000 101000
45,7,000000 1 10 100 1000 10000 100000
45,8,000 1 10 100
45,9,00 1 10
45,10,0 1
46,0,000000 000001 000010 000100 000101 001000 001001 001010 10000 100000 100001 10001 100010 10010 100100 100101 10100 101000 101001 10101 101010
46,1,000000 000010 000100 001000 001010 1 10000 100000 100010 10010 100100 10100 101000 101010
46,2,00000 000010 000100 001000 001010 1 10000 100010 10010 100100 10100 101000 101010
46,3,00000 000010 000100 001010 1 1000 10000 100010 10010 100100 10100 101010
46,4,00000 000010 000100 1 1000 10000 100010 10010 100100 1010 10100
46,5,0000 000010 000100 1 1000 100010 10010 100100 1010 10100
46,6,000 000010 000100 1 100010 10010 100100 1010 10100
46,7,000 000010 00100 1 100010 10010 1010 10100
46,8,000 000010 1 100 100010 10010 1010
46,9,000 1 10 100
46,10,00 1 10
46,11,0 1
47,0,000000 000001 000010 000100 000101 001000 001001 001010 10000 100000 100001 10001 100010 10010 100100 100101 10100 101000 101001 10101 101010
47,1,000000 000010 000100 001000 001010 1 10000 100000 100010 10010 100100 10100 101000 101010
47,2,000000 00010 000100 001000 001010 1 10000 100000 10010 100100 10100 101000 101010
47,3,000000 00010 000100 001010 1 1000 10000 100000 10010 100100 10100 101010
47,4,000 00010 000100 001010 1 10010 100100 10100 101010
47,5,000 000100 0010 001010 1 100100 10100 101010
47,6,000 000100 1 10 100100 10100
47,7,000 1 10 100
47,8,00 1 10
47,9,0 1
48,0,000000 000001 000010 000100 000101 001000 001001 001010 10000 100000 100001 10001 100010 10010 100100 100101 10100 101000 101001 10101 101010
48,1,000000 000010 000100 001000 001010 1 10000 100000 100010 10010 100100 10100 101000 101010
48,2,000000 00010 000100 001000 001010 1 10000 100000 10010 100100 10100 101000 101010
48,3,000000 000100 0010 001000 001010 1 10000 100000 100100 10100 101000 101010
48,4,000000 000100 0010 001010 1 1000 10000 100000 100100 10100 101010
48,5,000000 0010 001010 1 100 1000 10000 100000 101010
48,6,000000 1 10 100 1000 10000 100000
48,7,000 1 10 100
48,8,00 1 10
48,9,0 1
49,0,000000 000001 000010 000100 000101 001000 001001 001010 10000 100000 100001 10001 100010 10010 100100 100101 10100 101000 101001 10101 101010
49,1,000000 000010 000100 001000 001010 1 10000 100000 100010 10010 100100 10100 101000 101010
49,2,000000 000100 0010 001000 001010 1 10000 100000 100100 10100 101000 101010
49,3,000000 000100 0010 001000 1 10000 100000 100100 1010 10100 101000
49,4,000000 000100 001000 1 10 10000 100000 100100 10100 101000
49,5,0000 000100 001000 1 10 100100 10100 101000
49,6,0000 001000 1 10 100 101000
49,7,000 1 10 100
49,8,00 1 10
49,9,0 1
50,0,000000 000001 000010 000100 000101 001000 001001 001010 10000 100000 100001 10001 100010 10010 100100 100101 10100 101000 101001 10101 101010
50,1,000000 000010 00100 001000 001010 1 10000 100000 100010 10010 10100 101000 101010
50,2,000000 000010 00100 001010 1 1000 10000 100000 100010 10010 10100 101010
50,3,00000 000010 00100 001010 1 1000 10000 100010 10010 10100 101010
50,4,00000 000010 001010 1 100 1000 10000 100010 10010 101010
50,5,000 000010 001010 1 100 100010 10010 101010
50,6,000 000010 1 100 100010 10010 1010
50,7,000 1 10 100
50,8,00 1 10
50,9,0 1
51,0,000000 000001 000010 000100 000101 001000 001001 001010 10000 100000 100001 10001 100010 10010 100100 100101 10100 101000 101001 10101 101010
51,1,000000 000010 000100 001000 001010 1 10000 100000 100010 10010 100100 10100 101000 101010
51,2,000000 000010 000100 001010 1 1000 10000 100000 100010 10010 100100 10100 101010
51,3,000000 000010 000100 1 1000 10000 100000 100010 10010 100100 1010 10100
51,4,000000 000100 0010 1 1000 10000 100000 100100 1010 10100
51,5,000000 0010 00100 1 1000 10000 100000 1010 10100
51,6,000000 00100 1 10 1000 10000 100000 10100
51,7,000000 1 10 100 1000 10000 100000
51,8,000 1 10 100
51,9,00 1 10
51,10,0 1
52,0,000000 000001 000010 000100 000101 001000 001001 001010 10000 100000 100001 10001 100010 10010 100100 100101 10100 101000 101001 10101 101010
52,1,000000 000010 000100 001000 001010 1 10000 100000 100010 10010 100100 10100 101000 101010
52,2,000000 000010 00100 001000 001010 1 10000 100000 100010 10010 10100 101000 101010
52,3,000000 000010 001000 001010 1 100 10000 100000 100010 10010 101000 101010
52,4,00000 000010 001000 001010 1 100 10000 100010 10010 101000 101010
52,5,00000 00010 001000 001010 1 100 10000 10010 101000 101010
52,6,0000 00010 001000 001010 1 100 10010 101000 101010
52,7,000 00010 001010 1 100 10010 101010
52,8,000 00010 1 100 10010 1010
52,9,000 0010 1 100 1010
52,10,000 1 10 100
52,11,00 1 10
52,12,0 1
53,0,000000 000001 000010 000100 000101 001000 001001 001010 10000 100000 100001 10001 100010 10010 100100 100101 10100 101000 101001 10101 101010
53,1,000000 000010 000100 001000 001010 1 10000 100000 100010 10010 100100 10100 101000 101010
53,2,000000 000010 000100 001000 1 10000 100000 100010 10010 100100 1010 10100 101000
53,3,000000 000010 000100 1 1000 10000 100000 100010 10010 100100 1010 10100
53,4,000000 000010 1 100 1000 10000 100000 100010 10010 1010
53,5,0000 000010 1 100 1000 100010 10010 1010
53,6,00 000010 1 100010 10010 1010
53,7,00 1 10
53,8,0 1
54,0,000000 000001 000010 000100 000101 001000 001001 001010 10000 100000 100001 10001 100010 10010 100100 100101 10100 101000 101001 10101 101010
54,1,00000 000010 000100 001000 001010 1 10000 100010 10010 100100 10100 101000 101010
54,2,0000 000010 000100 001000 001010 1 100010 10010 100100 10100 101000 101010
54,3,0000 000010 000100 001000 1 100010 10010 100100 1010 10100 101000
54,4,0000 000010 00100 001000 1 100010 10010 1010 10100 101000
54,5,0000 00010 00100 001000 1 10010 1010 10100 101000
54,6,000 00010 00100 1 10010 1010 10100
54,7,000 00010 1 100 10010 1010
54,8,000 1 10 100
54,9,00 1 10
54,10,0 1
55,0,000000 000001 000010 000100 000101 001000 001001 001010 10000 100000 100001 10001 100010 10010 100100 100101 10100 101000 101001 10101 101010
55,1,000000 000010 000100 001000 001010 1 10000 100000 100010 10010 100100 10100 101000 101010
55,2,000000 000010 000100 001000 1 10000 100000 100010 10010 100100 1010 10100 101000
55,3,000000 000010 001000 1 100 10000 100000 100010 10010 1010 101000
55,4,00000 000010 001000 1 100 10000 100010 10010 1010 101000
55,5,00000 0010 001000 1 100 10000 1010 101000
55,6,00000 0010 1 100 1000 10000 1010
55,7,00000 1 10 100 1000 10000
55,8,000 1 10 100
55,9,00 1 10
55,10,0 1
56,0,000000 000001 000010 000100 000101 001000 001001 001010 10000 100000 100001 10001 100010 10010 100100 100101 10100 101000 101001 10101 101010
56,1,000000 000010 000100 001000 001010 1 10000 100000 100010 10010 100100 10100 101000 101010
56,2,000000 000010 000100 001000 1 10000 100000 100010 10010 100100 1010 10100 101000
56,3,000000 000100 0010 001000 1 10000 100000 100100 1010 10100 101000
56,4,00000 000100 0010 001000 1 10000 100100 1010 10100 101000
56,5,00000 000100 001000 1 10 10000 100100 10100 101000
56,6,00000 001000 1 10 100 10000 101000
56,7,00000 1 10 100 1000 10000
56,8,000 1 10 100
56,9,00 1 10
56,10,0 1
57,0,000000 000001 000010 000100 000101 001000 001001 001010 10000 100000 100001 10001 100010 10010 100100 100101 10100 101000 101001 10101 101010
57,1,000000 000010 000100 001000 001010 1 10000 100000 100010 10010 100100 10100 101000 101010
57,2,000000 000010 000100 001000 1 10000 100000 100010 10010 100100 1010 10100 101000
57,3,000000 000010 001000 1 100 10000 100000 100010 10010 1010 101000
57,4,000000 001000 1 10 100 10000 100000 101000
57,5,0000 001000 1 10 100 101000
57,6,000 1 10 100
57,7,00 1 10
57,8,0 1
58,0,000000 000001 000010 000100 000101 001000 001001 001010 10000 100000 100001 10001 100010 10010 100100 100101 10100 101000 101001 10101 101010
58,1,000000 000010 000100 001000 001010 1 10000 100000 100010 10010 100100 10100 101000 101010
58,2,00000 000010 000100 001000 001010 1 10000 100010 10010 100100 10100 101000 101010
58,3,00000 000010 000100 001010 1 1000 10000 100010 10010 100100 10100 101010
58,4,00000 000010 000100 1 1000 10000 100010 10010 100100 1010 10100
58,5,00000 000100 0010 1 1000 10000 100100 1010 10100
58,6,00000 0010 00100 1 1000 10000 1010 10100
58,7,00000 0010 1 100 1000 10000 1010
58,8,00000 1 10 100 1000 10000
58,9,000 1 10 100
58,10,00 1 10
58,11,0 1
59,0,000000 000001 000010 000100 000101 001000 001001 001010 10000 100000 100001 10001 100010 10010 100100 100101 10100 101000 101001 10101 101010
59,1,000000 000010 000100 001000 001010 1 10000 100000 100010 10010 100100 10100 101000 101010
59,2,00000 000010 000100 001000 001010 1 10000 100010 10010 100100 10100 101000 101010
59,3,00000 000010 000100 001000 1 10000 100010 10010 100100 1010 10100 101000
59,4,00000 000100 0010 001000 1 10000 100100 1010 10100 101000
59,5,00000 000100 001000 1 10 10000 100100 10100 101000
59,6,00000 00100 001000 1 10 10000 10100 101000
59,7,00000 00100 1 10 1000 10000 10100
59,8,000 00100 1 10 10100
59,9,000 1 10 100
59,10,00 1 10
59,11,0 1
60,0,000000 000001 000010 000100 000101 001000 001001 001010 10000 100000 100001 10001 100010 10010 100100 100101 10100 101000 101001 10101 101010
60,1,000000 000010 000100 001000 001010 1 10000 100000 100010 10010 100100 10100 101000 101010
60,2,00000 000010 000100 001000 001010 1 10000 100010 10010 100100 10100 101000 101010
60,3,00000 000010 00100 001000 001010 1 10000 100010 10010 10100 101000 101010
60,4,00000 00010 00100 001000 001010 1 10000 10010 10100 101000 101010
60,5,00000 00010 00100 001010 1 1000 10000 10010 10100 101010
60,6,00000 0010 00100 001010 1 1000 10000 10100 101010
60,7,000 0010 00100 001010 1 10100 101010
60,8,000 0010 001010 1 100 101010
60,9,00 0010 001010 1 101010
60,10,00 1 10
60,11,0 1
61,0,000000 000001 000010 000100 000101 001000 001001 001010 10000 100000 100001 10001 100010 10010 100100 100101 10100 101000 101001 10101 101010
61,1,000000 000010 000100 001000 001010 1 10000 100000 100010 10010 100100 10100 101000 101010
61,2,00000 000010 000100 001000 001010 1 10000 100010 10010 100100 10100 101000 101010
61,3,00000 000010 000100 001010 1 1000 10000 100010 10010 100100 10100 101010
61,4,00000 000010 00100 001010 1 1000 10000 100010 10010 10100 101010
61,5,000 000010 00100 001010 1 100010 10010 10100 101010
61,6,000 00010 00100 001010 1 10010 10100 101010
61,7,000 00010 001010 1 100 10010 101010
61,8,000 00010 1 100 10010 1010
61,9,000 1 10 100
61,10,00 1 10
61,11,0 1
62,0,000000 000001 000010 000100 000101 001000 001001 001010 10000 100000 100001 10001 100010 10010 100100 100101 10100 101000 101001 10101 101010
62,1,000000 000010 000100 001000 001010 1 10000 100000 100010 10010 100100 10100 101000 101010
62,2,000000 000010 000100 001010 1 1000 10000 100000 100010 10010 100100 10100 101010
62,3,000000 000010 000100 1 1000 10000 100000 100010 10010 100100 1010 10100
62,4,000000 000010 1 100 1000 10000 100000 100010 10010 1010
62,5,000000 1 10 100 1000 10000 100000
62,6,000 1 10 100
62,7,00 1 10
62,8,0 1
63,0,000000 000001 000010 000100 000101 001000 001001 001010 10000 100000 100001 10001 100010 10010 100100 100101 10100 101000 101001 10101 101010
63,1,00000 000010 000100 001000 001010 1 10000 100010 10010 100100 10100 101000 101010
63,2,0000 000010 000100 001000 001010 1 100010 10010 100100 10100 101000 101010
63,3,0000 00010 000100 001000 001010 1 10010 100100 10100 101000 101010
63,4,0000 00010 000100 001010 1 1000 10010 100100 10100 101010
63,5,0000 000100 0010 001010 1 1000 100100 10100 101010
63,6,0000 0010 001010 1 100 1000 101010
63,7,000 0010 001010 1 100 101010
63,8,000 1 10 100
63,9,00 1 10
63,10,0 1
64,0,000000 000001 000010 000100 000101 001000 001001 001010 10000 100000 100001 10001 100010 10010 100100 100101 10100 101000 101001 10101 101010
64,1,000000 000010 000100 001000 001010 1 10000 100000 100010 10010 100100 10100 101000 101010
64,2,000000 00010 000100 001000 001010 1 10000 100000 10010 100100 10100 101000 101010
64,3,000000 000100 0010 001000 001010 1 10000 100000 100100 10100 101000 101010
64,4,0000 000100 0010 001000 001010 1 100100 10100 101000 101010
64,5,0000 000100 001000 1 10 100100 10100 101000
64,6,0000 001000 1 10 100 101000
64,7,000 1 10 100
64,8,00 1 10
64,9,0 1
65,0,000000 000001 000010 000100 000101 001000 001001 001010 10000 100000 100001 10001 100010 10010 100100 100101 10100 101000 101001 10101 101010
65,1,000000 000010 000100 001000 001010 1 10000 100000 100010 10010 100100 10100 101000 101010
65,2,000000 000010 000100 001010 1 1000 10000 100000 100010 10010 100100 10100 101010
65,3,000000 000010 000100 1 1000 10000 100000 100010 10010 100100 1010 10100
65,4,000000 00010 000100 1 1000 10000 100000 10010 100100 1010 10100
65,5,000000 00010 00100 1 1000 10000 100000 10010 1010 10100
65,6,000000 00010 1 100 1000 10000 100000 10010 1010
65,7,000000 0010 1 100 1000 10000 100000 1010
65,8,000 0010 1 100 1010
65,9,000 1 10 100
65,10,00 1 10
65,11,0 1
66,0,000000 000001 000010 000100 000101 001000 001001 001010 10000 100000 100001 10001 100010 10010 100100 100101 10100 101000 101001 10101 101010
66,1,000000 000010 000100 001000 001010 1 10000 100000 100010 10010 100100 10100 101000 101010
66,2,000000 000010 000100 001000 1 10000 100000 100010 10010 100100 1010 10100 101000
66,3,000000 000010 00100 001000 1 10000 100000 100010 10010 1010 10100 101000
66,4,000000 000010 00100 1 1000 10000 100000 100010 10010 1010 10100
66,5,000000 00010 00100 1 1000 10000 100000 10010 1010 10100
66,6,000000 00100 1 10 1000 10000 100000 10100
66,7,0000 00100 1 10 1000 10100
66,8,0000 1 10 100 1000
66,9,000 1 10 100
66,10,00 1 10
66,11,0 1
67,0,000000 000001 000010 000100 000101 001000 001001 001010 10000 100000 100001 10001 100010 10010 100100 100101 10100 101000 101001 10101 101010
67,1,000000 000010 000100 001000 001010 1 10000 100000 100010 10010 100100 10100 101000 101010
67,2,000000 000010 000100 001010 1 1000 10000 100000 100010 10010 100100 10100 101010
67,3,000000 000010 000100 1 1000 10000 100000 100010 10010 100100 1010 10100
67,4,000 000010 000100 1 100010 10010 100100 1010 10100
67,5,000 000100 1 10 100100 10100
67,6,000 1 10 100
67,7,00 1 10
67,8,0 1
68,0,000000 000001 000010 000100 000101 001000 001001 001010 10000 100000 100001 10001 100010 10010 100100 100101 10100 101000 101001 10101 101010
68,1,000000 000010 000100 001000 001010 1 10000 100000 100010 10010 100100 10100 101000 101010
68,2,000000 000010 000100 001010 1 1000 10000 100000 100010 10010 100100 10100 101010
68,3,00000 000010 000100 001010 1 1000 10000 100010 10010 100100 10100 101010
68,4,00000 000010 000100 1 1000 10000 100010 10010 100100 1010 10100
68,5,00000 000010 00100 1 1000 10000 100010 10010 1010 10100
68,6,00000 00100 1 10 1000 10000 10100
68,7,00000 1 10 100 1000 10000
68,8,000 1 10 100
68,9,00 1 10
68,10,0 1
69,0,000000 000001 000010 000100 000101 001000 001001 001010 10000 100000 100001 10001 100010 10010 100100 100101 10100 101000 101001 10101 101010
69,1,000000 000010 000100 001000 001010 1 10000 100000 100010 10010 100100 10100 101000 101010
69,2,00000 000010 000100 001000 001010 1 10000 100010 10010 100100 10100 101000 101010
69,3,00000 00010 000100 001000 001010 1 10000 10010 100100 10100 101000 101010
69,4,00000 00010 000100 001000 1 10000 10010 100100 1010 10100 101000
69,5,00000 00010 000100 1 1000 10000 10010 100100 1010 10100
69,6,00000 000100 1 10 1000 10000 100100 10100
69,7,000 000100 1 10 100100 10100
69,8,000 1 10 100
69,9,00 1 10
69,10,0 1
70,0,000000 000001 000010 000100 000101 001000 001001 001010 10000 100000 100001 10001 100010 10010 100100 100101 10100 101000 101001 10101 101010
70,1,000000 000010 000100 001000 001010 1 10000 100000 100010 10010 100100 10100 101000 101010
70,2,00000 000010 000100 001000 001010 1 10000 100010 10010 100100 10100 101000 101010
70,3,00000 000010 00100 001000 001010 1 10000 100010 10010 10100 101000 101010
70,4,00000 000010 00100 001000 1 10000 100010 10010 1010 10100 101000
70,5,00000 000010 001000 1 100 10000 100010 10010 1010 101000
70,6,0000 000010 001000 1 100 100010 10010 1010 101000
70,7,0000 00010 001000 1 100 10010 1010 101000
70,8,000 00010 1 100 10010 1010
70,9,000 1 10 100
70,10,00 1 10
70,11,0 1
71,0,000000 000001 000010 000100 000101 001000 001001 001010 10000 100000 100001 10001 100010 10010 100100 100101 10100 101000 101001 10101 101010
71,1,000000 000010 000100 001000 001010 1 10000 100000 100010 10010 100100 10100 101000 101010
71,2,000000 000010 00100 001000 001010 1 10000 100000 100010 10010 10100 101000 101010
71,3,000000 000010 00100 001010 1 1000 10000 100000 100010 10010 10100 101010
71,4,000000 000010 00100 1 1000 10000 100000 100010 10010 1010 10100
71,5,0000 000010 00100 1 1000 100010 10010 1010 10100
71,6,000 000010 00100 1 100010 10010 1010 10100
71,7,000 000010 1 100 100010 10010 1010
71,8,00 000010 1 100010 10010 1010
71,9,00 1 10
71,10,0 1
72,0,000000 000001 000010 000100 000101 001000 001001 001010 10000 100000 100001 10001 100010 10010 100100 100101 10100 101000 101001 10101 101010
72,1,000000 000010 000100 001000 001010 1 10000 100000 100010 10010 100100 10100 101000 101010
72,2,000000 00010 000100 001000 001010 1 10000 100000 10010 100100 10100 101000 101010
72,3,00000 00010 000100 001000 001010 1 10000 10010 100100 10100 101000 101010
72,4,00000 00010 000100 001000 1 10000 10010 100100 1010 10100 101000
72,5,00000 00010 001000 1 100 10000 10010 1010 101000
72,6,00000 001000 1 10 100 10000 101000
72,7,00000 1 10 100 1000 10000
72,8,000 1 10 100
72,9,00 1 10
72,10,0 1
73,0,000000 000001 000010 000100 000101 001000 001001 001010 10000 100000 100001 10001 100010 10010 100100 100101 10100 101000 101001 10101 101010
73,1,000000 000010 000100 001000 001010 1 10000 100000 100010 10010 100100 10100 101000 101010
73,2,000000 000010 00100 001000 001010 1 10000 100000 100010 10010 10100 101000 101010
73,3,000000 00010 00100 001000 001010 1 10000 100000 10010 10100 101000 101010
73,4,000000 00010 00100 001010 1 1000 10000 100000 10010 10100 101010
73,5,00000 00010 00100 001010 1 1000 10000 10010 10100 101010
73,6,0000 00010 00100 001010 1 1000 10010 10100 101010
73,7,0000 00010 00100 1 1000 10010 1010 10100
73,8,0000 00010 1 100 1000 10010 1010
73,9,0000 1 10 100 1000
73,10,000 1 10 100
73,11,00 1 10
73,12,0 1
74,0,000000 000001 000010 000100 000101 001000 001001 001010 10000 100000 100001 10001 100010 10010 100100 100101 10100 101000 101001 10101 101010
74,1,000000 000010 000100 001000 001010 1 10000 100000 100010 10010 100100 10100 101000 101010
74,2,000000 000010 001000 001010 1 100 10000 100000 100010 10010 101000 101010
74,3,0000 000010 001000 001010 1 100 100010 10010 101000 101010
74,4,0000 000010 001000 1 100 100010 10010 1010 101000
74,5,0000 001000 1 10 100 101000
74,6,000 1 10 100
74,7,00 1 10
74,8,0 1
75,0,000000 000001 000010 000100 000101 001000 001001 001010 10000 100000 100001 10001 100010 10010 100100 100101 10100 101000 101001 10101 101010
75,1,000000 000010 000100 001000 001010 1 10000 100000 100010 10010 100100 10100 101000 101010
75,2,00000 000010 000100 001000 001010 1 10000 100010 10010 100100 10100 101000 101010
75,3,00000 000010 000100 001000 1 10000 100010 10010 100100 1010 10100 101000
75,4,0000 000010 000100 001000 1 100010 10010 100100 1010 10100 101000
75,5,000 000010 000100 1 100010 10010 100100 1010 10100
75,6,000 00010 000100 1 10010 100100 1010 10100
75,7,000 00010 00100 1 10010 1010 10100
75,8,000 00010 1 100 10010 1010
75,9,000 1 10 100
75,10,00 1 10
75,11,0 1
76,0,000000 000001 000010 000100 000101 001000 001001 001010 10000 100000 100001 10001 100010 10010 100100 100101 10100 101000 101001 10101 101010
76,1,000000 000010 000100 001000 001010 1 10000 100000 100010 10010 100100 10100 101000 101010
76,2,00000 000010 000100 001000 001010 1 10000 100010 10010 100100 10100 101000 101010
76,3,00000 000010 000100 001010 1 1000 10000 100010 10010 100100 10100 101010
76,4,00000 00010 000100 001010 1 1000 10000 10010 100100 10100 101010
76,5,00000 00010 00100 001010 1 1000 10000 10010 10100 101010
76,6,0000 00010 00100 001010 1 1000 10010 10100 101010
76,7,000 00010 00100 001010 1 10010 10100 101010
76,8,000 00010 001010 1 100 10010 101010
76,9,000 00010 1 100 10010 1010
76,10,000 1 10 100
76,11,00 1 10
76,12,0 1
77,0,000000 000001 000010 000100 000101 001000 001001 001010 10000 100000 100001 10001 100010 10010 100100 100101 10100 101000 101001 10101 101010
77,1,000000 000010 000100 001000 001010 1 10000 100000 100010 10010 100100 10100 101000 101010
77,2,000000 000010 000100 001000 1 10000 100000 100010 10010 100100 1010 10100 101000
77,3,000000 000010 00100 001000 1 10000 100000 100010 10010 1010 10100 101000
77,4,000000 000010 001000 1 100 10000 100000 100010 10010 1010 101000
77,5,000000 000010 1 100 1000 10000 100000 100010 10010 1010
77,6,000000 1 10 100 1000 10000 100000
77,7,0000 1 10 100 1000
77,8,000 1 10 100
77,9,00 1 10
77,10,0 1
78,0,000000 000001 000010 000100 000101 001000 001001 001010 10000 100000 100001 10001 100010 10010 100100 100101 10100 101000 101001 10101 101010
78,1,000000 000010 000100 001000 001010 1 10000 100000 100010 10010 100100 10100 101000 101010
78,2,0000 000010 000100 001000 001010 1 100010 10010 100100 10100 101000 101010
78,3,0000 000010 000100 001010 1 1000 100010 10010 100100 10100 101010
78,4,0000 000100 0010 001010 1 1000 100100 10100 101010
78,5,0000 000100 1 10 1000 100100 10100
78,6,000 000100 1 10 100100 10100
78,7,000 1 10 100
78,8,00 1 10
78,9,0 1
79,0,000000 000001 000010 000100 000101 001000 001001 001010 10000 100000 100001 10001 100010 10010 100100 100101 10100 101000 101001 10101 101010
79,1,000000 000010 000100 001000 001010 1 10000 100000 100010 10010 100100 10100 101000 101010
79,2,000000 000010 001000 001010 1 100 10000 100000 100010 10010 101000 101010
79,3,000000 000010 001010 1 100 1000 10000 100000 100010 10010 101010
79,4,000000 000010 1 100 1000 10000 100000 100010 10010 1010
79,5,0000 000010 1 100 1000 100010 10010 1010
79,6,0000 00010 1 100 1000 10010 1010
79,7,0000 1 10 100 1000
79,8,000 1 10 100
79,9,00 1 10
79,10,0 1
80,0,000000 000001 000010 000100 000101 001000 001001 001010 10000 100000 100001 10001 100010 10010 100100 100101 10100 101000 101001 10101 101010
80,1,000000 000010 000100 001000 001010 1 10000 100000 100010 10010 100100 10100 101000 101010
80,2,000000 000010 000100 001000 1 10000 100000 100010 10010 100100 1010 10100 101000
80,3,000000 000010 00100 001000 1 10000 100000 100010 10010 1010 10100 101000
80,4,0000 000010 00100 001000 1 100010 10010 1010 10100 101000
80,5,0000 00100 001000 1 10 10100 101000
80,6,000 00100 1 10 10100
80,7,000 1 10 100
80,8,00 1 10
80,9,0 1
81,0,000000 000001 000010 000100 000101 001000 001001 001010 10000 100000 100001 10001 100010 10010 100100 100101 10100 101000 101001 10101 101010
81,1,000000 000010 000100 001000 001010 1 10000 100000 100010 10010 100100 10100 101000 101010
81,2,000000 000010 000100 001000 1 10000 100000 100010 10010 100100 1010 10100 101000
81,3,000000 00010 000100 001000 1 10000 100000 10010 100100 1010 10100 101000
81,4,000000 000100 001000 1 10 10000 100000 100100 10100 101000
81,5,000000 000100 1 10 1000 10000 100000 100100 10100
81,6,00000 000100 1 10 1000 10000 100100 10100
81,7,00000 1 10 100 1000 10000
81,8,00 1 10
81,9,0 1
82,0,000000 000001 000010 000100 000101 001000 001001 001010 10000 100000 100001 10001 100010 10010 100100 100101 10100 101000 101001 10101 101010
82,1,000000 000010 000100 001000 001010 1 10000 100000 100010 10010 100100 10100 101000 101010
82,2,00000 000010 000100 001000 001010 1 10000 100010 10010 100100 10100 101000 101010
82,3,00000 00010 000100 001000 001010 1 10000 10010 100100 10100 101000 101010
82,4,00000 00010 000100 001000 1 10000 10010 100100 1010 10100 101000
82,5,00000 00010 00100 001000 1 10000 10010 1010 10100 101000
82,6,00000 00100 001000 1 10 10000 10100 101000
82,7,00000 001000 1 10 100 10000 101000
82,8,0000 001000 1 10 100 101000
82,9,000 1 10 100
82,10,00 1 10
82,11,0 1
83,0,000000 000001 000010 000100 000101 001000 001001 001010 10000 100000 100001 10001 100010 10010 100100 100101 10100 101000 101001 10101 101010
83,1,000000 000010 000100 001000 001010 1 10000 100000 100010 10010 100100 10100 101000 101010
83,2,000000 000010 000100 001000 1 10000 100000 100010 10010 100100 1010 10100 101000
83,3,000000 000010 00100 001000 1 10000 100000 100010 10010 1010 10100 101000
83,4,000000 000010 00100 1 1000 10000 100000 100010 10010 1010 10100
83,5,00000 000010 00100 1 1000 10000 100010 10010 1010 10100
83,6,00000 000010 1 100 1000 10000 100010 10010 1010
83,7,00000 1 10 100 1000 10000
83,8,000 1 10 100
83,9,00 1 10
83,10,0 1
84,0,000000 000001 000010 000100 000101 001000 001001 001010 10000 100000 100001 10001 100010 10010 100100 100101 10100 101000 101001 10101 101010
84,1,000000 000010 000100 001000 001010 1 10000 100000 100010 10010 100100 10100 101000 101010
84,2,000000 000010 000100 001010 1 1000 10000 100000 100010 10010 100100 10100 101010
84,3,00000 000010 000100 001010 1 1000 10000 100010 10010 100100 10100 101010
84,4,00000 000010 00100 001010 1 1000 10000 100010 10010 10100 101010
84,5,00000 000010 00100 1 1000 10000 100010 10010 1010 10100
84,6,00000 00010 00100 1 1000 10000 10010 1010 10100
84,7,000 00010 00100 1 10010 1010 10100
84,8,000 00010 1 100 10010 1010
84,9,000 1 10 100
84,10,00 1 10
84,11,0 1
85,0,000000 000001 000010 000100 000101 001000 001001 001010 10000 100000 100001 10001 100010 10010 100100 100101 10100 101000 101001 10101 101010
85,1,000000 000010 000100 001000 001010 1 10000 100000 100010 10010 100100 10100 101000 101010
85,2,000000 000010 000100 001010 1 1000 10000 100000 100010 10010 100100 10100 101010
85,3,000000 000100 0010 001010 1 1000 10000 100000 100100 10100 101010
85,4,000000 000100 1 10 1000 10000 100000 100100 10100
85,5,000000 1 10 100 1000 10000 100000
85,6,000 1 10 100
85,7,00 1 10
85,8,0 1
86,0,000000 000001 000010 000100 000101 001000 001001 001010 10000 100000 100001 10001 100010 10010 100100 100101 10100 101000 101001 10101 101010
86,1,000000 000010 000100 001000 001010 1 10000 100000 100010 10010 100100 10100 101000 101010
86,2,00000 000010 000100 001000 001010 1 10000 100010 10010 100100 10100 101000 101010
86,3,00000 000010 000100 001000 1 10000 100010 10010 100100 1010 10100 101000
86,4,00000 000010 001000 1 100 10000 100010 10010 1010 101000
86,5,00000 00010 001000 1 100 10000 10010 1010 101000
86,6,0000 00010 001000 1 100 10010 1010 101000
86,7,0000 0010 001000 1 100 1010 101000
86,8,000 0010 1 100 1010
86,9,000 1 10 100
86,10,00 1 10
86,11,0 1
87,0,000000 000001 000010 000100 000101 001000 001001 001010 10000 100000 100001 10001 100010 10010 100100 100101 10100 101000 101001 10101 101010
87,1,000000 000010 000100 001000 001010 1 10000 100000 100010 10010 100100 10100 101000 101010
87,2,000000 000010 000100 001010 1 1000 10000 100000 100010 10010 100100 10100 101010
87,3,00000 000010 000100 001010 1 1000 10000 100010 10010 100100 10100 101010
87,4,00000 000100 0010 001010 1 1000 10000 100100 10100 101010
87,5,00000 000100 1 10 1000 10000 100100 10100
87,6,00000 1 10 100 1000 10000
87,7,000 1 10 100
87,8,00 1 10
87,9,0 1
88,0,000000 000001 000010 000100 000101 001000 001001 001010 10000 100000 100001 10001 100010 10010 100100 100101 10100 101000 101001 10101 101010
88,1,000000 000010 000100 001000 001010 1 10000 100000 100010 10010 100100 10100 101000 101010
88,2,000000 000010 000100 001010 1 1000 10000 100000 100010 10010 100100 10100 101010
88,3,000000 000010 00100 001010 1 1000 10000 100000 100010 10010 10100 101010
88,4,00000 000010 00100 001010 1 1000 10000 100010 10010 10100 101010
88,5,00000 0010 00100 001010 1 1000 10000 10100 101010
88,6,00000 00100 1 10 1000 10000 10100
88,7,00000 1 10 100 1000 10000
88,8,000 1 10 100
88,9,00 1 10
88,10,0 1
89,0,000000 000001 000010 000100 000101 001000 001001 001010 10000 100000 100001 10001 100010 10010 100100 100101 10100 101000 101001 10101 101010
89,1,000000 000010 000100 001000 001010 1 10000 100000 100010 10010 100100 10100 101000 101010
89,2,000000 000010 000100 001000 1 10000 100000 100010 10010 100100 1010 10100 101000
89,3,000000 00010 000100 001000 1 10000 100000 10010 100100 1010 10100 101000
89,4,000000 00010 000100 1 1000 10000 100000 10010 100100 1010 10100
89,5,000000 000100 1 10 1000 10000 100000 100100 10100
89,6,000000 1 10 100 1000 10000 100000
89,7,000 1 10 100
89,8,00 1 10
89,9,0 1
90,0,000000 000001 000010 000100 000101 001000 001001 001010 10000 100000 100001 10001 100010 10010 100100 100101 10100 101000 101001 10101 101010
90,1,000000 000010 000100 001000 001010 1 10000 100000 100010 10010 100100 10100 101000 101010
90,2,000000 000010 000100 001010 1 1000 10000 100000 100010 10010 100100 10100 101010
90,3,000000 000010 00100 001010 1 1000 10000 100000 100010 10010 10100 101010
90,4,000000 000010 00100 1 1000 10000 100000 100010 10010 1010 10100
90,5,000000 000010 1 100 1000 10000 100000 100010 10010 1010
90,6,000 000010 1 100 100010 10010 1010
90,7,000 1 10 100
90,8,00 1 10
90,9,0 1
91,0,000000 000001 000010 000100 000101 001000 001001 001010 10000 100000 100001 10001 100010 10010 100100 100101 10100 101000 101001 10101 101010
91,1,000000 000010 000100 001000 001010 1 10000 100000 100010 10010 100100 10100 101000 101010
91,2,000000 00010 000100 001000 001010 1 10000 100000 10010 100100 10100 101000 101010
91,3,000000 00010 000100 001000 1 10000 100000 10010 100100 1010 10100 101000
91,4,000000 000100 0010 001000 1 10000 100000 100100 1010 10100 101000
91,5,000000 000100 0010 1 1000 10000 100000 100100 1010 10100
91,6,000 000100 0010 1 100100 1010 10100
91,7,000 000100 1 10 100100 10100
91,8,00 1 10
91,9,0 1
92,0,000000 000001 000010 000100 000101 001000 001001 001010 10000 100000 100001 10001 100010 10010 100100 100101 10100 101000 101001 10101 101010
92,1,000000 000010 000100 001000 001010 1 10000 100000 100010 10010 100100 10100 101000 101010
92,2,000000 000010 000100 001000 1 10000 100000 100010 10010 100100 1010 10100 101000
92,3,000000 000010 00100 001000 1 10000 100000 100010 10010 1010 10100 101000
92,4,000000 000010 001000 1 100 10000 100000 100010 10010 1010 101000
92,5,000000 001000 1 10 100 10000 100000 101000
92,6,000000 1 10 100 1000 10000 100000
92,7,00 1 10
92,8,0 1
93,0,000000 000001 000010 000100 000101 001000 001001 001010 10000 100000 100001 10001 100010 10010 100100 100101 10100 101000 101001 10101 101010
93,1,000000 000010 000100 001000 001010 1 10000 100000 100010 10010 100100 10100 101000 101010
93,2,000000 000010 000100 001010 1 1000 10000 100000 100010 10010 100100 10100 101010
93,3,00000 000010 000100 001010 1 1000 10000 100010 10010 100100 10100 101010
93,4,00000 000010 00100 001010 1 1000 10000 100010 10010 10100 101010
93,5,00000 000010 00100 1 1000 10000 100010 10010 1010 10100
93,6,00000 00100 1 10 1000 10000 10100
93,7,000 00100 1 10 10100
93,8,000 1 10 100
93,9,00 1 10
93,10,0 1
94,0,000000 000001 000010 000100 000101 001000 001001 001010 10000 100000 100001 10001 100010 10010 100100 100101 10100 101000 101001 10101 101010
94,1,000000 000010 000100 001000 001010 1 10000 100000 100010 10010 100100 10100 101000 101010
94,2,000000 00010 000100 001000 001010 1 10000 100000 10010 100100 10100 101000 101010
94,3,000000 00010 000100 001010 1 1000 10000 100000 10010 100100 10100 101010
94,4,000000 00010 00100 001010 1 1000 10000 100000 10010 10100 101010
94,5,000000 00010 00100 1 1000 10000 100000 10010 1010 10100
94,6,000 00010 00100 1 10010 1010 10100
94,7,000 00010 1 100 10010 1010
94,8,000 1 10 100
94,9,00 1 10
94,10,0 1
95,0,000000 000001 000010 000100 000101 001000 001001 001010 10000 100000 100001 10001 100010 10010 100100 100101 10100 101000 101001 10101 101010
95,1,000000 000010 000100 001000 001010 1 10000 100000 100010 10010 100100 10100 101000 101010
95,2,00000 000010 000100 001000 001010 1 10000 100010 10010 100100 10100 101000 101010
95,3,00000 000010 000100 001010 1 1000 10000 100010 10010 100100 10100 101010
95,4,00000 000010 000100 1 1000 10000 100010 10010 100100 1010 10100
95,5,00000 000100 1 10 1000 10000 100100 10100
95,6,00000 00100 1 10 1000 10000 10100
95,7,00000 1 10 100 1000 10000
95,8,000 1 10 100
95,9,00 1 10
95,10,0 1
96,0,000000 000001 000010 000100 000101 001000 001001 001010 10000 100000 100001 10001 100010 10010 100100 100101 10100 101000 101001 10101 101010
96,1,000000 000010 000100 001000 001010 1 10000 100000 100010 10010 100100 10100 101000 101010
96,2,000000 000010 00100 001000 001010 1 10000 100000 100010 10010 10100 101000 101010
96,3,000000 000010 00100 001000 1 10000 100000 100010 10010 1010 10100 101000
96,4,000000 000010 001000 1 100 10000 100000 100010 10010 1010 101000
96,5,000000 001000 1 10 100 10000 100000 101000
96,6,000000 1 10 100 1000 10000 100000
96,7,000 1 10 100
96,8,00 1 10
96,9,0 1
97,0,000000 000001 000010 000100 000101 001000 001001 001010 10000 100000 100001 10001 100010 10010 100100 100101 10100 101000 101001 10101 101010
97,1,000000 000010 000100 001000 001010 1 10000 100000 100010 10010 100100 10100 101000 101010
97,2,000000 000010 00100 001000 001010 1 10000 100000 100010 10010 10100 101000 101010
97,3,000000 000010 00100 001010 1 1000 10000 100000 100010 10010 10100 101010
97,4,000000 000010 00100 1 1000 10000 100000 100010 10010 1010 10100
97,5,000000 00100 1 10 1000 10000 100000 10100
97,6,00000 00100 1 10 1000 10000 10100
97,7,0000 00100 1 10 1000 10100
97,8,000 00100 1 10 10100
97,9,000 1 10 100
97,10,00 1 10
97,11,0 1
98,0,000000 000001 000010 000100 000101 001000 001001 001010 10000 100000 100001 10001 100010 10010 100100 100101 10100 101000 101001 10101 101010
98,1,000000 000010 000100 001000 001010 1 10000 100000 100010 10010 100100 10100 101000 101010
98,2,000000 00010 000100 001000 001010 1 10000 100000 10010 100100 10100 101000 101010
98,3,000000 00010 000100 001000 1 10000 100000 10010 100100 1010 10100 101000
98,4,000000 00010 000100 1 1000 10000 100000 10010 100100 1010 10100
98,5,000000 00010 1 100 1000 10000 100000 10010 1010
98,6,000000 1 10 100 1000 10000 100000
98,7,000 1 10 100
98,8,00 1 10
98,9,0 1
99,0,000000 000001 000010 000100 000101 001000 001001 001010 10000 100000 100001 10001 100010 10010 100100 100101 10100 101000 101001 10101 101010
99,1,000000 000010 000100 001000 001010 1 10000 100000 100010 10010 100100 10100 101000 101010
99,2,000000 000010 00100 001000 001010 1 10000 100000 100010 10010 10100 101000 101010
99,3,000000 00010 00100 001000 001010 1 10000 100000 10010 10100 101000 101010
99,4,000000 00010 001000 001010 1 100 10000 100000 10010 101000 101010
99,5,0000 00010 001000 001010 1 100 10010 101000 101010
99,6,0000 0010 001000 001010 1 100 101000 101010
99,7,0000 001000 1 10 100 101000
99,8,000 1 10 100
99,9,00 1 10
99,10,0 1
